{"nm":"Frame 53","ddd":0,"h":241.15,"w":147.18,"meta":{"g":"LottieFiles Figma v46"},"layers":[{"ty":0,"nm":"Alpaga","sr":1,"st":0,"op":121,"ip":0,"hd":false,"ddd":0,"bm":0,"hasMask":true,"ao":0,"ks":{"a":{"a":1,"k":[{"o":{"x":0,"y":0},"i":{"x":0.58,"y":1},"s":[73.59,120.57],"t":0},{"o":{"x":0,"y":0},"i":{"x":0.58,"y":1},"s":[73.59,120.57],"t":60},{"s":[73.59,120.57],"t":120}]},"s":{"a":1,"k":[{"o":{"x":0,"y":0},"i":{"x":0.58,"y":1},"s":[100,100],"t":0},{"o":{"x":0,"y":0},"i":{"x":0.58,"y":1},"s":[100,100],"t":60},{"s":[100,100],"t":120}]},"sk":{"a":0,"k":0},"p":{"a":1,"k":[{"o":{"x":0,"y":0},"i":{"x":0.58,"y":1},"s":[73.59,120.57],"t":0},{"o":{"x":0,"y":0},"i":{"x":0.58,"y":1},"s":[73.59,120.57],"t":60},{"s":[73.59,120.57],"t":120}]},"r":{"a":1,"k":[{"o":{"x":0,"y":0},"i":{"x":0.58,"y":1},"s":[0],"t":0},{"o":{"x":0,"y":0},"i":{"x":0.58,"y":1},"s":[0],"t":60},{"s":[0],"t":120}]},"sa":{"a":0,"k":0},"o":{"a":1,"k":[{"o":{"x":0,"y":0},"i":{"x":0.58,"y":1},"s":[100],"t":0},{"o":{"x":0,"y":0},"i":{"x":0.58,"y":1},"s":[100],"t":60},{"s":[100],"t":120}]}},"masksProperties":[{"nm":"","inv":false,"mode":"a","x":{"a":0,"k":0},"o":{"a":0,"k":100},"pt":{"a":1,"k":[{"o":{"x":0,"y":0},"i":{"x":0.58,"y":1},"s":[{"c":true,"i":[[0,0],[0,0],[0,0],[0,0]],"o":[[0,0],[0,0],[0,0],[0,0]],"v":[[0,0],[147.18,0],[147.18,241.15],[0,241.15]]}],"t":0},{"o":{"x":0,"y":0},"i":{"x":0.58,"y":1},"s":[{"c":true,"i":[[0,0],[0,0],[0,0],[0,0]],"o":[[0,0],[0,0],[0,0],[0,0]],"v":[[0,0],[147.18,0],[147.18,241.15],[0,241.15]]}],"t":60},{"s":[{"c":true,"i":[[0,0],[0,0],[0,0],[0,0]],"o":[[0,0],[0,0],[0,0],[0,0]],"v":[[0,0],[147.18,0],[147.18,241.15],[0,241.15]]}],"t":120}]}}],"w":147.18,"h":241.15,"refId":"1","ind":1}],"v":"5.7.0","fr":60,"op":120,"ip":0,"assets":[{"nm":"[Asset] Alpaga","id":"1","layers":[{"ty":4,"nm":"Vector","sr":1,"st":0,"op":121,"ip":0,"hd":false,"ddd":0,"bm":0,"hasMask":false,"ao":0,"ks":{"a":{"a":1,"k":[{"o":{"x":0,"y":0},"i":{"x":0.58,"y":1},"s":[2.74,2.74],"t":0},{"o":{"x":0,"y":0},"i":{"x":0.58,"y":1},"s":[3,0.5],"t":60},{"s":[2.74,2.74],"t":120}]},"s":{"a":1,"k":[{"o":{"x":0,"y":0},"i":{"x":0.58,"y":1},"s":[100,100],"t":0},{"o":{"x":0,"y":0},"i":{"x":0.58,"y":1},"s":[100,100],"t":60},{"s":[100,100],"t":120}]},"sk":{"a":0,"k":0},"p":{"a":1,"k":[{"o":{"x":0,"y":0},"i":{"x":0.58,"y":1},"s":[118.99,43.18],"t":0},{"o":{"x":0,"y":0},"i":{"x":0.58,"y":1},"s":[119,45.5],"t":60},{"s":[118.99,43.18],"t":120}]},"r":{"a":1,"k":[{"o":{"x":0,"y":0},"i":{"x":0.58,"y":1},"s":[0],"t":0},{"o":{"x":0,"y":0},"i":{"x":0.58,"y":1},"s":[0],"t":60},{"s":[0],"t":120}]},"sa":{"a":0,"k":0},"o":{"a":1,"k":[{"o":{"x":0,"y":0},"i":{"x":0.58,"y":1},"s":[100],"t":0},{"o":{"x":0,"y":0},"i":{"x":0.58,"y":1},"s":[100],"t":60},{"s":[100],"t":120}]}},"ef":[],"shapes":[{"ty":"sh","bm":0,"hd":false,"nm":"","d":1,"ks":{"a":1,"k":[{"o":{"x":0,"y":0},"i":{"x":0.58,"y":1},"s":[{"c":true,"i":[[0,0],[0,1.51],[1.51,0],[0,-1.51],[-1.51,0]],"o":[[1.51,0],[0,-1.51],[-1.51,0],[0,1.51],[0,0]],"v":[[2.74,5.48],[5.48,2.74],[2.74,0],[0,2.74],[2.74,5.48]]}],"t":0},{"o":{"x":0,"y":0},"i":{"x":0.58,"y":1},"s":[{"c":true,"i":[[0,0],[0,0.28],[1.66,0],[0,-0.28],[-1.66,0]],"o":[[1.66,0],[0,-0.28],[-1.66,0],[0,0.28],[0,0]],"v":[[3,1],[6,0.5],[3,0],[0,0.5],[3,1]]}],"t":60},{"s":[{"c":true,"i":[[0,0],[0,1.51],[1.51,0],[0,-1.51],[-1.51,0]],"o":[[1.51,0],[0,-1.51],[-1.51,0],[0,1.51],[0,0]],"v":[[2.74,5.48],[5.48,2.74],[2.74,0],[0,2.74],[2.74,5.48]]}],"t":120}]}},{"ty":"fl","bm":0,"hd":false,"nm":"","c":{"a":1,"k":[{"o":{"x":0,"y":0},"i":{"x":0.58,"y":1},"s":[1,0.9922,0.9961],"t":0},{"o":{"x":0,"y":0},"i":{"x":0.58,"y":1},"s":[1,0.9922,0.9961],"t":60},{"s":[1,0.9922,0.9961],"t":120}]},"r":1,"o":{"a":1,"k":[{"o":{"x":0,"y":0},"i":{"x":0.58,"y":1},"s":[100],"t":0},{"o":{"x":0,"y":0},"i":{"x":0.58,"y":1},"s":[100],"t":60},{"s":[100],"t":120}]}}],"ind":1},{"ty":4,"nm":"Vector","sr":1,"st":0,"op":121,"ip":0,"hd":false,"ddd":0,"bm":0,"hasMask":false,"ao":0,"ks":{"a":{"a":1,"k":[{"o":{"x":0,"y":0},"i":{"x":0.58,"y":1},"s":[8.77,15.83],"t":0},{"o":{"x":0,"y":0},"i":{"x":0.58,"y":1},"s":[8.77,15.83],"t":60},{"s":[8.77,15.83],"t":120}]},"s":{"a":1,"k":[{"o":{"x":0,"y":0},"i":{"x":0.58,"y":1},"s":[100,100],"t":0},{"o":{"x":0,"y":0},"i":{"x":0.58,"y":1},"s":[100,100],"t":60},{"s":[100,100],"t":120}]},"sk":{"a":0,"k":0},"p":{"a":1,"k":[{"o":{"x":0,"y":0},"i":{"x":0.58,"y":1},"s":[28.98,225.31],"t":0},{"o":{"x":0,"y":0},"i":{"x":0.58,"y":1},"s":[28.98,225.31],"t":60},{"s":[28.98,225.31],"t":120}]},"r":{"a":1,"k":[{"o":{"x":0,"y":0},"i":{"x":0.58,"y":1},"s":[0],"t":0},{"o":{"x":0,"y":0},"i":{"x":0.58,"y":1},"s":[0],"t":60},{"s":[0],"t":120}]},"sa":{"a":0,"k":0},"o":{"a":1,"k":[{"o":{"x":0,"y":0},"i":{"x":0.58,"y":1},"s":[100],"t":0},{"o":{"x":0,"y":0},"i":{"x":0.58,"y":1},"s":[100],"t":60},{"s":[100],"t":120}]}},"ef":[],"shapes":[{"ty":"sh","bm":0,"hd":false,"nm":"","d":1,"ks":{"a":1,"k":[{"o":{"x":0,"y":0},"i":{"x":0.58,"y":1},"s":[{"c":true,"i":[[0,0],[0,0],[0,0],[0,0],[0,0]],"o":[[0,0],[0,0],[0,0],[0,0],[0,0]],"v":[[17.54,0],[0,0],[0,31.67],[17.54,31.67],[17.54,0]]}],"t":0},{"o":{"x":0,"y":0},"i":{"x":0.58,"y":1},"s":[{"c":true,"i":[[0,0],[0,0],[0,0],[0,0],[0,0]],"o":[[0,0],[0,0],[0,0],[0,0],[0,0]],"v":[[17.54,0],[0,0],[0,31.67],[17.54,31.67],[17.54,0]]}],"t":60},{"s":[{"c":true,"i":[[0,0],[0,0],[0,0],[0,0],[0,0]],"o":[[0,0],[0,0],[0,0],[0,0],[0,0]],"v":[[17.54,0],[0,0],[0,31.67],[17.54,31.67],[17.54,0]]}],"t":120}]}},{"ty":"fl","bm":0,"hd":false,"nm":"","c":{"a":1,"k":[{"o":{"x":0,"y":0},"i":{"x":0.58,"y":1},"s":[0.6471,0.6431,0.6431],"t":0},{"o":{"x":0,"y":0},"i":{"x":0.58,"y":1},"s":[0.6471,0.6431,0.6431],"t":60},{"s":[0.6471,0.6431,0.6431],"t":120}]},"r":1,"o":{"a":1,"k":[{"o":{"x":0,"y":0},"i":{"x":0.58,"y":1},"s":[100],"t":0},{"o":{"x":0,"y":0},"i":{"x":0.58,"y":1},"s":[100],"t":60},{"s":[100],"t":120}]}}],"ind":2},{"ty":4,"nm":"Vector","sr":1,"st":0,"op":121,"ip":0,"hd":false,"ddd":0,"bm":0,"hasMask":false,"ao":0,"ks":{"a":{"a":1,"k":[{"o":{"x":0,"y":0},"i":{"x":0.58,"y":1},"s":[8.77,15.83],"t":0},{"o":{"x":0,"y":0},"i":{"x":0.58,"y":1},"s":[8.77,15.83],"t":60},{"s":[8.77,15.83],"t":120}]},"s":{"a":1,"k":[{"o":{"x":0,"y":0},"i":{"x":0.58,"y":1},"s":[100,100],"t":0},{"o":{"x":0,"y":0},"i":{"x":0.58,"y":1},"s":[100,100],"t":60},{"s":[100,100],"t":120}]},"sk":{"a":0,"k":0},"p":{"a":1,"k":[{"o":{"x":0,"y":0},"i":{"x":0.58,"y":1},"s":[108.77,225.31],"t":0},{"o":{"x":0,"y":0},"i":{"x":0.58,"y":1},"s":[108.77,225.31],"t":60},{"s":[108.77,225.31],"t":120}]},"r":{"a":1,"k":[{"o":{"x":0,"y":0},"i":{"x":0.58,"y":1},"s":[0],"t":0},{"o":{"x":0,"y":0},"i":{"x":0.58,"y":1},"s":[0],"t":60},{"s":[0],"t":120}]},"sa":{"a":0,"k":0},"o":{"a":1,"k":[{"o":{"x":0,"y":0},"i":{"x":0.58,"y":1},"s":[100],"t":0},{"o":{"x":0,"y":0},"i":{"x":0.58,"y":1},"s":[100],"t":60},{"s":[100],"t":120}]}},"ef":[],"shapes":[{"ty":"sh","bm":0,"hd":false,"nm":"","d":1,"ks":{"a":1,"k":[{"o":{"x":0,"y":0},"i":{"x":0.58,"y":1},"s":[{"c":true,"i":[[0,0],[0,0],[0,0],[0,0],[0,0]],"o":[[0,0],[0,0],[0,0],[0,0],[0,0]],"v":[[17.54,0],[0,0],[0,31.67],[17.54,31.67],[17.54,0]]}],"t":0},{"o":{"x":0,"y":0},"i":{"x":0.58,"y":1},"s":[{"c":true,"i":[[0,0],[0,0],[0,0],[0,0],[0,0]],"o":[[0,0],[0,0],[0,0],[0,0],[0,0]],"v":[[17.54,0],[0,0],[0,31.67],[17.54,31.67],[17.54,0]]}],"t":60},{"s":[{"c":true,"i":[[0,0],[0,0],[0,0],[0,0],[0,0]],"o":[[0,0],[0,0],[0,0],[0,0],[0,0]],"v":[[17.54,0],[0,0],[0,31.67],[17.54,31.67],[17.54,0]]}],"t":120}]}},{"ty":"fl","bm":0,"hd":false,"nm":"","c":{"a":1,"k":[{"o":{"x":0,"y":0},"i":{"x":0.58,"y":1},"s":[0.6471,0.6431,0.6431],"t":0},{"o":{"x":0,"y":0},"i":{"x":0.58,"y":1},"s":[0.6471,0.6431,0.6431],"t":60},{"s":[0.6471,0.6431,0.6431],"t":120}]},"r":1,"o":{"a":1,"k":[{"o":{"x":0,"y":0},"i":{"x":0.58,"y":1},"s":[100],"t":0},{"o":{"x":0,"y":0},"i":{"x":0.58,"y":1},"s":[100],"t":60},{"s":[100],"t":120}]}}],"ind":3},{"ty":4,"nm":"Vector","sr":1,"st":0,"op":121,"ip":0,"hd":false,"ddd":0,"bm":0,"hasMask":false,"ao":0,"ks":{"a":{"a":1,"k":[{"o":{"x":0,"y":0},"i":{"x":0.58,"y":1},"s":[5.38,12.52],"t":0},{"o":{"x":0,"y":0},"i":{"x":0.58,"y":1},"s":[5.38,12.52],"t":60},{"s":[5.38,12.52],"t":120}]},"s":{"a":1,"k":[{"o":{"x":0,"y":0},"i":{"x":0.58,"y":1},"s":[100,100],"t":0},{"o":{"x":0,"y":0},"i":{"x":0.58,"y":1},"s":[100,100],"t":60},{"s":[100,100],"t":120}]},"sk":{"a":0,"k":0},"p":{"a":1,"k":[{"o":{"x":0,"y":0},"i":{"x":0.58,"y":1},"s":[130.63,12.52],"t":0},{"o":{"x":0,"y":0},"i":{"x":0.58,"y":1},"s":[134.88,17.4],"t":60},{"s":[130.63,12.52],"t":120}]},"r":{"a":1,"k":[{"o":{"x":0,"y":0},"i":{"x":0.58,"y":1},"s":[0],"t":0},{"o":{"x":0,"y":0},"i":{"x":0.58,"y":1},"s":[47.73],"t":60},{"s":[0],"t":120}]},"sa":{"a":0,"k":0},"o":{"a":1,"k":[{"o":{"x":0,"y":0},"i":{"x":0.58,"y":1},"s":[100],"t":0},{"o":{"x":0,"y":0},"i":{"x":0.58,"y":1},"s":[100],"t":60},{"s":[100],"t":120}]}},"ef":[],"shapes":[{"ty":"sh","bm":0,"hd":false,"nm":"","d":1,"ks":{"a":1,"k":[{"o":{"x":0,"y":0},"i":{"x":0.58,"y":1},"s":[{"c":true,"i":[[0,0],[6.08,-0.91],[0,0],[0,-6.35]],"o":[[0,6.35],[0,0],[6.08,0.92],[0,0]],"v":[[10.76,12.52],[0,25.04],[0,0],[10.76,12.52]]}],"t":0},{"o":{"x":0,"y":0},"i":{"x":0.58,"y":1},"s":[{"c":true,"i":[[0,0],[6.08,-0.91],[0,0],[0,-6.35]],"o":[[0,6.35],[0,0],[6.08,0.92],[0,0]],"v":[[10.76,12.52],[0,25.04],[0,0],[10.76,12.52]]}],"t":60},{"s":[{"c":true,"i":[[0,0],[6.08,-0.91],[0,0],[0,-6.35]],"o":[[0,6.35],[0,0],[6.08,0.92],[0,0]],"v":[[10.76,12.52],[0,25.04],[0,0],[10.76,12.52]]}],"t":120}]}},{"ty":"fl","bm":0,"hd":false,"nm":"","c":{"a":1,"k":[{"o":{"x":0,"y":0},"i":{"x":0.58,"y":1},"s":[0.6471,0.6431,0.6431],"t":0},{"o":{"x":0,"y":0},"i":{"x":0.58,"y":1},"s":[0.6471,0.6431,0.6431],"t":60},{"s":[0.6471,0.6431,0.6431],"t":120}]},"r":1,"o":{"a":1,"k":[{"o":{"x":0,"y":0},"i":{"x":0.58,"y":1},"s":[100],"t":0},{"o":{"x":0,"y":0},"i":{"x":0.58,"y":1},"s":[100],"t":60},{"s":[100],"t":120}]}}],"ind":4},{"ty":4,"nm":"Vector","sr":1,"st":0,"op":121,"ip":0,"hd":false,"ddd":0,"bm":0,"hasMask":false,"ao":0,"ks":{"a":{"a":1,"k":[{"o":{"x":0,"y":0},"i":{"x":0.58,"y":1},"s":[5.38,12.52],"t":0},{"o":{"x":0,"y":0},"i":{"x":0.58,"y":1},"s":[5.38,12.52],"t":60},{"s":[5.38,12.52],"t":120}]},"s":{"a":1,"k":[{"o":{"x":0,"y":0},"i":{"x":0.58,"y":1},"s":[100,100],"t":0},{"o":{"x":0,"y":0},"i":{"x":0.58,"y":1},"s":[100,100],"t":60},{"s":[100,100],"t":120}]},"sk":{"a":0,"k":0},"p":{"a":1,"k":[{"o":{"x":0,"y":0},"i":{"x":0.58,"y":1},"s":[92.77,12.52],"t":0},{"o":{"x":0,"y":0},"i":{"x":0.58,"y":1},"s":[89.08,17.11],"t":60},{"s":[92.77,12.52],"t":120}]},"r":{"a":1,"k":[{"o":{"x":0,"y":0},"i":{"x":0.58,"y":1},"s":[0],"t":0},{"o":{"x":0,"y":0},"i":{"x":0.58,"y":1},"s":[-39.14],"t":60},{"s":[0],"t":120}]},"sa":{"a":0,"k":0},"o":{"a":1,"k":[{"o":{"x":0,"y":0},"i":{"x":0.58,"y":1},"s":[100],"t":0},{"o":{"x":0,"y":0},"i":{"x":0.58,"y":1},"s":[100],"t":60},{"s":[100],"t":120}]}},"ef":[],"shapes":[{"ty":"sh","bm":0,"hd":false,"nm":"","d":1,"ks":{"a":1,"k":[{"o":{"x":0,"y":0},"i":{"x":0.58,"y":1},"s":[{"c":true,"i":[[0,0],[0,0],[0,6.35],[-6.09,0.92]],"o":[[0,0],[-6.1,-0.92],[0,-6.35],[0,0]],"v":[[10.76,0],[10.76,25.05],[0,12.53],[10.76,0]]}],"t":0},{"o":{"x":0,"y":0},"i":{"x":0.58,"y":1},"s":[{"c":true,"i":[[0,0],[0,0],[0,6.35],[-6.09,0.92]],"o":[[0,0],[-6.1,-0.92],[0,-6.35],[0,0]],"v":[[10.76,0],[10.76,25.05],[0,12.53],[10.76,0]]}],"t":60},{"s":[{"c":true,"i":[[0,0],[0,0],[0,6.35],[-6.09,0.92]],"o":[[0,0],[-6.1,-0.92],[0,-6.35],[0,0]],"v":[[10.76,0],[10.76,25.05],[0,12.53],[10.76,0]]}],"t":120}]}},{"ty":"fl","bm":0,"hd":false,"nm":"","c":{"a":1,"k":[{"o":{"x":0,"y":0},"i":{"x":0.58,"y":1},"s":[0.6471,0.6431,0.6431],"t":0},{"o":{"x":0,"y":0},"i":{"x":0.58,"y":1},"s":[0.6471,0.6431,0.6431],"t":60},{"s":[0.6471,0.6431,0.6431],"t":120}]},"r":1,"o":{"a":1,"k":[{"o":{"x":0,"y":0},"i":{"x":0.58,"y":1},"s":[100],"t":0},{"o":{"x":0,"y":0},"i":{"x":0.58,"y":1},"s":[100],"t":60},{"s":[100],"t":120}]}}],"ind":5},{"ty":4,"nm":"Vector","sr":1,"st":0,"op":121,"ip":0,"hd":false,"ddd":0,"bm":0,"hasMask":false,"ao":0,"ks":{"a":{"a":1,"k":[{"o":{"x":0,"y":0},"i":{"x":0.58,"y":1},"s":[22.76,15.2],"t":0},{"o":{"x":0,"y":0},"i":{"x":0.58,"y":1},"s":[22.76,15.2],"t":60},{"s":[22.76,15.2],"t":120}]},"s":{"a":1,"k":[{"o":{"x":0,"y":0},"i":{"x":0.58,"y":1},"s":[100,100],"t":0},{"o":{"x":0,"y":0},"i":{"x":0.58,"y":1},"s":[100,100],"t":60},{"s":[100,100],"t":120}]},"sk":{"a":0,"k":0},"p":{"a":1,"k":[{"o":{"x":0,"y":0},"i":{"x":0.58,"y":1},"s":[111.38,25.95],"t":0},{"o":{"x":0,"y":0},"i":{"x":0.58,"y":1},"s":[111.38,25.95],"t":60},{"s":[111.38,25.95],"t":120}]},"r":{"a":1,"k":[{"o":{"x":0,"y":0},"i":{"x":0.58,"y":1},"s":[0],"t":0},{"o":{"x":0,"y":0},"i":{"x":0.58,"y":1},"s":[0],"t":60},{"s":[0],"t":120}]},"sa":{"a":0,"k":0},"o":{"a":1,"k":[{"o":{"x":0,"y":0},"i":{"x":0.58,"y":1},"s":[100],"t":0},{"o":{"x":0,"y":0},"i":{"x":0.58,"y":1},"s":[100],"t":60},{"s":[100],"t":120}]}},"ef":[],"shapes":[{"ty":"sh","bm":0,"hd":false,"nm":"","d":1,"ks":{"a":1,"k":[{"o":{"x":0,"y":0},"i":{"x":0.58,"y":1},"s":[{"c":true,"i":[[0,0],[1.38,-1.43],[2.25,0],[1.35,1.03],[4.15,0],[0,0],[1.96,2.63],[0.24,0.44],[1.81,0],[1.46,1.7],[0,1.97],[-2.2,1.41],[-1.59,0],[-0.16,-0.02],[-0.66,1.34],[-4.27,0],[0,0],[-1.2,-4.66],[-0.02,-0.78],[-0.2,0],[-1.33,-0.98],[0,-2.62],[0,0]],"o":[[0,2.13],[-1.44,1.51],[-1.82,0],[-1.81,3.43],[0,0],[-3.54,0],[-0.32,-0.4],[-1.33,1.02],[-2.42,0],[-1.19,-1.4],[0,-2.82],[1.24,-0.8],[0.16,0],[0.04,-1.59],[1.74,-3.61],[0,0],[5.03,0],[0.2,0.73],[0.2,-0.01],[1.78,0],[1.96,1.44],[0,0],[0,0]],"v":[[45.5,18.32],[43.28,23.83],[37.55,26.28],[32.7,24.64],[23.14,30.41],[22.25,30.41],[13.61,26.08],[12.78,24.81],[7.96,26.44],[1.91,23.66],[0,18.48],[3.66,11.78],[7.96,10.52],[8.44,10.54],[9.53,6.1],[19.25,0],[26.17,0],[36.62,8.1],[36.96,10.39],[37.56,10.37],[42.29,11.94],[45.51,18.33],[45.5,18.32]]}],"t":0},{"o":{"x":0,"y":0},"i":{"x":0.58,"y":1},"s":[{"c":true,"i":[[0,0],[1.38,-1.43],[2.25,0],[1.35,1.03],[4.15,0],[0,0],[1.96,2.63],[0.24,0.44],[1.81,0],[1.46,1.7],[0,1.97],[-2.2,1.41],[-1.59,0],[-0.16,-0.02],[-0.66,1.34],[-4.27,0],[0,0],[-1.2,-4.66],[-0.02,-0.78],[-0.2,0],[-1.33,-0.98],[0,-2.62],[0,0]],"o":[[0,2.13],[-1.44,1.51],[-1.82,0],[-1.81,3.43],[0,0],[-3.54,0],[-0.32,-0.4],[-1.33,1.02],[-2.42,0],[-1.19,-1.4],[0,-2.82],[1.24,-0.8],[0.16,0],[0.04,-1.59],[1.74,-3.61],[0,0],[5.03,0],[0.2,0.73],[0.2,-0.01],[1.78,0],[1.96,1.44],[0,0],[0,0]],"v":[[45.5,18.32],[43.28,23.83],[37.55,26.28],[32.7,24.64],[23.14,30.41],[22.25,30.41],[13.61,26.08],[12.78,24.81],[7.96,26.44],[1.91,23.66],[0,18.48],[3.66,11.78],[7.96,10.52],[8.44,10.54],[9.53,6.1],[19.25,0],[26.17,0],[36.62,8.1],[36.96,10.39],[37.56,10.37],[42.29,11.94],[45.51,18.33],[45.5,18.32]]}],"t":60},{"s":[{"c":true,"i":[[0,0],[1.38,-1.43],[2.25,0],[1.35,1.03],[4.15,0],[0,0],[1.96,2.63],[0.24,0.44],[1.81,0],[1.46,1.7],[0,1.97],[-2.2,1.41],[-1.59,0],[-0.16,-0.02],[-0.66,1.34],[-4.27,0],[0,0],[-1.2,-4.66],[-0.02,-0.78],[-0.2,0],[-1.33,-0.98],[0,-2.62],[0,0]],"o":[[0,2.13],[-1.44,1.51],[-1.82,0],[-1.81,3.43],[0,0],[-3.54,0],[-0.32,-0.4],[-1.33,1.02],[-2.42,0],[-1.19,-1.4],[0,-2.82],[1.24,-0.8],[0.16,0],[0.04,-1.59],[1.74,-3.61],[0,0],[5.03,0],[0.2,0.73],[0.2,-0.01],[1.78,0],[1.96,1.44],[0,0],[0,0]],"v":[[45.5,18.32],[43.28,23.83],[37.55,26.28],[32.7,24.64],[23.14,30.41],[22.25,30.41],[13.61,26.08],[12.78,24.81],[7.96,26.44],[1.91,23.66],[0,18.48],[3.66,11.78],[7.96,10.52],[8.44,10.54],[9.53,6.1],[19.25,0],[26.17,0],[36.62,8.1],[36.96,10.39],[37.56,10.37],[42.29,11.94],[45.51,18.33],[45.5,18.32]]}],"t":120}]}},{"ty":"fl","bm":0,"hd":false,"nm":"","c":{"a":1,"k":[{"o":{"x":0,"y":0},"i":{"x":0.58,"y":1},"s":[1,0.9922,0.9961],"t":0},{"o":{"x":0,"y":0},"i":{"x":0.58,"y":1},"s":[1,0.9922,0.9961],"t":60},{"s":[1,0.9922,0.9961],"t":120}]},"r":1,"o":{"a":1,"k":[{"o":{"x":0,"y":0},"i":{"x":0.58,"y":1},"s":[100],"t":0},{"o":{"x":0,"y":0},"i":{"x":0.58,"y":1},"s":[100],"t":60},{"s":[100],"t":120}]}}],"ind":6},{"ty":4,"nm":"Vector","sr":1,"st":0,"op":121,"ip":0,"hd":false,"ddd":0,"bm":0,"hasMask":false,"ao":0,"ks":{"a":{"a":1,"k":[{"o":{"x":0,"y":0},"i":{"x":0.58,"y":1},"s":[22.47,14.42],"t":0},{"o":{"x":0,"y":0},"i":{"x":0.58,"y":1},"s":[22.47,14.42],"t":60},{"s":[22.47,14.42],"t":120}]},"s":{"a":1,"k":[{"o":{"x":0,"y":0},"i":{"x":0.58,"y":1},"s":[100,100],"t":0},{"o":{"x":0,"y":0},"i":{"x":0.58,"y":1},"s":[100,100],"t":60},{"s":[100,100],"t":120}]},"sk":{"a":0,"k":0},"p":{"a":1,"k":[{"o":{"x":0,"y":0},"i":{"x":0.58,"y":1},"s":[124.71,43.94],"t":0},{"o":{"x":0,"y":0},"i":{"x":0.58,"y":1},"s":[124.71,43.94],"t":60},{"s":[124.71,43.94],"t":120}]},"r":{"a":1,"k":[{"o":{"x":0,"y":0},"i":{"x":0.58,"y":1},"s":[0],"t":0},{"o":{"x":0,"y":0},"i":{"x":0.58,"y":1},"s":[0],"t":60},{"s":[0],"t":120}]},"sa":{"a":0,"k":0},"o":{"a":1,"k":[{"o":{"x":0,"y":0},"i":{"x":0.58,"y":1},"s":[100],"t":0},{"o":{"x":0,"y":0},"i":{"x":0.58,"y":1},"s":[100],"t":60},{"s":[100],"t":120}]}},"ef":[],"shapes":[{"ty":"sh","bm":0,"hd":false,"nm":"","d":1,"ks":{"a":1,"k":[{"o":{"x":0,"y":0},"i":{"x":0.58,"y":1},"s":[{"c":true,"i":[[0,0],[4.74,0],[0,0],[0,4.73],[0,0],[0,0],[-2.74,-0.67],[-3.62,-1.76],[-0.85,-0.47],[-0.26,-0.15],[0,-4.83],[0,0]],"o":[[0,4.73],[0,0],[-4.73,0],[0,0],[0,0],[2.14,0],[3.55,0.88],[0.88,0.4],[0.26,0.13],[6.67,3.76],[0,0],[0,0]],"v":[[44.94,20.27],[36.37,28.84],[8.57,28.84],[0,20.27],[0,0],[11.2,0],[18.64,1.05],[29.67,5.07],[32.27,6.38],[33.04,6.81],[44.94,20.28],[44.94,20.27]]}],"t":0},{"o":{"x":0,"y":0},"i":{"x":0.58,"y":1},"s":[{"c":true,"i":[[0,0],[4.74,0],[0,0],[0,4.73],[0,0],[0,0],[-2.74,-0.67],[-3.62,-1.76],[-0.85,-0.47],[-0.26,-0.15],[0,-4.83],[0,0]],"o":[[0,4.73],[0,0],[-4.73,0],[0,0],[0,0],[2.14,0],[3.55,0.88],[0.88,0.4],[0.26,0.13],[6.67,3.76],[0,0],[0,0]],"v":[[44.94,20.27],[36.37,28.84],[8.57,28.84],[0,20.27],[0,0],[11.2,0],[18.64,1.05],[29.67,5.07],[32.27,6.38],[33.04,6.81],[44.94,20.28],[44.94,20.27]]}],"t":60},{"s":[{"c":true,"i":[[0,0],[4.74,0],[0,0],[0,4.73],[0,0],[0,0],[-2.74,-0.67],[-3.62,-1.76],[-0.85,-0.47],[-0.26,-0.15],[0,-4.83],[0,0]],"o":[[0,4.73],[0,0],[-4.73,0],[0,0],[0,0],[2.14,0],[3.55,0.88],[0.88,0.4],[0.26,0.13],[6.67,3.76],[0,0],[0,0]],"v":[[44.94,20.27],[36.37,28.84],[8.57,28.84],[0,20.27],[0,0],[11.2,0],[18.64,1.05],[29.67,5.07],[32.27,6.38],[33.04,6.81],[44.94,20.28],[44.94,20.27]]}],"t":120}]}},{"ty":"fl","bm":0,"hd":false,"nm":"","c":{"a":1,"k":[{"o":{"x":0,"y":0},"i":{"x":0.58,"y":1},"s":[0.6471,0.6431,0.6431],"t":0},{"o":{"x":0,"y":0},"i":{"x":0.58,"y":1},"s":[0.6471,0.6431,0.6431],"t":60},{"s":[0.6471,0.6431,0.6431],"t":120}]},"r":1,"o":{"a":1,"k":[{"o":{"x":0,"y":0},"i":{"x":0.58,"y":1},"s":[100],"t":0},{"o":{"x":0,"y":0},"i":{"x":0.58,"y":1},"s":[100],"t":60},{"s":[100],"t":120}]}}],"ind":7},{"ty":4,"nm":"Vector","sr":1,"st":0,"op":121,"ip":0,"hd":false,"ddd":0,"bm":0,"hasMask":false,"ao":0,"ks":{"a":{"a":1,"k":[{"o":{"x":0,"y":0},"i":{"x":0.58,"y":1},"s":[66.92,87.54],"t":0},{"o":{"x":0,"y":0},"i":{"x":0.58,"y":1},"s":[66.92,87.54],"t":60},{"s":[66.92,87.54],"t":120}]},"s":{"a":1,"k":[{"o":{"x":0,"y":0},"i":{"x":0.58,"y":1},"s":[100,100],"t":0},{"o":{"x":0,"y":0},"i":{"x":0.58,"y":1},"s":[100,100],"t":60},{"s":[100,100],"t":120}]},"sk":{"a":0,"k":0},"p":{"a":1,"k":[{"o":{"x":0,"y":0},"i":{"x":0.58,"y":1},"s":[66.91,121.93],"t":0},{"o":{"x":0,"y":0},"i":{"x":0.58,"y":1},"s":[66.91,121.93],"t":60},{"s":[66.91,121.93],"t":120}]},"r":{"a":1,"k":[{"o":{"x":0,"y":0},"i":{"x":0.58,"y":1},"s":[0],"t":0},{"o":{"x":0,"y":0},"i":{"x":0.58,"y":1},"s":[0],"t":60},{"s":[0],"t":120}]},"sa":{"a":0,"k":0},"o":{"a":1,"k":[{"o":{"x":0,"y":0},"i":{"x":0.58,"y":1},"s":[100],"t":0},{"o":{"x":0,"y":0},"i":{"x":0.58,"y":1},"s":[100],"t":60},{"s":[100],"t":120}]}},"ef":[],"shapes":[{"ty":"sh","bm":0,"hd":false,"nm":"","d":1,"ks":{"a":1,"k":[{"o":{"x":0,"y":0},"i":{"x":0.58,"y":1},"s":[{"c":true,"i":[[0,0],[0,0],[8.99,0],[0,0],[0,0],[0,9.46],[0,0],[0,0],[0,-5.96],[0,0],[0,0],[0,9.46],[0,0],[-4.94,0.34],[0,0],[-6.52,2.55],[-7.17,0.62],[-3.07,1.92],[-2.21,0],[0,0],[0,6.84],[0,0],[-2.43,0],[-1.33,1.02],[-0.32,-0.4],[0,0],[-4.74,0],[0,0],[0,0]],"o":[[0,0],[0,8.99],[0,0],[0,0],[-9.46,0],[0,0],[0,0],[-5.97,0],[0,0],[0,0],[-9.46,0],[0,0],[0,-4.95],[0,0],[0,-7.43],[1.66,-6.83],[1.3,-3.44],[1.87,-1.16],[0,0],[6.84,0],[0,0],[1.46,1.7],[1.81,0],[0.24,0.44],[0,0],[0,4.74],[0,0],[0,0],[0,0]],"v":[[133.83,23.97],[133.83,111.14],[117.56,139.65],[117.56,175.09],[94.8,175.09],[77.66,157.95],[77.66,149.91],[48.56,149.91],[37.76,160.71],[37.76,175.09],[17.14,175.09],[0,157.95],[0,116.25],[8.77,106.86],[8.77,104.75],[19.92,88.43],[34.63,75.81],[41.4,67.56],[47.67,65.85],[78.14,65.85],[90.54,53.45],[90.54,0],[96.59,2.78],[101.41,1.15],[102.24,2.42],[102.24,15.38],[110.81,23.95],[133.81,23.95],[133.83,23.97]]}],"t":0},{"o":{"x":0,"y":0},"i":{"x":0.58,"y":1},"s":[{"c":true,"i":[[0,0],[0,0],[8.99,0],[0,0],[0,0],[0,9.46],[0,0],[0,0],[0,-5.96],[0,0],[0,0],[0,9.46],[0,0],[-4.94,0.34],[0,0],[-6.52,2.55],[-7.17,0.62],[-3.07,1.92],[-2.21,0],[0,0],[0,6.84],[0,0],[-2.43,0],[-1.33,1.02],[-0.32,-0.4],[0,0],[-4.74,0],[0,0],[0,0]],"o":[[0,0],[0,8.99],[0,0],[0,0],[-9.46,0],[0,0],[0,0],[-5.97,0],[0,0],[0,0],[-9.46,0],[0,0],[0,-4.95],[0,0],[0,-7.43],[1.66,-6.83],[1.3,-3.44],[1.87,-1.16],[0,0],[6.84,0],[0,0],[1.46,1.7],[1.81,0],[0.24,0.44],[0,0],[0,4.74],[0,0],[0,0],[0,0]],"v":[[133.83,23.97],[133.83,111.14],[117.56,139.65],[117.56,175.09],[94.8,175.09],[77.66,157.95],[77.66,149.91],[48.56,149.91],[37.76,160.71],[37.76,175.09],[17.14,175.09],[0,157.95],[0,116.25],[8.77,106.86],[8.77,104.75],[19.92,88.43],[34.63,75.81],[41.4,67.56],[47.67,65.85],[78.14,65.85],[90.54,53.45],[90.54,0],[96.59,2.78],[101.41,1.15],[102.24,2.42],[102.24,15.38],[110.81,23.95],[133.81,23.95],[133.83,23.97]]}],"t":60},{"s":[{"c":true,"i":[[0,0],[0,0],[8.99,0],[0,0],[0,0],[0,9.46],[0,0],[0,0],[0,-5.96],[0,0],[0,0],[0,9.46],[0,0],[-4.94,0.34],[0,0],[-6.52,2.55],[-7.17,0.62],[-3.07,1.92],[-2.21,0],[0,0],[0,6.84],[0,0],[-2.43,0],[-1.33,1.02],[-0.32,-0.4],[0,0],[-4.74,0],[0,0],[0,0]],"o":[[0,0],[0,8.99],[0,0],[0,0],[-9.46,0],[0,0],[0,0],[-5.97,0],[0,0],[0,0],[-9.46,0],[0,0],[0,-4.95],[0,0],[0,-7.43],[1.66,-6.83],[1.3,-3.44],[1.87,-1.16],[0,0],[6.84,0],[0,0],[1.46,1.7],[1.81,0],[0.24,0.44],[0,0],[0,4.74],[0,0],[0,0],[0,0]],"v":[[133.83,23.97],[133.83,111.14],[117.56,139.65],[117.56,175.09],[94.8,175.09],[77.66,157.95],[77.66,149.91],[48.56,149.91],[37.76,160.71],[37.76,175.09],[17.14,175.09],[0,157.95],[0,116.25],[8.77,106.86],[8.77,104.75],[19.92,88.43],[34.63,75.81],[41.4,67.56],[47.67,65.85],[78.14,65.85],[90.54,53.45],[90.54,0],[96.59,2.78],[101.41,1.15],[102.24,2.42],[102.24,15.38],[110.81,23.95],[133.81,23.95],[133.83,23.97]]}],"t":120}]}},{"ty":"fl","bm":0,"hd":false,"nm":"","c":{"a":1,"k":[{"o":{"x":0,"y":0},"i":{"x":0.58,"y":1},"s":[1,0.9922,0.9961],"t":0},{"o":{"x":0,"y":0},"i":{"x":0.58,"y":1},"s":[1,0.9922,0.9961],"t":60},{"s":[1,0.9922,0.9961],"t":120}]},"r":1,"o":{"a":1,"k":[{"o":{"x":0,"y":0},"i":{"x":0.58,"y":1},"s":[100],"t":0},{"o":{"x":0,"y":0},"i":{"x":0.58,"y":1},"s":[100],"t":60},{"s":[100],"t":120}]}}],"ind":8},{"ty":4,"nm":"Alpaga Bg","sr":1,"st":0,"op":121,"ip":0,"hd":false,"ddd":0,"bm":0,"hasMask":false,"ao":0,"ks":{"a":{"a":1,"k":[{"o":{"x":0,"y":0},"i":{"x":0.58,"y":1},"s":[73.59,120.57],"t":0},{"o":{"x":0,"y":0},"i":{"x":0.58,"y":1},"s":[73.59,120.57],"t":60},{"s":[73.59,120.57],"t":120}]},"s":{"a":1,"k":[{"o":{"x":0,"y":0},"i":{"x":0.58,"y":1},"s":[100,100],"t":0},{"o":{"x":0,"y":0},"i":{"x":0.58,"y":1},"s":[100,100],"t":60},{"s":[100,100],"t":120}]},"sk":{"a":0,"k":0},"p":{"a":1,"k":[{"o":{"x":0,"y":0},"i":{"x":0.58,"y":1},"s":[73.59,120.57],"t":0},{"o":{"x":0,"y":0},"i":{"x":0.58,"y":1},"s":[73.59,120.57],"t":60},{"s":[73.59,120.57],"t":120}]},"r":{"a":1,"k":[{"o":{"x":0,"y":0},"i":{"x":0.58,"y":1},"s":[0],"t":0},{"o":{"x":0,"y":0},"i":{"x":0.58,"y":1},"s":[0],"t":60},{"s":[0],"t":120}]},"sa":{"a":0,"k":0},"o":{"a":1,"k":[{"o":{"x":0,"y":0},"i":{"x":0.58,"y":1},"s":[100],"t":0},{"o":{"x":0,"y":0},"i":{"x":0.58,"y":1},"s":[100],"t":60},{"s":[100],"t":120}]}},"ef":[],"shapes":[{"ty":"sh","bm":0,"hd":false,"nm":"","d":1,"ks":{"a":1,"k":[{"o":{"x":0,"y":0},"i":{"x":0.58,"y":1},"s":[{"c":true,"i":[[0,0],[0,0],[0,0],[0,0]],"o":[[0,0],[0,0],[0,0],[0,0]],"v":[[0,0],[147.18,0],[147.18,241.15],[0,241.15]]}],"t":0},{"o":{"x":0,"y":0},"i":{"x":0.58,"y":1},"s":[{"c":true,"i":[[0,0],[0,0],[0,0],[0,0]],"o":[[0,0],[0,0],[0,0],[0,0]],"v":[[0,0],[147.18,0],[147.18,241.15],[0,241.15]]}],"t":60},{"s":[{"c":true,"i":[[0,0],[0,0],[0,0],[0,0]],"o":[[0,0],[0,0],[0,0],[0,0]],"v":[[0,0],[147.18,0],[147.18,241.15],[0,241.15]]}],"t":120}]}},{"ty":"fl","bm":0,"hd":false,"nm":"","c":{"a":1,"k":[{"o":{"x":0,"y":0},"i":{"x":0.58,"y":1},"s":[1,1,1],"t":0},{"o":{"x":0,"y":0},"i":{"x":0.58,"y":1},"s":[1,1,1],"t":60},{"s":[1,1,1],"t":120}]},"r":1,"o":{"a":1,"k":[{"o":{"x":0,"y":0},"i":{"x":0.58,"y":1},"s":[0],"t":0},{"o":{"x":0,"y":0},"i":{"x":0.58,"y":1},"s":[0],"t":60},{"s":[0],"t":120}]}}],"ind":9}]}]}