{"nm":"Frame 66","ddd":0,"h":324,"w":488,"meta":{"g":"LottieFiles Figma v45"},"layers":[{"ty":0,"nm":"Coton","sr":1,"st":0,"op":181,"ip":0,"hd":false,"ddd":0,"bm":0,"hasMask":true,"ao":0,"ks":{"a":{"a":1,"k":[{"o":{"x":0,"y":0},"i":{"x":0.58,"y":1},"s":[118.95,69.24],"t":0},{"o":{"x":0,"y":0},"i":{"x":0.58,"y":1},"s":[118.95,69.24],"t":60},{"o":{"x":0,"y":0},"i":{"x":0.58,"y":1},"s":[118.95,69.24],"t":120},{"s":[118.95,69.24],"t":180}]},"s":{"a":1,"k":[{"o":{"x":0,"y":0},"i":{"x":0.58,"y":1},"s":[100,100],"t":0},{"o":{"x":0,"y":0},"i":{"x":0.58,"y":1},"s":[100,100],"t":60},{"o":{"x":0,"y":0},"i":{"x":0.58,"y":1},"s":[100,100],"t":120},{"s":[100,100],"t":180}]},"sk":{"a":0,"k":0},"p":{"a":1,"k":[{"o":{"x":0,"y":0},"i":{"x":0.58,"y":1},"s":[251.86,196.38],"t":0},{"o":{"x":0,"y":0},"i":{"x":0.58,"y":1},"s":[251.86,196.38],"t":60},{"o":{"x":0,"y":0},"i":{"x":0.58,"y":1},"s":[251.86,196.38],"t":120},{"s":[251.86,196.38],"t":180}]},"r":{"a":1,"k":[{"o":{"x":0,"y":0},"i":{"x":0.58,"y":1},"s":[0],"t":0},{"o":{"x":0,"y":0},"i":{"x":0.58,"y":1},"s":[0],"t":60},{"o":{"x":0,"y":0},"i":{"x":0.58,"y":1},"s":[0],"t":120},{"s":[0],"t":180}]},"sa":{"a":0,"k":0},"o":{"a":1,"k":[{"o":{"x":0,"y":0},"i":{"x":0.58,"y":1},"s":[100],"t":0},{"o":{"x":0,"y":0},"i":{"x":0.58,"y":1},"s":[100],"t":60},{"o":{"x":0,"y":0},"i":{"x":0.58,"y":1},"s":[100],"t":120},{"s":[100],"t":180}]}},"masksProperties":[{"nm":"","inv":false,"mode":"a","x":{"a":0,"k":0},"o":{"a":0,"k":100},"pt":{"a":1,"k":[{"o":{"x":0,"y":0},"i":{"x":0.58,"y":1},"s":[{"c":true,"i":[[0,0],[0,0],[0,0],[0,0]],"o":[[0,0],[0,0],[0,0],[0,0]],"v":[[0,0],[237.89999389648438,0],[237.89999389648438,138.47000122070312],[0,138.47000122070312]]}],"t":0},{"o":{"x":0,"y":0},"i":{"x":0.58,"y":1},"s":[{"c":true,"i":[[0,0],[0,0],[0,0],[0,0]],"o":[[0,0],[0,0],[0,0],[0,0]],"v":[[0,0],[237.89999389648438,0],[237.89999389648438,138.47000122070312],[0,138.47000122070312]]}],"t":60},{"o":{"x":0,"y":0},"i":{"x":0.58,"y":1},"s":[{"c":true,"i":[[0,0],[0,0],[0,0],[0,0]],"o":[[0,0],[0,0],[0,0],[0,0]],"v":[[0,0],[237.89999389648438,0],[237.89999389648438,138.47000122070312],[0,138.47000122070312]]}],"t":120},{"s":[{"c":true,"i":[[0,0],[0,0],[0,0],[0,0]],"o":[[0,0],[0,0],[0,0],[0,0]],"v":[[0,0],[237.89999389648438,0],[237.89999389648438,138.47000122070312],[0,138.47000122070312]]}],"t":180}]}}],"w":237.9,"h":138.47,"refId":"1","ind":1}],"v":"5.7.0","fr":60,"op":180,"ip":0,"assets":[{"nm":"[Asset] Coton","id":"1","layers":[{"ty":4,"nm":"Group","sr":1,"st":0,"op":181,"ip":0,"hd":false,"ddd":0,"bm":0,"hasMask":false,"ao":0,"ks":{"a":{"a":1,"k":[{"o":{"x":0,"y":0},"i":{"x":0.58,"y":1},"s":[48.95,1.55],"t":0},{"o":{"x":0,"y":0},"i":{"x":0.58,"y":1},"s":[48.95,60.55],"t":60},{"o":{"x":0,"y":0},"i":{"x":0.58,"y":1},"s":[48.95,60.55],"t":120},{"s":[48.95,60.55],"t":180}]},"s":{"a":1,"k":[{"o":{"x":0,"y":0},"i":{"x":0.58,"y":1},"s":[100,100],"t":0},{"o":{"x":0,"y":0},"i":{"x":0.58,"y":1},"s":[100,100],"t":60},{"o":{"x":0,"y":0},"i":{"x":0.58,"y":1},"s":[100,100],"t":120},{"s":[100,100],"t":180}]},"sk":{"a":0,"k":0},"p":{"a":1,"k":[{"o":{"x":0,"y":0},"i":{"x":0.58,"y":1},"s":[188.95,136.4],"t":0},{"o":{"x":0,"y":0},"i":{"x":0.58,"y":1},"s":[188.95,77.4],"t":60},{"o":{"x":0,"y":0},"i":{"x":0.58,"y":1},"s":[188.95,77.4],"t":120},{"s":[188.95,77.4],"t":180}]},"r":{"a":1,"k":[{"o":{"x":0,"y":0},"i":{"x":0.58,"y":1},"s":[0],"t":0},{"o":{"x":0,"y":0},"i":{"x":0.58,"y":1},"s":[0],"t":60},{"o":{"x":0,"y":0},"i":{"x":0.58,"y":1},"s":[0],"t":120},{"s":[0],"t":180}]},"sa":{"a":0,"k":0},"o":{"a":1,"k":[{"o":{"x":0,"y":0},"i":{"x":0.58,"y":1},"s":[100],"t":0},{"o":{"x":0,"y":0},"i":{"x":0.58,"y":1},"s":[100],"t":60},{"o":{"x":0,"y":0},"i":{"x":0.58,"y":1},"s":[100],"t":120},{"s":[100],"t":180}]}},"ef":[],"shapes":[],"ind":1},{"ty":4,"nm":"Vector","sr":1,"st":0,"op":181,"ip":0,"hd":false,"ddd":0,"bm":0,"hasMask":false,"ao":0,"ks":{"a":{"a":1,"k":[{"o":{"x":0,"y":0},"i":{"x":0.58,"y":1},"s":[38.34,0.96],"t":0},{"o":{"x":0,"y":0},"i":{"x":0.58,"y":1},"s":[38.34,37.58],"t":60},{"o":{"x":0,"y":0},"i":{"x":0.58,"y":1},"s":[38.34,37.58],"t":120},{"s":[38.34,37.58],"t":180}]},"s":{"a":1,"k":[{"o":{"x":0,"y":0},"i":{"x":0.58,"y":1},"s":[100,100],"t":0},{"o":{"x":0,"y":0},"i":{"x":0.58,"y":1},"s":[100,100],"t":60},{"o":{"x":0,"y":0},"i":{"x":0.58,"y":1},"s":[100,100],"t":120},{"s":[100,100],"t":180}]},"sk":{"a":0,"k":0},"p":{"a":1,"k":[{"o":{"x":0,"y":0},"i":{"x":0.58,"y":1},"s":[49.38,2.14],"t":0},{"o":{"x":0,"y":0},"i":{"x":0.58,"y":1},"s":[49.38,83.53],"t":60},{"o":{"x":0,"y":0},"i":{"x":0.58,"y":1},"s":[49.38,83.53],"t":120},{"s":[49.38,83.53],"t":180}]},"r":{"a":1,"k":[{"o":{"x":0,"y":0},"i":{"x":0.58,"y":1},"s":[0],"t":0},{"o":{"x":0,"y":0},"i":{"x":0.58,"y":1},"s":[0],"t":60},{"o":{"x":0,"y":0},"i":{"x":0.58,"y":1},"s":[0],"t":120},{"s":[0],"t":180}]},"sa":{"a":0,"k":0},"o":{"a":1,"k":[{"o":{"x":0,"y":0},"i":{"x":0.58,"y":1},"s":[100],"t":0},{"o":{"x":0,"y":0},"i":{"x":0.58,"y":1},"s":[100],"t":60},{"o":{"x":0,"y":0},"i":{"x":0.58,"y":1},"s":[100],"t":120},{"s":[100],"t":180}]}},"ef":[],"shapes":[{"ty":"sh","bm":0,"hd":false,"nm":"","d":1,"ks":{"a":1,"k":[{"o":{"x":0,"y":0},"i":{"x":0.58,"y":1},"s":[{"c":true,"i":[[0,0],[31.68,-0.02],[0,0],[0,-0.16],[0,0],[0,0],[0,0.22],[0.5,0.06],[0,0],[0,0.22],[0.01,0],[0,0],[-4.53,-0.07],[0,0],[-5.54,0.16],[0,0],[-5.54,-0.16],[0,0],[-4.53,0.08],[0,0],[-0.02,-0.07],[0,0]],"o":[[0.11,0.22],[0,0],[-0.5,0.06],[0,0.22],[0,0],[0,0],[0,-0.16],[0,0],[-31.25,-0.02],[0.01,0],[0.01,-0.07],[0,0],[4.53,0.08],[0,0],[5.55,-0.16],[0,0],[5.54,0.16],[0,0],[4.54,-0.07],[0,0],[0,0],[0,0]],"v":[[76.68,0.57],[41.49,1.28],[41.48,1.28],[40.12,1.61],[40.99,1.92],[35.69,1.92],[36.57,1.61],[35.21,1.28],[35.2,1.28],[0,0.58],[0,0.58],[0.45,0.46],[8.41,0.65],[25.41,0.89],[29.6,0.37],[38.34,0],[47.07,0.37],[51.26,0.89],[68.26,0.65],[76.22,0.46],[76.67,0.57],[76.68,0.57]]}],"t":0},{"o":{"x":0,"y":0},"i":{"x":0.58,"y":1},"s":[{"c":true,"i":[[0,0],[31.68,-0.97],[0,0],[0,-6.15],[0,0],[0,0],[0,8.79],[0.5,2.18],[0,0],[0,8.73],[0.01,0.03],[0,0],[-4.53,-2.92],[0,0],[-5.54,6.13],[0,0],[-5.54,-6.14],[0,0],[-4.53,2.93],[0,0],[-0.02,-2.78],[0,0]],"o":[[0.11,8.6],[0,0],[-0.5,2.18],[0,8.79],[0,0],[0,0],[0,-6.15],[0,0],[-31.25,-0.95],[0.01,-0.02],[0.01,-2.92],[0,0],[4.53,2.93],[0,0],[5.55,-6.14],[0,0],[5.54,6.13],[0,0],[4.54,-2.92],[0,0],[0,0],[0,0]],"v":[[76.68,22.45],[41.49,49.85],[41.48,49.85],[40.12,62.76],[40.99,75.15],[35.69,75.15],[36.57,62.76],[35.21,49.85],[35.2,49.85],[0,22.81],[0,22.73],[0.45,17.87],[8.41,25.31],[25.41,34.62],[29.6,14.42],[38.34,0],[47.07,14.42],[51.26,34.62],[68.26,25.31],[76.22,17.87],[76.67,22.45],[76.68,22.45]]}],"t":60},{"o":{"x":0,"y":0},"i":{"x":0.58,"y":1},"s":[{"c":true,"i":[[0,0],[31.68,-0.97],[0,0],[0,-6.15],[0,0],[0,0],[0,8.79],[0.5,2.18],[0,0],[0,8.73],[0.01,0.03],[0,0],[-4.53,-2.92],[0,0],[-5.54,6.13],[0,0],[-5.54,-6.14],[0,0],[-4.53,2.93],[0,0],[-0.02,-2.78],[0,0]],"o":[[0.11,8.6],[0,0],[-0.5,2.18],[0,8.79],[0,0],[0,0],[0,-6.15],[0,0],[-31.25,-0.95],[0.01,-0.02],[0.01,-2.92],[0,0],[4.53,2.93],[0,0],[5.55,-6.14],[0,0],[5.54,6.13],[0,0],[4.54,-2.92],[0,0],[0,0],[0,0]],"v":[[76.68,22.45],[41.49,49.85],[41.48,49.85],[40.12,62.76],[40.99,75.15],[35.69,75.15],[36.57,62.76],[35.21,49.85],[35.2,49.85],[0,22.81],[0,22.73],[0.45,17.87],[8.41,25.31],[25.41,34.62],[29.6,14.42],[38.34,0],[47.07,14.42],[51.26,34.62],[68.26,25.31],[76.22,17.87],[76.67,22.45],[76.68,22.45]]}],"t":120},{"s":[{"c":true,"i":[[0,0],[31.68,-0.97],[0,0],[0,-6.15],[0,0],[0,0],[0,8.79],[0.5,2.18],[0,0],[0,8.73],[0.01,0.03],[0,0],[-4.53,-2.92],[0,0],[-5.54,6.13],[0,0],[-5.54,-6.14],[0,0],[-4.53,2.93],[0,0],[-0.02,-2.78],[0,0]],"o":[[0.11,8.6],[0,0],[-0.5,2.18],[0,8.79],[0,0],[0,0],[0,-6.15],[0,0],[-31.25,-0.95],[0.01,-0.02],[0.01,-2.92],[0,0],[4.53,2.93],[0,0],[5.55,-6.14],[0,0],[5.54,6.13],[0,0],[4.54,-2.92],[0,0],[0,0],[0,0]],"v":[[76.68,22.45],[41.49,49.85],[41.48,49.85],[40.12,62.76],[40.99,75.15],[35.69,75.15],[36.57,62.76],[35.21,49.85],[35.2,49.85],[0,22.81],[0,22.73],[0.45,17.87],[8.41,25.31],[25.41,34.62],[29.6,14.42],[38.34,0],[47.07,14.42],[51.26,34.62],[68.26,25.31],[76.22,17.87],[76.67,22.45],[76.68,22.45]]}],"t":180}]}},{"ty":"fl","bm":0,"hd":false,"nm":"","c":{"a":1,"k":[{"o":{"x":0,"y":0},"i":{"x":0.58,"y":1},"s":[0.3255,0.4745,0.4942],"t":0},{"o":{"x":0,"y":0},"i":{"x":0.58,"y":1},"s":[0.3255,0.4745,0.4942],"t":60},{"o":{"x":0,"y":0},"i":{"x":0.58,"y":1},"s":[0.3255,0.4745,0.4942],"t":120},{"s":[0.3255,0.4745,0.4942],"t":180}]},"r":1,"o":{"a":1,"k":[{"o":{"x":0,"y":0},"i":{"x":0.58,"y":1},"s":[100],"t":0},{"o":{"x":0,"y":0},"i":{"x":0.58,"y":1},"s":[100],"t":60},{"o":{"x":0,"y":0},"i":{"x":0.58,"y":1},"s":[100],"t":120},{"s":[100],"t":180}]}}],"ind":2,"parent":1},{"ty":4,"nm":"Vector","sr":1,"st":0,"op":181,"ip":0,"hd":false,"ddd":0,"bm":0,"hasMask":false,"ao":0,"ks":{"a":{"a":1,"k":[{"o":{"x":0,"y":0},"i":{"x":0.58,"y":1},"s":[29.5,0.84],"t":0},{"o":{"x":0,"y":0},"i":{"x":0.58,"y":1},"s":[29.5,32.65],"t":60},{"o":{"x":0,"y":0},"i":{"x":0.58,"y":1},"s":[29.5,32.65],"t":120},{"s":[29.5,32.65],"t":180}]},"s":{"a":1,"k":[{"o":{"x":0,"y":0},"i":{"x":0.58,"y":1},"s":[100,100],"t":0},{"o":{"x":0,"y":0},"i":{"x":0.58,"y":1},"s":[100,100],"t":60},{"o":{"x":0,"y":0},"i":{"x":0.58,"y":1},"s":[100,100],"t":120},{"s":[100,100],"t":180}]},"sk":{"a":0,"k":0},"p":{"a":1,"k":[{"o":{"x":0,"y":0},"i":{"x":0.58,"y":1},"s":[68.4,1.44],"t":0},{"o":{"x":0,"y":0},"i":{"x":0.58,"y":1},"s":[68.4,56.32],"t":60},{"o":{"x":0,"y":0},"i":{"x":0.58,"y":1},"s":[68.4,56.32],"t":120},{"s":[68.4,56.32],"t":180}]},"r":{"a":1,"k":[{"o":{"x":0,"y":0},"i":{"x":0.58,"y":1},"s":[0],"t":0},{"o":{"x":0,"y":0},"i":{"x":0.58,"y":1},"s":[0],"t":60},{"o":{"x":0,"y":0},"i":{"x":0.58,"y":1},"s":[0],"t":120},{"s":[0],"t":180}]},"sa":{"a":0,"k":0},"o":{"a":1,"k":[{"o":{"x":0,"y":0},"i":{"x":0.58,"y":1},"s":[100],"t":0},{"o":{"x":0,"y":0},"i":{"x":0.58,"y":1},"s":[100],"t":60},{"o":{"x":0,"y":0},"i":{"x":0.58,"y":1},"s":[100],"t":120},{"s":[100],"t":180}]}},"ef":[],"shapes":[{"ty":"sh","bm":0,"hd":false,"nm":"","d":1,"ks":{"a":1,"k":[{"o":{"x":0,"y":0},"i":{"x":0.58,"y":1},"s":[{"c":true,"i":[[0,0],[16.29,0],[0,0.46],[-16.29,0],[0,-0.46]],"o":[[0,0.46],[-16.29,0],[0,-0.46],[16.29,0],[0,0]],"v":[[59,0.84],[29.5,1.67],[0,0.84],[29.5,0],[59,0.84]]}],"t":0},{"o":{"x":0,"y":0},"i":{"x":0.58,"y":1},"s":[{"c":true,"i":[[0,0],[16.29,0],[0,18.03],[-16.29,0],[0,-18.03]],"o":[[0,18.03],[-16.29,0],[0,-18.03],[16.29,0],[0,0]],"v":[[59,32.65],[29.5,65.29],[0,32.65],[29.5,0],[59,32.65]]}],"t":60},{"o":{"x":0,"y":0},"i":{"x":0.58,"y":1},"s":[{"c":true,"i":[[0,0],[16.29,0],[0,18.03],[-16.29,0],[0,-18.03]],"o":[[0,18.03],[-16.29,0],[0,-18.03],[16.29,0],[0,0]],"v":[[59,32.65],[29.5,65.29],[0,32.65],[29.5,0],[59,32.65]]}],"t":120},{"s":[{"c":true,"i":[[0,0],[16.29,0],[0,18.03],[-16.29,0],[0,-18.03]],"o":[[0,18.03],[-16.29,0],[0,-18.03],[16.29,0],[0,0]],"v":[[59,32.65],[29.5,65.29],[0,32.65],[29.5,0],[59,32.65]]}],"t":180}]}},{"ty":"fl","bm":0,"hd":false,"nm":"","c":{"a":1,"k":[{"o":{"x":0,"y":0},"i":{"x":0.58,"y":1},"s":[1,0.9922,0.9961],"t":0},{"o":{"x":0,"y":0},"i":{"x":0.58,"y":1},"s":[1,0.9922,0.9961],"t":60},{"o":{"x":0,"y":0},"i":{"x":0.58,"y":1},"s":[1,0.9922,0.9961],"t":120},{"s":[1,0.9922,0.9961],"t":180}]},"r":1,"o":{"a":1,"k":[{"o":{"x":0,"y":0},"i":{"x":0.58,"y":1},"s":[100],"t":0},{"o":{"x":0,"y":0},"i":{"x":0.58,"y":1},"s":[100],"t":60},{"o":{"x":0,"y":0},"i":{"x":0.58,"y":1},"s":[100],"t":120},{"s":[100],"t":180}]}}],"ind":3,"parent":1},{"ty":4,"nm":"Vector","sr":1,"st":0,"op":181,"ip":0,"hd":false,"ddd":0,"bm":0,"hasMask":false,"ao":0,"ks":{"a":{"a":1,"k":[{"o":{"x":0,"y":0},"i":{"x":0.58,"y":1},"s":[29.5,0.84],"t":0},{"o":{"x":0,"y":0},"i":{"x":0.58,"y":1},"s":[29.5,32.65],"t":60},{"o":{"x":0,"y":0},"i":{"x":0.58,"y":1},"s":[29.5,32.65],"t":120},{"s":[29.5,32.65],"t":180}]},"s":{"a":1,"k":[{"o":{"x":0,"y":0},"i":{"x":0.58,"y":1},"s":[100,100],"t":0},{"o":{"x":0,"y":0},"i":{"x":0.58,"y":1},"s":[100,100],"t":60},{"o":{"x":0,"y":0},"i":{"x":0.58,"y":1},"s":[100,100],"t":120},{"s":[100,100],"t":180}]},"sk":{"a":0,"k":0},"p":{"a":1,"k":[{"o":{"x":0,"y":0},"i":{"x":0.58,"y":1},"s":[29.5,1.44],"t":0},{"o":{"x":0,"y":0},"i":{"x":0.58,"y":1},"s":[29.5,56.32],"t":60},{"o":{"x":0,"y":0},"i":{"x":0.58,"y":1},"s":[29.5,56.32],"t":120},{"s":[29.5,56.32],"t":180}]},"r":{"a":1,"k":[{"o":{"x":0,"y":0},"i":{"x":0.58,"y":1},"s":[0],"t":0},{"o":{"x":0,"y":0},"i":{"x":0.58,"y":1},"s":[0],"t":60},{"o":{"x":0,"y":0},"i":{"x":0.58,"y":1},"s":[0],"t":120},{"s":[0],"t":180}]},"sa":{"a":0,"k":0},"o":{"a":1,"k":[{"o":{"x":0,"y":0},"i":{"x":0.58,"y":1},"s":[100],"t":0},{"o":{"x":0,"y":0},"i":{"x":0.58,"y":1},"s":[100],"t":60},{"o":{"x":0,"y":0},"i":{"x":0.58,"y":1},"s":[100],"t":120},{"s":[100],"t":180}]}},"ef":[],"shapes":[{"ty":"sh","bm":0,"hd":false,"nm":"","d":1,"ks":{"a":1,"k":[{"o":{"x":0,"y":0},"i":{"x":0.58,"y":1},"s":[{"c":true,"i":[[0,0],[16.29,0],[0,0.46],[-16.29,0],[0,-0.46]],"o":[[0,0.46],[-16.29,0],[0,-0.46],[16.29,0],[0,0]],"v":[[59,0.84],[29.5,1.67],[0,0.84],[29.5,0],[59,0.84]]}],"t":0},{"o":{"x":0,"y":0},"i":{"x":0.58,"y":1},"s":[{"c":true,"i":[[0,0],[16.29,0],[0,18.03],[-16.29,0],[0,-18.03]],"o":[[0,18.03],[-16.29,0],[0,-18.03],[16.29,0],[0,0]],"v":[[59,32.65],[29.5,65.29],[0,32.65],[29.5,0],[59,32.65]]}],"t":60},{"o":{"x":0,"y":0},"i":{"x":0.58,"y":1},"s":[{"c":true,"i":[[0,0],[16.29,0],[0,18.03],[-16.29,0],[0,-18.03]],"o":[[0,18.03],[-16.29,0],[0,-18.03],[16.29,0],[0,0]],"v":[[59,32.65],[29.5,65.29],[0,32.65],[29.5,0],[59,32.65]]}],"t":120},{"s":[{"c":true,"i":[[0,0],[16.29,0],[0,18.03],[-16.29,0],[0,-18.03]],"o":[[0,18.03],[-16.29,0],[0,-18.03],[16.29,0],[0,0]],"v":[[59,32.65],[29.5,65.29],[0,32.65],[29.5,0],[59,32.65]]}],"t":180}]}},{"ty":"fl","bm":0,"hd":false,"nm":"","c":{"a":1,"k":[{"o":{"x":0,"y":0},"i":{"x":0.58,"y":1},"s":[1,0.9922,0.9961],"t":0},{"o":{"x":0,"y":0},"i":{"x":0.58,"y":1},"s":[1,0.9922,0.9961],"t":60},{"o":{"x":0,"y":0},"i":{"x":0.58,"y":1},"s":[1,0.9922,0.9961],"t":120},{"s":[1,0.9922,0.9961],"t":180}]},"r":1,"o":{"a":1,"k":[{"o":{"x":0,"y":0},"i":{"x":0.58,"y":1},"s":[100],"t":0},{"o":{"x":0,"y":0},"i":{"x":0.58,"y":1},"s":[100],"t":60},{"o":{"x":0,"y":0},"i":{"x":0.58,"y":1},"s":[100],"t":120},{"s":[100],"t":180}]}}],"ind":4,"parent":1},{"ty":4,"nm":"Vector","sr":1,"st":0,"op":181,"ip":0,"hd":false,"ddd":0,"bm":0,"hasMask":false,"ao":0,"ks":{"a":{"a":1,"k":[{"o":{"x":0,"y":0},"i":{"x":0.58,"y":1},"s":[29.5,0.84],"t":0},{"o":{"x":0,"y":0},"i":{"x":0.58,"y":1},"s":[29.5,32.65],"t":60},{"o":{"x":0,"y":0},"i":{"x":0.58,"y":1},"s":[29.5,32.65],"t":120},{"s":[29.5,32.65],"t":180}]},"s":{"a":1,"k":[{"o":{"x":0,"y":0},"i":{"x":0.58,"y":1},"s":[100,100],"t":0},{"o":{"x":0,"y":0},"i":{"x":0.58,"y":1},"s":[100,100],"t":60},{"o":{"x":0,"y":0},"i":{"x":0.58,"y":1},"s":[100,100],"t":120},{"s":[100,100],"t":180}]},"sk":{"a":0,"k":0},"p":{"a":1,"k":[{"o":{"x":0,"y":0},"i":{"x":0.58,"y":1},"s":[48.95,0.84],"t":0},{"o":{"x":0,"y":0},"i":{"x":0.58,"y":1},"s":[48.95,32.65],"t":60},{"o":{"x":0,"y":0},"i":{"x":0.58,"y":1},"s":[48.95,32.65],"t":120},{"s":[48.95,32.65],"t":180}]},"r":{"a":1,"k":[{"o":{"x":0,"y":0},"i":{"x":0.58,"y":1},"s":[0],"t":0},{"o":{"x":0,"y":0},"i":{"x":0.58,"y":1},"s":[0],"t":60},{"o":{"x":0,"y":0},"i":{"x":0.58,"y":1},"s":[0],"t":120},{"s":[0],"t":180}]},"sa":{"a":0,"k":0},"o":{"a":1,"k":[{"o":{"x":0,"y":0},"i":{"x":0.58,"y":1},"s":[100],"t":0},{"o":{"x":0,"y":0},"i":{"x":0.58,"y":1},"s":[100],"t":60},{"o":{"x":0,"y":0},"i":{"x":0.58,"y":1},"s":[100],"t":120},{"s":[100],"t":180}]}},"ef":[],"shapes":[{"ty":"sh","bm":0,"hd":false,"nm":"","d":1,"ks":{"a":1,"k":[{"o":{"x":0,"y":0},"i":{"x":0.58,"y":1},"s":[{"c":true,"i":[[0,0],[16.29,0],[0,0.46],[-16.29,0],[0,-0.46]],"o":[[0,0.46],[-16.29,0],[0,-0.46],[16.29,0],[0,0]],"v":[[59,0.84],[29.5,1.67],[0,0.84],[29.5,0],[59,0.84]]}],"t":0},{"o":{"x":0,"y":0},"i":{"x":0.58,"y":1},"s":[{"c":true,"i":[[0,0],[16.29,0],[0,18.03],[-16.29,0],[0,-18.03]],"o":[[0,18.03],[-16.29,0],[0,-18.03],[16.29,0],[0,0]],"v":[[59,32.65],[29.5,65.29],[0,32.65],[29.5,0],[59,32.65]]}],"t":60},{"o":{"x":0,"y":0},"i":{"x":0.58,"y":1},"s":[{"c":true,"i":[[0,0],[16.29,0],[0,18.03],[-16.29,0],[0,-18.03]],"o":[[0,18.03],[-16.29,0],[0,-18.03],[16.29,0],[0,0]],"v":[[59,32.65],[29.5,65.29],[0,32.65],[29.5,0],[59,32.65]]}],"t":120},{"s":[{"c":true,"i":[[0,0],[16.29,0],[0,18.03],[-16.29,0],[0,-18.03]],"o":[[0,18.03],[-16.29,0],[0,-18.03],[16.29,0],[0,0]],"v":[[59,32.65],[29.5,65.29],[0,32.65],[29.5,0],[59,32.65]]}],"t":180}]}},{"ty":"fl","bm":0,"hd":false,"nm":"","c":{"a":1,"k":[{"o":{"x":0,"y":0},"i":{"x":0.58,"y":1},"s":[1,0.9922,0.9961],"t":0},{"o":{"x":0,"y":0},"i":{"x":0.58,"y":1},"s":[1,0.9922,0.9961],"t":60},{"o":{"x":0,"y":0},"i":{"x":0.58,"y":1},"s":[1,0.9922,0.9961],"t":120},{"s":[1,0.9922,0.9961],"t":180}]},"r":1,"o":{"a":1,"k":[{"o":{"x":0,"y":0},"i":{"x":0.58,"y":1},"s":[100],"t":0},{"o":{"x":0,"y":0},"i":{"x":0.58,"y":1},"s":[100],"t":60},{"o":{"x":0,"y":0},"i":{"x":0.58,"y":1},"s":[100],"t":120},{"s":[100],"t":180}]}}],"ind":5,"parent":1},{"ty":4,"nm":"Group","sr":1,"st":0,"op":181,"ip":0,"hd":false,"ddd":0,"bm":0,"hasMask":false,"ao":0,"ks":{"a":{"a":1,"k":[{"o":{"x":0,"y":0},"i":{"x":0.58,"y":1},"s":[48.95,0.55],"t":0},{"o":{"x":0,"y":0},"i":{"x":0.58,"y":1},"s":[48.95,0.55],"t":60},{"o":{"x":0,"y":0},"i":{"x":0.58,"y":1},"s":[48.95,60.56],"t":120},{"s":[48.95,60.56],"t":180}]},"s":{"a":1,"k":[{"o":{"x":0,"y":0},"i":{"x":0.58,"y":1},"s":[100,100],"t":0},{"o":{"x":0,"y":0},"i":{"x":0.58,"y":1},"s":[100,100],"t":60},{"o":{"x":0,"y":0},"i":{"x":0.58,"y":1},"s":[100,100],"t":120},{"s":[100,100],"t":180}]},"sk":{"a":0,"k":0},"p":{"a":1,"k":[{"o":{"x":0,"y":0},"i":{"x":0.58,"y":1},"s":[48.95,137.4],"t":0},{"o":{"x":0,"y":0},"i":{"x":0.58,"y":1},"s":[48.95,137.4],"t":60},{"o":{"x":0,"y":0},"i":{"x":0.58,"y":1},"s":[48.95,77.41],"t":120},{"s":[48.95,77.41],"t":180}]},"r":{"a":1,"k":[{"o":{"x":0,"y":0},"i":{"x":0.58,"y":1},"s":[0],"t":0},{"o":{"x":0,"y":0},"i":{"x":0.58,"y":1},"s":[0],"t":60},{"o":{"x":0,"y":0},"i":{"x":0.58,"y":1},"s":[0],"t":120},{"s":[0],"t":180}]},"sa":{"a":0,"k":0},"o":{"a":1,"k":[{"o":{"x":0,"y":0},"i":{"x":0.58,"y":1},"s":[100],"t":0},{"o":{"x":0,"y":0},"i":{"x":0.58,"y":1},"s":[100],"t":60},{"o":{"x":0,"y":0},"i":{"x":0.58,"y":1},"s":[100],"t":120},{"s":[100],"t":180}]}},"ef":[],"shapes":[],"ind":6},{"ty":4,"nm":"Vector","sr":1,"st":0,"op":181,"ip":0,"hd":false,"ddd":0,"bm":0,"hasMask":false,"ao":0,"ks":{"a":{"a":1,"k":[{"o":{"x":0,"y":0},"i":{"x":0.58,"y":1},"s":[38.34,0.34],"t":0},{"o":{"x":0,"y":0},"i":{"x":0.58,"y":1},"s":[38.34,0.34],"t":60},{"o":{"x":0,"y":0},"i":{"x":0.58,"y":1},"s":[38.34,37.58],"t":120},{"s":[38.34,37.58],"t":180}]},"s":{"a":1,"k":[{"o":{"x":0,"y":0},"i":{"x":0.58,"y":1},"s":[100,100],"t":0},{"o":{"x":0,"y":0},"i":{"x":0.58,"y":1},"s":[100,100],"t":60},{"o":{"x":0,"y":0},"i":{"x":0.58,"y":1},"s":[100,100],"t":120},{"s":[100,100],"t":180}]},"sk":{"a":0,"k":0},"p":{"a":1,"k":[{"o":{"x":0,"y":0},"i":{"x":0.58,"y":1},"s":[49.38,0.76],"t":0},{"o":{"x":0,"y":0},"i":{"x":0.58,"y":1},"s":[49.38,0.76],"t":60},{"o":{"x":0,"y":0},"i":{"x":0.58,"y":1},"s":[49.38,83.54],"t":120},{"s":[49.38,83.54],"t":180}]},"r":{"a":1,"k":[{"o":{"x":0,"y":0},"i":{"x":0.58,"y":1},"s":[0],"t":0},{"o":{"x":0,"y":0},"i":{"x":0.58,"y":1},"s":[0],"t":60},{"o":{"x":0,"y":0},"i":{"x":0.58,"y":1},"s":[0],"t":120},{"s":[0],"t":180}]},"sa":{"a":0,"k":0},"o":{"a":1,"k":[{"o":{"x":0,"y":0},"i":{"x":0.58,"y":1},"s":[100],"t":0},{"o":{"x":0,"y":0},"i":{"x":0.58,"y":1},"s":[100],"t":60},{"o":{"x":0,"y":0},"i":{"x":0.58,"y":1},"s":[100],"t":120},{"s":[100],"t":180}]}},"ef":[],"shapes":[{"ty":"sh","bm":0,"hd":false,"nm":"","d":1,"ks":{"a":1,"k":[{"o":{"x":0,"y":0},"i":{"x":0.58,"y":1},"s":[{"c":true,"i":[[0,0],[31.68,-0.01],[0,0],[0,-0.06],[0,0],[0,0],[0,0.08],[0.5,0.02],[0,0],[0,0.08],[0.01,0],[0,0],[-4.53,-0.03],[0,0],[-5.54,0.06],[0,0],[-5.54,-0.06],[0,0],[-4.53,0.03],[0,0],[-0.02,-0.03],[0,0]],"o":[[0.11,0.08],[0,0],[-0.5,0.02],[0,0.08],[0,0],[0,0],[0,-0.06],[0,0],[-31.25,-0.01],[0.01,0],[0.01,-0.03],[0,0],[4.53,0.03],[0,0],[5.55,-0.06],[0,0],[5.54,0.06],[0,0],[4.54,-0.03],[0,0],[0,0],[0,0]],"v":[[76.68,0.2],[41.49,0.45],[41.48,0.45],[40.12,0.57],[40.99,0.68],[35.69,0.68],[36.57,0.57],[35.21,0.45],[35.2,0.45],[0,0.21],[0,0.21],[0.45,0.16],[8.41,0.23],[25.41,0.31],[29.6,0.13],[38.34,0],[47.07,0.13],[51.26,0.31],[68.26,0.23],[76.22,0.16],[76.67,0.2],[76.68,0.2]]}],"t":0},{"o":{"x":0,"y":0},"i":{"x":0.58,"y":1},"s":[{"c":true,"i":[[0,0],[31.68,-0.01],[0,0],[0,-0.06],[0,0],[0,0],[0,0.08],[0.5,0.02],[0,0],[0,0.08],[0.01,0],[0,0],[-4.53,-0.03],[0,0],[-5.54,0.06],[0,0],[-5.54,-0.06],[0,0],[-4.53,0.03],[0,0],[-0.02,-0.03],[0,0]],"o":[[0.11,0.08],[0,0],[-0.5,0.02],[0,0.08],[0,0],[0,0],[0,-0.06],[0,0],[-31.25,-0.01],[0.01,0],[0.01,-0.03],[0,0],[4.53,0.03],[0,0],[5.55,-0.06],[0,0],[5.54,0.06],[0,0],[4.54,-0.03],[0,0],[0,0],[0,0]],"v":[[76.68,0.2],[41.49,0.45],[41.48,0.45],[40.12,0.57],[40.99,0.68],[35.69,0.68],[36.57,0.57],[35.21,0.45],[35.2,0.45],[0,0.21],[0,0.21],[0.45,0.16],[8.41,0.23],[25.41,0.31],[29.6,0.13],[38.34,0],[47.07,0.13],[51.26,0.31],[68.26,0.23],[76.22,0.16],[76.67,0.2],[76.68,0.2]]}],"t":60},{"o":{"x":0,"y":0},"i":{"x":0.58,"y":1},"s":[{"c":true,"i":[[0,0],[31.68,-0.97],[0,0],[0,-6.15],[0,0],[0,0],[0,8.79],[0.5,2.18],[0,0],[0,8.73],[0.01,0.03],[0,0],[-4.53,-2.92],[0,0],[-5.54,6.13],[0,0],[-5.54,-6.14],[0,0],[-4.53,2.93],[0,0],[-0.02,-2.78],[0,0]],"o":[[0.11,8.6],[0,0],[-0.5,2.18],[0,8.79],[0,0],[0,0],[0,-6.15],[0,0],[-31.25,-0.95],[0.01,-0.02],[0.01,-2.92],[0,0],[4.53,2.93],[0,0],[5.55,-6.14],[0,0],[5.54,6.13],[0,0],[4.54,-2.92],[0,0],[0,0],[0,0]],"v":[[76.68,22.45],[41.49,49.85],[41.48,49.85],[40.12,62.76],[40.99,75.15],[35.69,75.15],[36.57,62.76],[35.21,49.85],[35.2,49.85],[0,22.81],[0,22.73],[0.45,17.87],[8.41,25.31],[25.41,34.62],[29.6,14.42],[38.34,0],[47.07,14.42],[51.26,34.62],[68.26,25.31],[76.22,17.87],[76.67,22.45],[76.68,22.45]]}],"t":120},{"s":[{"c":true,"i":[[0,0],[31.68,-0.97],[0,0],[0,-6.15],[0,0],[0,0],[0,8.79],[0.5,2.18],[0,0],[0,8.73],[0.01,0.03],[0,0],[-4.53,-2.92],[0,0],[-5.54,6.13],[0,0],[-5.54,-6.14],[0,0],[-4.53,2.93],[0,0],[-0.02,-2.78],[0,0]],"o":[[0.11,8.6],[0,0],[-0.5,2.18],[0,8.79],[0,0],[0,0],[0,-6.15],[0,0],[-31.25,-0.95],[0.01,-0.02],[0.01,-2.92],[0,0],[4.53,2.93],[0,0],[5.55,-6.14],[0,0],[5.54,6.13],[0,0],[4.54,-2.92],[0,0],[0,0],[0,0]],"v":[[76.68,22.45],[41.49,49.85],[41.48,49.85],[40.12,62.76],[40.99,75.15],[35.69,75.15],[36.57,62.76],[35.21,49.85],[35.2,49.85],[0,22.81],[0,22.73],[0.45,17.87],[8.41,25.31],[25.41,34.62],[29.6,14.42],[38.34,0],[47.07,14.42],[51.26,34.62],[68.26,25.31],[76.22,17.87],[76.67,22.45],[76.68,22.45]]}],"t":180}]}},{"ty":"fl","bm":0,"hd":false,"nm":"","c":{"a":1,"k":[{"o":{"x":0,"y":0},"i":{"x":0.58,"y":1},"s":[0.3255,0.4745,0.4942],"t":0},{"o":{"x":0,"y":0},"i":{"x":0.58,"y":1},"s":[0.3255,0.4745,0.4942],"t":60},{"o":{"x":0,"y":0},"i":{"x":0.58,"y":1},"s":[0.3255,0.4745,0.4942],"t":120},{"s":[0.3255,0.4745,0.4942],"t":180}]},"r":1,"o":{"a":1,"k":[{"o":{"x":0,"y":0},"i":{"x":0.58,"y":1},"s":[100],"t":0},{"o":{"x":0,"y":0},"i":{"x":0.58,"y":1},"s":[100],"t":60},{"o":{"x":0,"y":0},"i":{"x":0.58,"y":1},"s":[100],"t":120},{"s":[100],"t":180}]}}],"ind":7,"parent":6},{"ty":4,"nm":"Vector","sr":1,"st":0,"op":181,"ip":0,"hd":false,"ddd":0,"bm":0,"hasMask":false,"ao":0,"ks":{"a":{"a":1,"k":[{"o":{"x":0,"y":0},"i":{"x":0.58,"y":1},"s":[29.5,0.3],"t":0},{"o":{"x":0,"y":0},"i":{"x":0.58,"y":1},"s":[29.5,0.3],"t":60},{"o":{"x":0,"y":0},"i":{"x":0.58,"y":1},"s":[29.5,32.65],"t":120},{"s":[29.5,32.65],"t":180}]},"s":{"a":1,"k":[{"o":{"x":0,"y":0},"i":{"x":0.58,"y":1},"s":[100,100],"t":0},{"o":{"x":0,"y":0},"i":{"x":0.58,"y":1},"s":[100,100],"t":60},{"o":{"x":0,"y":0},"i":{"x":0.58,"y":1},"s":[100,100],"t":120},{"s":[100,100],"t":180}]},"sk":{"a":0,"k":0},"p":{"a":1,"k":[{"o":{"x":0,"y":0},"i":{"x":0.58,"y":1},"s":[68.39,0.51],"t":0},{"o":{"x":0,"y":0},"i":{"x":0.58,"y":1},"s":[68.39,0.51],"t":60},{"o":{"x":0,"y":0},"i":{"x":0.58,"y":1},"s":[68.39,56.3],"t":120},{"s":[68.39,56.3],"t":180}]},"r":{"a":1,"k":[{"o":{"x":0,"y":0},"i":{"x":0.58,"y":1},"s":[0],"t":0},{"o":{"x":0,"y":0},"i":{"x":0.58,"y":1},"s":[0],"t":60},{"o":{"x":0,"y":0},"i":{"x":0.58,"y":1},"s":[0],"t":120},{"s":[0],"t":180}]},"sa":{"a":0,"k":0},"o":{"a":1,"k":[{"o":{"x":0,"y":0},"i":{"x":0.58,"y":1},"s":[100],"t":0},{"o":{"x":0,"y":0},"i":{"x":0.58,"y":1},"s":[100],"t":60},{"o":{"x":0,"y":0},"i":{"x":0.58,"y":1},"s":[100],"t":120},{"s":[100],"t":180}]}},"ef":[],"shapes":[{"ty":"sh","bm":0,"hd":false,"nm":"","d":1,"ks":{"a":1,"k":[{"o":{"x":0,"y":0},"i":{"x":0.58,"y":1},"s":[{"c":true,"i":[[0,0],[16.29,0],[0,0.16],[-16.29,0],[0,-0.16]],"o":[[0,0.16],[-16.29,0],[0,-0.16],[16.29,0],[0,0]],"v":[[59,0.3],[29.5,0.59],[0,0.3],[29.5,0],[59,0.3]]}],"t":0},{"o":{"x":0,"y":0},"i":{"x":0.58,"y":1},"s":[{"c":true,"i":[[0,0],[16.29,0],[0,0.16],[-16.29,0],[0,-0.16]],"o":[[0,0.16],[-16.29,0],[0,-0.16],[16.29,0],[0,0]],"v":[[59,0.3],[29.5,0.59],[0,0.3],[29.5,0],[59,0.3]]}],"t":60},{"o":{"x":0,"y":0},"i":{"x":0.58,"y":1},"s":[{"c":true,"i":[[0,0],[16.29,0],[0,18.03],[-16.29,0],[0,-18.03]],"o":[[0,18.03],[-16.29,0],[0,-18.03],[16.29,0],[0,0]],"v":[[59,32.65],[29.5,65.29],[0,32.65],[29.5,0],[59,32.65]]}],"t":120},{"s":[{"c":true,"i":[[0,0],[16.29,0],[0,18.03],[-16.29,0],[0,-18.03]],"o":[[0,18.03],[-16.29,0],[0,-18.03],[16.29,0],[0,0]],"v":[[59,32.65],[29.5,65.29],[0,32.65],[29.5,0],[59,32.65]]}],"t":180}]}},{"ty":"fl","bm":0,"hd":false,"nm":"","c":{"a":1,"k":[{"o":{"x":0,"y":0},"i":{"x":0.58,"y":1},"s":[1,0.9922,0.9961],"t":0},{"o":{"x":0,"y":0},"i":{"x":0.58,"y":1},"s":[1,0.9922,0.9961],"t":60},{"o":{"x":0,"y":0},"i":{"x":0.58,"y":1},"s":[1,0.9922,0.9961],"t":120},{"s":[1,0.9922,0.9961],"t":180}]},"r":1,"o":{"a":1,"k":[{"o":{"x":0,"y":0},"i":{"x":0.58,"y":1},"s":[100],"t":0},{"o":{"x":0,"y":0},"i":{"x":0.58,"y":1},"s":[100],"t":60},{"o":{"x":0,"y":0},"i":{"x":0.58,"y":1},"s":[100],"t":120},{"s":[100],"t":180}]}}],"ind":8,"parent":6},{"ty":4,"nm":"Vector","sr":1,"st":0,"op":181,"ip":0,"hd":false,"ddd":0,"bm":0,"hasMask":false,"ao":0,"ks":{"a":{"a":1,"k":[{"o":{"x":0,"y":0},"i":{"x":0.58,"y":1},"s":[29.5,0.3],"t":0},{"o":{"x":0,"y":0},"i":{"x":0.58,"y":1},"s":[29.5,0.3],"t":60},{"o":{"x":0,"y":0},"i":{"x":0.58,"y":1},"s":[29.5,32.65],"t":120},{"s":[29.5,32.65],"t":180}]},"s":{"a":1,"k":[{"o":{"x":0,"y":0},"i":{"x":0.58,"y":1},"s":[100,100],"t":0},{"o":{"x":0,"y":0},"i":{"x":0.58,"y":1},"s":[100,100],"t":60},{"o":{"x":0,"y":0},"i":{"x":0.58,"y":1},"s":[100,100],"t":120},{"s":[100,100],"t":180}]},"sk":{"a":0,"k":0},"p":{"a":1,"k":[{"o":{"x":0,"y":0},"i":{"x":0.58,"y":1},"s":[29.5,0.51],"t":0},{"o":{"x":0,"y":0},"i":{"x":0.58,"y":1},"s":[29.5,0.51],"t":60},{"o":{"x":0,"y":0},"i":{"x":0.58,"y":1},"s":[29.5,56.3],"t":120},{"s":[29.5,56.3],"t":180}]},"r":{"a":1,"k":[{"o":{"x":0,"y":0},"i":{"x":0.58,"y":1},"s":[0],"t":0},{"o":{"x":0,"y":0},"i":{"x":0.58,"y":1},"s":[0],"t":60},{"o":{"x":0,"y":0},"i":{"x":0.58,"y":1},"s":[0],"t":120},{"s":[0],"t":180}]},"sa":{"a":0,"k":0},"o":{"a":1,"k":[{"o":{"x":0,"y":0},"i":{"x":0.58,"y":1},"s":[100],"t":0},{"o":{"x":0,"y":0},"i":{"x":0.58,"y":1},"s":[100],"t":60},{"o":{"x":0,"y":0},"i":{"x":0.58,"y":1},"s":[100],"t":120},{"s":[100],"t":180}]}},"ef":[],"shapes":[{"ty":"sh","bm":0,"hd":false,"nm":"","d":1,"ks":{"a":1,"k":[{"o":{"x":0,"y":0},"i":{"x":0.58,"y":1},"s":[{"c":true,"i":[[0,0],[16.29,0],[0,0.16],[-16.29,0],[0,-0.16]],"o":[[0,0.16],[-16.29,0],[0,-0.16],[16.29,0],[0,0]],"v":[[59,0.3],[29.5,0.59],[0,0.3],[29.5,0],[59,0.3]]}],"t":0},{"o":{"x":0,"y":0},"i":{"x":0.58,"y":1},"s":[{"c":true,"i":[[0,0],[16.29,0],[0,0.16],[-16.29,0],[0,-0.16]],"o":[[0,0.16],[-16.29,0],[0,-0.16],[16.29,0],[0,0]],"v":[[59,0.3],[29.5,0.59],[0,0.3],[29.5,0],[59,0.3]]}],"t":60},{"o":{"x":0,"y":0},"i":{"x":0.58,"y":1},"s":[{"c":true,"i":[[0,0],[16.29,0],[0,18.03],[-16.29,0],[0,-18.03]],"o":[[0,18.03],[-16.29,0],[0,-18.03],[16.29,0],[0,0]],"v":[[59,32.65],[29.5,65.29],[0,32.65],[29.5,0],[59,32.65]]}],"t":120},{"s":[{"c":true,"i":[[0,0],[16.29,0],[0,18.03],[-16.29,0],[0,-18.03]],"o":[[0,18.03],[-16.29,0],[0,-18.03],[16.29,0],[0,0]],"v":[[59,32.65],[29.5,65.29],[0,32.65],[29.5,0],[59,32.65]]}],"t":180}]}},{"ty":"fl","bm":0,"hd":false,"nm":"","c":{"a":1,"k":[{"o":{"x":0,"y":0},"i":{"x":0.58,"y":1},"s":[1,0.9922,0.9961],"t":0},{"o":{"x":0,"y":0},"i":{"x":0.58,"y":1},"s":[1,0.9922,0.9961],"t":60},{"o":{"x":0,"y":0},"i":{"x":0.58,"y":1},"s":[1,0.9922,0.9961],"t":120},{"s":[1,0.9922,0.9961],"t":180}]},"r":1,"o":{"a":1,"k":[{"o":{"x":0,"y":0},"i":{"x":0.58,"y":1},"s":[100],"t":0},{"o":{"x":0,"y":0},"i":{"x":0.58,"y":1},"s":[100],"t":60},{"o":{"x":0,"y":0},"i":{"x":0.58,"y":1},"s":[100],"t":120},{"s":[100],"t":180}]}}],"ind":9,"parent":6},{"ty":4,"nm":"Vector","sr":1,"st":0,"op":181,"ip":0,"hd":false,"ddd":0,"bm":0,"hasMask":false,"ao":0,"ks":{"a":{"a":1,"k":[{"o":{"x":0,"y":0},"i":{"x":0.58,"y":1},"s":[29.5,0.3],"t":0},{"o":{"x":0,"y":0},"i":{"x":0.58,"y":1},"s":[29.5,0.3],"t":60},{"o":{"x":0,"y":0},"i":{"x":0.58,"y":1},"s":[29.5,32.65],"t":120},{"s":[29.5,32.65],"t":180}]},"s":{"a":1,"k":[{"o":{"x":0,"y":0},"i":{"x":0.58,"y":1},"s":[100,100],"t":0},{"o":{"x":0,"y":0},"i":{"x":0.58,"y":1},"s":[100,100],"t":60},{"o":{"x":0,"y":0},"i":{"x":0.58,"y":1},"s":[100,100],"t":120},{"s":[100,100],"t":180}]},"sk":{"a":0,"k":0},"p":{"a":1,"k":[{"o":{"x":0,"y":0},"i":{"x":0.58,"y":1},"s":[48.94,0.3],"t":0},{"o":{"x":0,"y":0},"i":{"x":0.58,"y":1},"s":[48.94,0.3],"t":60},{"o":{"x":0,"y":0},"i":{"x":0.58,"y":1},"s":[48.94,32.65],"t":120},{"s":[48.94,32.65],"t":180}]},"r":{"a":1,"k":[{"o":{"x":0,"y":0},"i":{"x":0.58,"y":1},"s":[0],"t":0},{"o":{"x":0,"y":0},"i":{"x":0.58,"y":1},"s":[0],"t":60},{"o":{"x":0,"y":0},"i":{"x":0.58,"y":1},"s":[0],"t":120},{"s":[0],"t":180}]},"sa":{"a":0,"k":0},"o":{"a":1,"k":[{"o":{"x":0,"y":0},"i":{"x":0.58,"y":1},"s":[100],"t":0},{"o":{"x":0,"y":0},"i":{"x":0.58,"y":1},"s":[100],"t":60},{"o":{"x":0,"y":0},"i":{"x":0.58,"y":1},"s":[100],"t":120},{"s":[100],"t":180}]}},"ef":[],"shapes":[{"ty":"sh","bm":0,"hd":false,"nm":"","d":1,"ks":{"a":1,"k":[{"o":{"x":0,"y":0},"i":{"x":0.58,"y":1},"s":[{"c":true,"i":[[0,0],[16.29,0],[0,0.16],[-16.29,0],[0,-0.16]],"o":[[0,0.16],[-16.29,0],[0,-0.16],[16.29,0],[0,0]],"v":[[59,0.3],[29.5,0.59],[0,0.3],[29.5,0],[59,0.3]]}],"t":0},{"o":{"x":0,"y":0},"i":{"x":0.58,"y":1},"s":[{"c":true,"i":[[0,0],[16.29,0],[0,0.16],[-16.29,0],[0,-0.16]],"o":[[0,0.16],[-16.29,0],[0,-0.16],[16.29,0],[0,0]],"v":[[59,0.3],[29.5,0.59],[0,0.3],[29.5,0],[59,0.3]]}],"t":60},{"o":{"x":0,"y":0},"i":{"x":0.58,"y":1},"s":[{"c":true,"i":[[0,0],[16.29,0],[0,18.03],[-16.29,0],[0,-18.03]],"o":[[0,18.03],[-16.29,0],[0,-18.03],[16.29,0],[0,0]],"v":[[59,32.65],[29.5,65.29],[0,32.65],[29.5,0],[59,32.65]]}],"t":120},{"s":[{"c":true,"i":[[0,0],[16.29,0],[0,18.03],[-16.29,0],[0,-18.03]],"o":[[0,18.03],[-16.29,0],[0,-18.03],[16.29,0],[0,0]],"v":[[59,32.65],[29.5,65.29],[0,32.65],[29.5,0],[59,32.65]]}],"t":180}]}},{"ty":"fl","bm":0,"hd":false,"nm":"","c":{"a":1,"k":[{"o":{"x":0,"y":0},"i":{"x":0.58,"y":1},"s":[1,0.9922,0.9961],"t":0},{"o":{"x":0,"y":0},"i":{"x":0.58,"y":1},"s":[1,0.9922,0.9961],"t":60},{"o":{"x":0,"y":0},"i":{"x":0.58,"y":1},"s":[1,0.9922,0.9961],"t":120},{"s":[1,0.9922,0.9961],"t":180}]},"r":1,"o":{"a":1,"k":[{"o":{"x":0,"y":0},"i":{"x":0.58,"y":1},"s":[100],"t":0},{"o":{"x":0,"y":0},"i":{"x":0.58,"y":1},"s":[100],"t":60},{"o":{"x":0,"y":0},"i":{"x":0.58,"y":1},"s":[100],"t":120},{"s":[100],"t":180}]}}],"ind":10,"parent":6},{"ty":4,"nm":"Group","sr":1,"st":0,"op":181,"ip":0,"hd":false,"ddd":0,"bm":0,"hasMask":false,"ao":0,"ks":{"a":{"a":1,"k":[{"o":{"x":0,"y":0},"i":{"x":0.58,"y":1},"s":[61.94,0.3],"t":0},{"o":{"x":0,"y":0},"i":{"x":0.58,"y":1},"s":[61.94,0.3],"t":60},{"o":{"x":0,"y":0},"i":{"x":0.58,"y":1},"s":[61.94,0.3],"t":120},{"s":[61.94,69.3],"t":180}]},"s":{"a":1,"k":[{"o":{"x":0,"y":0},"i":{"x":0.58,"y":1},"s":[100,100],"t":0},{"o":{"x":0,"y":0},"i":{"x":0.58,"y":1},"s":[100,100],"t":60},{"o":{"x":0,"y":0},"i":{"x":0.58,"y":1},"s":[100,100],"t":120},{"s":[100,100],"t":180}]},"sk":{"a":0,"k":0},"p":{"a":1,"k":[{"o":{"x":0,"y":0},"i":{"x":0.58,"y":1},"s":[118.95,138.16],"t":0},{"o":{"x":0,"y":0},"i":{"x":0.58,"y":1},"s":[118.95,138.16],"t":60},{"o":{"x":0,"y":0},"i":{"x":0.58,"y":1},"s":[118.95,138.16],"t":120},{"s":[118.95,69.15],"t":180}]},"r":{"a":1,"k":[{"o":{"x":0,"y":0},"i":{"x":0.58,"y":1},"s":[0],"t":0},{"o":{"x":0,"y":0},"i":{"x":0.58,"y":1},"s":[0],"t":60},{"o":{"x":0,"y":0},"i":{"x":0.58,"y":1},"s":[0],"t":120},{"s":[0],"t":180}]},"sa":{"a":0,"k":0},"o":{"a":1,"k":[{"o":{"x":0,"y":0},"i":{"x":0.58,"y":1},"s":[100],"t":0},{"o":{"x":0,"y":0},"i":{"x":0.58,"y":1},"s":[100],"t":60},{"o":{"x":0,"y":0},"i":{"x":0.58,"y":1},"s":[100],"t":120},{"s":[100],"t":180}]}},"ef":[],"shapes":[],"ind":11},{"ty":4,"nm":"Vector","sr":1,"st":0,"op":181,"ip":0,"hd":false,"ddd":0,"bm":0,"hasMask":false,"ao":0,"ks":{"a":{"a":1,"k":[{"o":{"x":0,"y":0},"i":{"x":0.58,"y":1},"s":[48.52,0.19],"t":0},{"o":{"x":0,"y":0},"i":{"x":0.58,"y":1},"s":[48.52,0.19],"t":60},{"o":{"x":0,"y":0},"i":{"x":0.58,"y":1},"s":[48.52,0.19],"t":120},{"s":[48.52,43],"t":180}]},"s":{"a":1,"k":[{"o":{"x":0,"y":0},"i":{"x":0.58,"y":1},"s":[100,100],"t":0},{"o":{"x":0,"y":0},"i":{"x":0.58,"y":1},"s":[100,100],"t":60},{"o":{"x":0,"y":0},"i":{"x":0.58,"y":1},"s":[100,100],"t":120},{"s":[100,100],"t":180}]},"sk":{"a":0,"k":0},"p":{"a":1,"k":[{"o":{"x":0,"y":0},"i":{"x":0.58,"y":1},"s":[62.49,0.42],"t":0},{"o":{"x":0,"y":0},"i":{"x":0.58,"y":1},"s":[62.49,0.42],"t":60},{"o":{"x":0,"y":0},"i":{"x":0.58,"y":1},"s":[62.49,0.42],"t":120},{"s":[62.5,95.59],"t":180}]},"r":{"a":1,"k":[{"o":{"x":0,"y":0},"i":{"x":0.58,"y":1},"s":[0],"t":0},{"o":{"x":0,"y":0},"i":{"x":0.58,"y":1},"s":[0],"t":60},{"o":{"x":0,"y":0},"i":{"x":0.58,"y":1},"s":[0],"t":120},{"s":[0],"t":180}]},"sa":{"a":0,"k":0},"o":{"a":1,"k":[{"o":{"x":0,"y":0},"i":{"x":0.58,"y":1},"s":[100],"t":0},{"o":{"x":0,"y":0},"i":{"x":0.58,"y":1},"s":[100],"t":60},{"o":{"x":0,"y":0},"i":{"x":0.58,"y":1},"s":[100],"t":120},{"s":[100],"t":180}]}},"ef":[],"shapes":[{"ty":"sh","bm":0,"hd":false,"nm":"","d":1,"ks":{"a":1,"k":[{"o":{"x":0,"y":0},"i":{"x":0.58,"y":1},"s":[{"c":true,"i":[[0,0],[40.09,0],[0,0],[0,-0.03],[0,0],[0,0],[0,0.04],[0.64,0.01],[0,0],[0,0.04],[0.01,0],[0,0],[-5.74,-0.01],[0,0],[-7.01,0.03],[0,0],[-7.01,-0.03],[0,0],[-5.73,0.01],[0,0],[-0.03,-0.01],[0,0]],"o":[[0.14,0.04],[0,0],[-0.64,0.01],[0,0.04],[0,0],[0,0],[0,-0.03],[0,0],[-39.54,0],[0.01,0],[0.01,-0.01],[0,0],[5.73,0.01],[0,0],[7.02,-0.03],[0,0],[7.01,0.03],[0,0],[5.75,-0.01],[0,0],[0,0],[0,0]],"v":[[97.02,0.11],[52.49,0.25],[52.48,0.25],[50.76,0.32],[51.86,0.38],[45.16,0.38],[46.27,0.32],[44.55,0.25],[44.54,0.25],[0,0.11],[0,0.11],[0.57,0.09],[10.65,0.13],[32.16,0.17],[37.46,0.07],[48.52,0],[59.57,0.07],[64.87,0.17],[86.38,0.13],[96.46,0.09],[97.03,0.11],[97.02,0.11]]}],"t":0},{"o":{"x":0,"y":0},"i":{"x":0.58,"y":1},"s":[{"c":true,"i":[[0,0],[40.09,0],[0,0],[0,-0.03],[0,0],[0,0],[0,0.04],[0.64,0.01],[0,0],[0,0.04],[0.01,0],[0,0],[-5.74,-0.01],[0,0],[-7.01,0.03],[0,0],[-7.01,-0.03],[0,0],[-5.73,0.01],[0,0],[-0.03,-0.01],[0,0]],"o":[[0.14,0.04],[0,0],[-0.64,0.01],[0,0.04],[0,0],[0,0],[0,-0.03],[0,0],[-39.54,0],[0.01,0],[0.01,-0.01],[0,0],[5.73,0.01],[0,0],[7.02,-0.03],[0,0],[7.01,0.03],[0,0],[5.75,-0.01],[0,0],[0,0],[0,0]],"v":[[97.02,0.11],[52.49,0.25],[52.48,0.25],[50.76,0.32],[51.86,0.38],[45.16,0.38],[46.27,0.32],[44.55,0.25],[44.54,0.25],[0,0.11],[0,0.11],[0.57,0.09],[10.65,0.13],[32.16,0.17],[37.46,0.07],[48.52,0],[59.57,0.07],[64.87,0.17],[86.38,0.13],[96.46,0.09],[97.03,0.11],[97.02,0.11]]}],"t":60},{"o":{"x":0,"y":0},"i":{"x":0.58,"y":1},"s":[{"c":true,"i":[[0,0],[40.09,0],[0,0],[0,-0.03],[0,0],[0,0],[0,0.04],[0.64,0.01],[0,0],[0,0.04],[0.01,0],[0,0],[-5.74,-0.01],[0,0],[-7.01,0.03],[0,0],[-7.01,-0.03],[0,0],[-5.73,0.01],[0,0],[-0.03,-0.01],[0,0]],"o":[[0.14,0.04],[0,0],[-0.64,0.01],[0,0.04],[0,0],[0,0],[0,-0.03],[0,0],[-39.54,0],[0.01,0],[0.01,-0.01],[0,0],[5.73,0.01],[0,0],[7.02,-0.03],[0,0],[7.01,0.03],[0,0],[5.75,-0.01],[0,0],[0,0],[0,0]],"v":[[97.02,0.11],[52.49,0.25],[52.48,0.25],[50.76,0.32],[51.86,0.38],[45.16,0.38],[46.27,0.32],[44.55,0.25],[44.54,0.25],[0,0.11],[0,0.11],[0.57,0.09],[10.65,0.13],[32.16,0.17],[37.46,0.07],[48.52,0],[59.57,0.07],[64.87,0.17],[86.38,0.13],[96.46,0.09],[97.03,0.11],[97.02,0.11]]}],"t":120},{"s":[{"c":true,"i":[[0,0],[40.09,-1.11],[0,0],[0,-7.04],[0,0],[0,0],[0,10.06],[0.64,2.49],[0,0],[0,9.99],[0.01,0.02],[0,0],[-5.74,-3.35],[0,0],[-7.01,7.02],[0,0],[-7.01,-7.03],[0,0],[-5.73,3.36],[0,0],[-0.03,-3.16],[0,0]],"o":[[0.14,9.84],[0,0],[-0.64,2.5],[0,10.06],[0,0],[0,0],[0,-7.05],[0,0],[-39.54,-1.08],[0.01,-0.03],[0.01,-3.34],[0,0],[5.73,3.36],[0,0],[7.02,-7.03],[0,0],[7.01,7.02],[0,0],[5.75,-3.34],[0,0],[0,0],[0,0]],"v":[[97.02,25.68],[52.49,57.04],[52.48,57.04],[50.76,71.81],[51.86,85.99],[45.16,85.99],[46.27,71.81],[44.55,57.04],[44.54,57.04],[0,26.09],[0,26.01],[0.57,20.45],[10.65,28.97],[32.16,39.63],[37.46,16.51],[48.52,0],[59.57,16.51],[64.87,39.63],[86.38,28.97],[96.46,20.45],[97.03,25.69],[97.02,25.68]]}],"t":180}]}},{"ty":"fl","bm":0,"hd":false,"nm":"","c":{"a":1,"k":[{"o":{"x":0,"y":0},"i":{"x":0.58,"y":1},"s":[0.3255,0.4745,0.4942],"t":0},{"o":{"x":0,"y":0},"i":{"x":0.58,"y":1},"s":[0.3255,0.4745,0.4942],"t":60},{"o":{"x":0,"y":0},"i":{"x":0.58,"y":1},"s":[0.3255,0.4745,0.4942],"t":120},{"s":[0.3255,0.4745,0.4942],"t":180}]},"r":1,"o":{"a":1,"k":[{"o":{"x":0,"y":0},"i":{"x":0.58,"y":1},"s":[100],"t":0},{"o":{"x":0,"y":0},"i":{"x":0.58,"y":1},"s":[100],"t":60},{"o":{"x":0,"y":0},"i":{"x":0.58,"y":1},"s":[100],"t":120},{"s":[100],"t":180}]}}],"ind":12,"parent":11},{"ty":4,"nm":"Vector","sr":1,"st":0,"op":181,"ip":0,"hd":false,"ddd":0,"bm":0,"hasMask":false,"ao":0,"ks":{"a":{"a":1,"k":[{"o":{"x":0,"y":0},"i":{"x":0.58,"y":1},"s":[37.33,0.16],"t":0},{"o":{"x":0,"y":0},"i":{"x":0.58,"y":1},"s":[37.33,0.16],"t":60},{"o":{"x":0,"y":0},"i":{"x":0.58,"y":1},"s":[37.33,0.16],"t":120},{"s":[37.33,37.37],"t":180}]},"s":{"a":1,"k":[{"o":{"x":0,"y":0},"i":{"x":0.58,"y":1},"s":[100,100],"t":0},{"o":{"x":0,"y":0},"i":{"x":0.58,"y":1},"s":[100,100],"t":60},{"o":{"x":0,"y":0},"i":{"x":0.58,"y":1},"s":[100,100],"t":120},{"s":[100,100],"t":180}]},"sk":{"a":0,"k":0},"p":{"a":1,"k":[{"o":{"x":0,"y":0},"i":{"x":0.58,"y":1},"s":[86.55,0.28],"t":0},{"o":{"x":0,"y":0},"i":{"x":0.58,"y":1},"s":[86.55,0.28],"t":60},{"o":{"x":0,"y":0},"i":{"x":0.58,"y":1},"s":[86.55,0.28],"t":120},{"s":[86.55,64.45],"t":180}]},"r":{"a":1,"k":[{"o":{"x":0,"y":0},"i":{"x":0.58,"y":1},"s":[0],"t":0},{"o":{"x":0,"y":0},"i":{"x":0.58,"y":1},"s":[0],"t":60},{"o":{"x":0,"y":0},"i":{"x":0.58,"y":1},"s":[0],"t":120},{"s":[0],"t":180}]},"sa":{"a":0,"k":0},"o":{"a":1,"k":[{"o":{"x":0,"y":0},"i":{"x":0.58,"y":1},"s":[100],"t":0},{"o":{"x":0,"y":0},"i":{"x":0.58,"y":1},"s":[100],"t":60},{"o":{"x":0,"y":0},"i":{"x":0.58,"y":1},"s":[100],"t":120},{"s":[100],"t":180}]}},"ef":[],"shapes":[{"ty":"sh","bm":0,"hd":false,"nm":"","d":1,"ks":{"a":1,"k":[{"o":{"x":0,"y":0},"i":{"x":0.58,"y":1},"s":[{"c":true,"i":[[0,0],[20.62,0],[0,0.09],[-20.62,0],[0,-0.09]],"o":[[0,0.09],[-20.62,0],[0,-0.09],[20.62,0],[0,0]],"v":[[74.66,0.16],[37.33,0.33],[0,0.16],[37.33,0],[74.66,0.16]]}],"t":0},{"o":{"x":0,"y":0},"i":{"x":0.58,"y":1},"s":[{"c":true,"i":[[0,0],[20.62,0],[0,0.09],[-20.62,0],[0,-0.09]],"o":[[0,0.09],[-20.62,0],[0,-0.09],[20.62,0],[0,0]],"v":[[74.66,0.16],[37.33,0.33],[0,0.16],[37.33,0],[74.66,0.16]]}],"t":60},{"o":{"x":0,"y":0},"i":{"x":0.58,"y":1},"s":[{"c":true,"i":[[0,0],[20.62,0],[0,0.09],[-20.62,0],[0,-0.09]],"o":[[0,0.09],[-20.62,0],[0,-0.09],[20.62,0],[0,0]],"v":[[74.66,0.16],[37.33,0.33],[0,0.16],[37.33,0],[74.66,0.16]]}],"t":120},{"s":[{"c":true,"i":[[0,0],[20.62,0],[0,20.64],[-20.62,0],[0,-20.64]],"o":[[0,20.64],[-20.62,0],[0,-20.64],[20.62,0],[0,0]],"v":[[74.66,37.37],[37.33,74.74],[0,37.37],[37.33,0],[74.66,37.37]]}],"t":180}]}},{"ty":"fl","bm":0,"hd":false,"nm":"","c":{"a":1,"k":[{"o":{"x":0,"y":0},"i":{"x":0.58,"y":1},"s":[1,0.9922,0.9961],"t":0},{"o":{"x":0,"y":0},"i":{"x":0.58,"y":1},"s":[1,0.9922,0.9961],"t":60},{"o":{"x":0,"y":0},"i":{"x":0.58,"y":1},"s":[1,0.9922,0.9961],"t":120},{"s":[1,0.9922,0.9961],"t":180}]},"r":1,"o":{"a":1,"k":[{"o":{"x":0,"y":0},"i":{"x":0.58,"y":1},"s":[100],"t":0},{"o":{"x":0,"y":0},"i":{"x":0.58,"y":1},"s":[100],"t":60},{"o":{"x":0,"y":0},"i":{"x":0.58,"y":1},"s":[100],"t":120},{"s":[100],"t":180}]}}],"ind":13,"parent":11},{"ty":4,"nm":"Vector","sr":1,"st":0,"op":181,"ip":0,"hd":false,"ddd":0,"bm":0,"hasMask":false,"ao":0,"ks":{"a":{"a":1,"k":[{"o":{"x":0,"y":0},"i":{"x":0.58,"y":1},"s":[37.33,0.16],"t":0},{"o":{"x":0,"y":0},"i":{"x":0.58,"y":1},"s":[37.33,0.16],"t":60},{"o":{"x":0,"y":0},"i":{"x":0.58,"y":1},"s":[37.33,0.16],"t":120},{"s":[37.33,37.37],"t":180}]},"s":{"a":1,"k":[{"o":{"x":0,"y":0},"i":{"x":0.58,"y":1},"s":[100,100],"t":0},{"o":{"x":0,"y":0},"i":{"x":0.58,"y":1},"s":[100,100],"t":60},{"o":{"x":0,"y":0},"i":{"x":0.58,"y":1},"s":[100,100],"t":120},{"s":[100,100],"t":180}]},"sk":{"a":0,"k":0},"p":{"a":1,"k":[{"o":{"x":0,"y":0},"i":{"x":0.58,"y":1},"s":[37.33,0.28],"t":0},{"o":{"x":0,"y":0},"i":{"x":0.58,"y":1},"s":[37.33,0.28],"t":60},{"o":{"x":0,"y":0},"i":{"x":0.58,"y":1},"s":[37.33,0.28],"t":120},{"s":[37.33,64.45],"t":180}]},"r":{"a":1,"k":[{"o":{"x":0,"y":0},"i":{"x":0.58,"y":1},"s":[0],"t":0},{"o":{"x":0,"y":0},"i":{"x":0.58,"y":1},"s":[0],"t":60},{"o":{"x":0,"y":0},"i":{"x":0.58,"y":1},"s":[0],"t":120},{"s":[0],"t":180}]},"sa":{"a":0,"k":0},"o":{"a":1,"k":[{"o":{"x":0,"y":0},"i":{"x":0.58,"y":1},"s":[100],"t":0},{"o":{"x":0,"y":0},"i":{"x":0.58,"y":1},"s":[100],"t":60},{"o":{"x":0,"y":0},"i":{"x":0.58,"y":1},"s":[100],"t":120},{"s":[100],"t":180}]}},"ef":[],"shapes":[{"ty":"sh","bm":0,"hd":false,"nm":"","d":1,"ks":{"a":1,"k":[{"o":{"x":0,"y":0},"i":{"x":0.58,"y":1},"s":[{"c":true,"i":[[0,0],[20.62,0],[0,0.09],[-20.62,0],[0,-0.09]],"o":[[0,0.09],[-20.62,0],[0,-0.09],[20.62,0],[0,0]],"v":[[74.66,0.16],[37.33,0.33],[0,0.16],[37.33,0],[74.66,0.16]]}],"t":0},{"o":{"x":0,"y":0},"i":{"x":0.58,"y":1},"s":[{"c":true,"i":[[0,0],[20.62,0],[0,0.09],[-20.62,0],[0,-0.09]],"o":[[0,0.09],[-20.62,0],[0,-0.09],[20.62,0],[0,0]],"v":[[74.66,0.16],[37.33,0.33],[0,0.16],[37.33,0],[74.66,0.16]]}],"t":60},{"o":{"x":0,"y":0},"i":{"x":0.58,"y":1},"s":[{"c":true,"i":[[0,0],[20.62,0],[0,0.09],[-20.62,0],[0,-0.09]],"o":[[0,0.09],[-20.62,0],[0,-0.09],[20.62,0],[0,0]],"v":[[74.66,0.16],[37.33,0.33],[0,0.16],[37.33,0],[74.66,0.16]]}],"t":120},{"s":[{"c":true,"i":[[0,0],[20.62,0],[0,20.64],[-20.62,0],[0,-20.64]],"o":[[0,20.64],[-20.62,0],[0,-20.64],[20.62,0],[0,0]],"v":[[74.66,37.37],[37.33,74.74],[0,37.37],[37.33,0],[74.66,37.37]]}],"t":180}]}},{"ty":"fl","bm":0,"hd":false,"nm":"","c":{"a":1,"k":[{"o":{"x":0,"y":0},"i":{"x":0.58,"y":1},"s":[1,0.9922,0.9961],"t":0},{"o":{"x":0,"y":0},"i":{"x":0.58,"y":1},"s":[1,0.9922,0.9961],"t":60},{"o":{"x":0,"y":0},"i":{"x":0.58,"y":1},"s":[1,0.9922,0.9961],"t":120},{"s":[1,0.9922,0.9961],"t":180}]},"r":1,"o":{"a":1,"k":[{"o":{"x":0,"y":0},"i":{"x":0.58,"y":1},"s":[100],"t":0},{"o":{"x":0,"y":0},"i":{"x":0.58,"y":1},"s":[100],"t":60},{"o":{"x":0,"y":0},"i":{"x":0.58,"y":1},"s":[100],"t":120},{"s":[100],"t":180}]}}],"ind":14,"parent":11},{"ty":4,"nm":"Vector","sr":1,"st":0,"op":181,"ip":0,"hd":false,"ddd":0,"bm":0,"hasMask":false,"ao":0,"ks":{"a":{"a":1,"k":[{"o":{"x":0,"y":0},"i":{"x":0.58,"y":1},"s":[37.33,0.16],"t":0},{"o":{"x":0,"y":0},"i":{"x":0.58,"y":1},"s":[37.33,0.16],"t":60},{"o":{"x":0,"y":0},"i":{"x":0.58,"y":1},"s":[37.33,0.16],"t":120},{"s":[37.33,37.37],"t":180}]},"s":{"a":1,"k":[{"o":{"x":0,"y":0},"i":{"x":0.58,"y":1},"s":[100,100],"t":0},{"o":{"x":0,"y":0},"i":{"x":0.58,"y":1},"s":[100,100],"t":60},{"o":{"x":0,"y":0},"i":{"x":0.58,"y":1},"s":[100,100],"t":120},{"s":[100,100],"t":180}]},"sk":{"a":0,"k":0},"p":{"a":1,"k":[{"o":{"x":0,"y":0},"i":{"x":0.58,"y":1},"s":[61.94,0.16],"t":0},{"o":{"x":0,"y":0},"i":{"x":0.58,"y":1},"s":[61.94,0.16],"t":60},{"o":{"x":0,"y":0},"i":{"x":0.58,"y":1},"s":[61.94,0.16],"t":120},{"s":[61.94,37.37],"t":180}]},"r":{"a":1,"k":[{"o":{"x":0,"y":0},"i":{"x":0.58,"y":1},"s":[0],"t":0},{"o":{"x":0,"y":0},"i":{"x":0.58,"y":1},"s":[0],"t":60},{"o":{"x":0,"y":0},"i":{"x":0.58,"y":1},"s":[0],"t":120},{"s":[0],"t":180}]},"sa":{"a":0,"k":0},"o":{"a":1,"k":[{"o":{"x":0,"y":0},"i":{"x":0.58,"y":1},"s":[100],"t":0},{"o":{"x":0,"y":0},"i":{"x":0.58,"y":1},"s":[100],"t":60},{"o":{"x":0,"y":0},"i":{"x":0.58,"y":1},"s":[100],"t":120},{"s":[100],"t":180}]}},"ef":[],"shapes":[{"ty":"sh","bm":0,"hd":false,"nm":"","d":1,"ks":{"a":1,"k":[{"o":{"x":0,"y":0},"i":{"x":0.58,"y":1},"s":[{"c":true,"i":[[0,0],[20.62,0],[0,0.09],[-20.62,0],[0,-0.09]],"o":[[0,0.09],[-20.62,0],[0,-0.09],[20.62,0],[0,0]],"v":[[74.66,0.16],[37.33,0.33],[0,0.16],[37.33,0],[74.66,0.16]]}],"t":0},{"o":{"x":0,"y":0},"i":{"x":0.58,"y":1},"s":[{"c":true,"i":[[0,0],[20.62,0],[0,0.09],[-20.62,0],[0,-0.09]],"o":[[0,0.09],[-20.62,0],[0,-0.09],[20.62,0],[0,0]],"v":[[74.66,0.16],[37.33,0.33],[0,0.16],[37.33,0],[74.66,0.16]]}],"t":60},{"o":{"x":0,"y":0},"i":{"x":0.58,"y":1},"s":[{"c":true,"i":[[0,0],[20.62,0],[0,0.09],[-20.62,0],[0,-0.09]],"o":[[0,0.09],[-20.62,0],[0,-0.09],[20.62,0],[0,0]],"v":[[74.66,0.16],[37.33,0.33],[0,0.16],[37.33,0],[74.66,0.16]]}],"t":120},{"s":[{"c":true,"i":[[0,0],[20.62,0],[0,20.64],[-20.62,0],[0,-20.64]],"o":[[0,20.64],[-20.62,0],[0,-20.64],[20.62,0],[0,0]],"v":[[74.66,37.37],[37.33,74.74],[0,37.37],[37.33,0],[74.66,37.37]]}],"t":180}]}},{"ty":"fl","bm":0,"hd":false,"nm":"","c":{"a":1,"k":[{"o":{"x":0,"y":0},"i":{"x":0.58,"y":1},"s":[1,0.9922,0.9961],"t":0},{"o":{"x":0,"y":0},"i":{"x":0.58,"y":1},"s":[1,0.9922,0.9961],"t":60},{"o":{"x":0,"y":0},"i":{"x":0.58,"y":1},"s":[1,0.9922,0.9961],"t":120},{"s":[1,0.9922,0.9961],"t":180}]},"r":1,"o":{"a":1,"k":[{"o":{"x":0,"y":0},"i":{"x":0.58,"y":1},"s":[100],"t":0},{"o":{"x":0,"y":0},"i":{"x":0.58,"y":1},"s":[100],"t":60},{"o":{"x":0,"y":0},"i":{"x":0.58,"y":1},"s":[100],"t":120},{"s":[100],"t":180}]}}],"ind":15,"parent":11},{"ty":4,"nm":"Coton Bg","sr":1,"st":0,"op":181,"ip":0,"hd":false,"ddd":0,"bm":0,"hasMask":false,"ao":0,"ks":{"a":{"a":1,"k":[{"o":{"x":0,"y":0},"i":{"x":0.58,"y":1},"s":[118.95,69.24],"t":0},{"o":{"x":0,"y":0},"i":{"x":0.58,"y":1},"s":[118.95,69.24],"t":60},{"o":{"x":0,"y":0},"i":{"x":0.58,"y":1},"s":[118.95,69.24],"t":120},{"s":[118.95,69.24],"t":180}]},"s":{"a":1,"k":[{"o":{"x":0,"y":0},"i":{"x":0.58,"y":1},"s":[100,100],"t":0},{"o":{"x":0,"y":0},"i":{"x":0.58,"y":1},"s":[100,100],"t":60},{"o":{"x":0,"y":0},"i":{"x":0.58,"y":1},"s":[100,100],"t":120},{"s":[100,100],"t":180}]},"sk":{"a":0,"k":0},"p":{"a":1,"k":[{"o":{"x":0,"y":0},"i":{"x":0.58,"y":1},"s":[118.95,69.24],"t":0},{"o":{"x":0,"y":0},"i":{"x":0.58,"y":1},"s":[118.95,69.24],"t":60},{"o":{"x":0,"y":0},"i":{"x":0.58,"y":1},"s":[118.95,69.24],"t":120},{"s":[118.95,69.24],"t":180}]},"r":{"a":1,"k":[{"o":{"x":0,"y":0},"i":{"x":0.58,"y":1},"s":[0],"t":0},{"o":{"x":0,"y":0},"i":{"x":0.58,"y":1},"s":[0],"t":60},{"o":{"x":0,"y":0},"i":{"x":0.58,"y":1},"s":[0],"t":120},{"s":[0],"t":180}]},"sa":{"a":0,"k":0},"o":{"a":1,"k":[{"o":{"x":0,"y":0},"i":{"x":0.58,"y":1},"s":[100],"t":0},{"o":{"x":0,"y":0},"i":{"x":0.58,"y":1},"s":[100],"t":60},{"o":{"x":0,"y":0},"i":{"x":0.58,"y":1},"s":[100],"t":120},{"s":[100],"t":180}]}},"ef":[],"shapes":[{"ty":"sh","bm":0,"hd":false,"nm":"","d":1,"ks":{"a":1,"k":[{"o":{"x":0,"y":0},"i":{"x":0.58,"y":1},"s":[{"c":true,"i":[[0,0],[0,0],[0,0],[0,0]],"o":[[0,0],[0,0],[0,0],[0,0]],"v":[[0,0],[237.9,0],[237.9,138.47],[0,138.47]]}],"t":0},{"o":{"x":0,"y":0},"i":{"x":0.58,"y":1},"s":[{"c":true,"i":[[0,0],[0,0],[0,0],[0,0]],"o":[[0,0],[0,0],[0,0],[0,0]],"v":[[0,0],[237.9,0],[237.9,138.47],[0,138.47]]}],"t":60},{"o":{"x":0,"y":0},"i":{"x":0.58,"y":1},"s":[{"c":true,"i":[[0,0],[0,0],[0,0],[0,0]],"o":[[0,0],[0,0],[0,0],[0,0]],"v":[[0,0],[237.9,0],[237.9,138.47],[0,138.47]]}],"t":120},{"s":[{"c":true,"i":[[0,0],[0,0],[0,0],[0,0]],"o":[[0,0],[0,0],[0,0],[0,0]],"v":[[0,0],[237.9,0],[237.9,138.47],[0,138.47]]}],"t":180}]}},{"ty":"fl","bm":0,"hd":false,"nm":"","c":{"a":1,"k":[{"o":{"x":0,"y":0},"i":{"x":0.58,"y":1},"s":[1,1,1],"t":0},{"o":{"x":0,"y":0},"i":{"x":0.58,"y":1},"s":[1,1,1],"t":60},{"o":{"x":0,"y":0},"i":{"x":0.58,"y":1},"s":[1,1,1],"t":120},{"s":[1,1,1],"t":180}]},"r":1,"o":{"a":1,"k":[{"o":{"x":0,"y":0},"i":{"x":0.58,"y":1},"s":[0],"t":0},{"o":{"x":0,"y":0},"i":{"x":0.58,"y":1},"s":[0],"t":60},{"o":{"x":0,"y":0},"i":{"x":0.58,"y":1},"s":[0],"t":120},{"s":[0],"t":180}]}}],"ind":16}]}]}