{"nm":"Frame 40","ddd":0,"h":483,"w":331,"meta":{"g":"LottieFiles Figma v46"},"layers":[{"ty":0,"nm":"Group 96","sr":1,"st":0,"op":121,"ip":0,"hd":false,"ddd":0,"bm":0,"hasMask":false,"ao":0,"ks":{"a":{"a":1,"k":[{"o":{"x":0,"y":0},"i":{"x":0.58,"y":1},"s":[88,159],"t":0},{"o":{"x":0,"y":0},"i":{"x":0.58,"y":1},"s":[91.5,213.5],"t":60},{"s":[117.5,213.5],"t":120}]},"s":{"a":1,"k":[{"o":{"x":0,"y":0},"i":{"x":0.58,"y":1},"s":[100,100],"t":0},{"o":{"x":0,"y":0},"i":{"x":0.58,"y":1},"s":[100,100],"t":60},{"s":[100,100],"t":120}]},"sk":{"a":0,"k":0},"p":{"a":1,"k":[{"o":{"x":0,"y":0},"i":{"x":0.58,"y":1},"s":[233,284],"t":0},{"o":{"x":0,"y":0},"i":{"x":0.58,"y":1},"s":[229.5,229.5],"t":60},{"s":[203.5,229.5],"t":120}]},"r":{"a":1,"k":[{"o":{"x":0,"y":0},"i":{"x":0.58,"y":1},"s":[0],"t":0},{"o":{"x":0,"y":0},"i":{"x":0.58,"y":1},"s":[0],"t":60},{"s":[0],"t":120}]},"sa":{"a":0,"k":0},"o":{"a":1,"k":[{"o":{"x":0,"y":0},"i":{"x":0.58,"y":1},"s":[100],"t":0},{"o":{"x":0,"y":0},"i":{"x":0.58,"y":1},"s":[100],"t":60},{"s":[100],"t":120}]}},"w":331,"h":483,"refId":"1","ind":1},{"ty":4,"nm":"Frame 40 Bg","sr":1,"st":0,"op":121,"ip":0,"hd":false,"ddd":0,"bm":0,"hasMask":false,"ao":0,"ks":{"a":{"a":1,"k":[{"o":{"x":0,"y":0},"i":{"x":0.58,"y":1},"s":[165.5,241.5],"t":0},{"o":{"x":0,"y":0},"i":{"x":0.58,"y":1},"s":[165.5,241.5],"t":60},{"s":[165.5,241.5],"t":120}]},"s":{"a":1,"k":[{"o":{"x":0,"y":0},"i":{"x":0.58,"y":1},"s":[100,100],"t":0},{"o":{"x":0,"y":0},"i":{"x":0.58,"y":1},"s":[100,100],"t":60},{"s":[100,100],"t":120}]},"sk":{"a":0,"k":0},"p":{"a":1,"k":[{"o":{"x":0,"y":0},"i":{"x":0.58,"y":1},"s":[165.5,241.5],"t":0},{"o":{"x":0,"y":0},"i":{"x":0.58,"y":1},"s":[165.5,241.5],"t":60},{"s":[165.5,241.5],"t":120}]},"r":{"a":1,"k":[{"o":{"x":0,"y":0},"i":{"x":0.58,"y":1},"s":[0],"t":0},{"o":{"x":0,"y":0},"i":{"x":0.58,"y":1},"s":[0],"t":60},{"s":[0],"t":120}]},"sa":{"a":0,"k":0},"o":{"a":1,"k":[{"o":{"x":0,"y":0},"i":{"x":0.58,"y":1},"s":[100],"t":0},{"o":{"x":0,"y":0},"i":{"x":0.58,"y":1},"s":[100],"t":60},{"s":[100],"t":120}]}},"shapes":[{"ty":"sh","bm":0,"hd":false,"nm":"","d":1,"ks":{"a":1,"k":[{"o":{"x":0,"y":0},"i":{"x":0.58,"y":1},"s":[{"c":true,"i":[[0,0],[0,0],[0,0],[0,0]],"o":[[0,0],[0,0],[0,0],[0,0]],"v":[[0,0],[331,0],[331,483],[0,483]]}],"t":0},{"o":{"x":0,"y":0},"i":{"x":0.58,"y":1},"s":[{"c":true,"i":[[0,0],[0,0],[0,0],[0,0]],"o":[[0,0],[0,0],[0,0],[0,0]],"v":[[0,0],[331,0],[331,483],[0,483]]}],"t":60},{"s":[{"c":true,"i":[[0,0],[0,0],[0,0],[0,0]],"o":[[0,0],[0,0],[0,0],[0,0]],"v":[[0,0],[331,0],[331,483],[0,483]]}],"t":120}]}},{"ty":"fl","bm":0,"hd":false,"nm":"","c":{"a":1,"k":[{"o":{"x":0,"y":0},"i":{"x":0.58,"y":1},"s":[1,1,1],"t":0},{"o":{"x":0,"y":0},"i":{"x":0.58,"y":1},"s":[1,1,1],"t":60},{"s":[1,1,1],"t":120}]},"r":1,"o":{"a":1,"k":[{"o":{"x":0,"y":0},"i":{"x":0.58,"y":1},"s":[100],"t":0},{"o":{"x":0,"y":0},"i":{"x":0.58,"y":1},"s":[100],"t":60},{"s":[100],"t":120}]}}],"ind":2}],"v":"5.7.0","fr":60,"op":120,"ip":0,"assets":[{"nm":"[Asset] Group 96","id":"1","layers":[{"ty":4,"nm":"milliards tonnes/an (2021)","sr":1,"st":0,"op":121,"ip":0,"hd":false,"ddd":0,"bm":0,"hasMask":false,"ao":0,"ks":{"a":{"a":1,"k":[{"o":{"x":0,"y":0},"i":{"x":0.58,"y":1},"s":[87,43.5],"t":0},{"o":{"x":0,"y":0},"i":{"x":0.58,"y":1},"s":[87,43.5],"t":60},{"s":[87,43.5],"t":120}]},"s":{"a":1,"k":[{"o":{"x":0,"y":0},"i":{"x":0.58,"y":1},"s":[100,100],"t":0},{"o":{"x":0,"y":0},"i":{"x":0.58,"y":1},"s":[100,100],"t":60},{"s":[100,100],"t":120}]},"sk":{"a":0,"k":0},"p":{"a":1,"k":[{"o":{"x":0,"y":0},"i":{"x":0.58,"y":1},"s":[87,120.5],"t":0},{"o":{"x":0,"y":0},"i":{"x":0.58,"y":1},"s":[94,229.5],"t":60},{"s":[87,229.5],"t":120}]},"r":{"a":1,"k":[{"o":{"x":0,"y":0},"i":{"x":0.58,"y":1},"s":[0],"t":0},{"o":{"x":0,"y":0},"i":{"x":0.58,"y":1},"s":[0],"t":60},{"s":[0],"t":120}]},"sa":{"a":0,"k":0},"o":{"a":1,"k":[{"o":{"x":0,"y":0},"i":{"x":0.58,"y":1},"s":[100],"t":0},{"o":{"x":0,"y":0},"i":{"x":0.58,"y":1},"s":[100],"t":60},{"s":[100],"t":120}]}},"ef":[],"shapes":[{"ty":"sh","bm":0,"hd":false,"nm":"","d":1,"ks":{"a":1,"k":[{"o":{"x":0,"y":0},"i":{"x":0.58,"y":1},"s":[{"c":true,"i":[[0,0],[0.37,0.37],[0,0.7],[0,0],[-0.35,0.37],[-0.67,0],[-0.35,-0.37],[0,-0.69],[0,0],[0,0],[-0.66,0.42],[-0.91,0],[-0.61,-0.42],[-0.27,-0.85],[0,0],[-0.74,0.45],[-0.9,0],[-0.59,-0.37],[-0.29,-0.77],[0,-1.15],[0,0],[0.38,-0.37],[0.69,0],[0.37,0.37],[0,0.7],[0,0],[0.21,0.3],[0.48,0],[0.32,-0.42],[0,-0.77],[0,0],[0.37,-0.37],[0.69,0],[0.37,0.37],[0,0.7],[0,0],[0.21,0.3],[0.48,0],[0.32,-0.42],[0,-0.77],[0,0],[1.44,0]],"o":[[-0.67,0],[-0.37,-0.37],[0,0],[0,-0.69],[0.37,-0.37],[0.67,0],[0.35,0.37],[0,0],[0,0],[0.34,-0.7],[0.67,-0.43],[0.86,0],[0.62,0.42],[0,0],[0.37,-0.78],[0.74,-0.45],[0.93,0],[0.59,0.35],[0.3,0.75],[0,0],[0,0.7],[-0.37,0.37],[-0.67,0],[-0.37,-0.37],[0,0],[0,-0.69],[-0.21,-0.3],[-0.59,0],[-0.3,0.42],[0,0],[0,0.7],[-0.37,0.37],[-0.69,0],[-0.37,-0.37],[0,0],[0,-0.69],[-0.21,-0.3],[-0.58,0],[-0.3,0.42],[0,0],[0,1.44],[0,0]],"v":[[3.41,22.22],[1.85,21.66],[1.3,20.06],[1.3,12.11],[1.82,10.53],[3.38,9.98],[4.92,10.53],[5.45,12.11],[5.45,13.43],[5.18,12.26],[6.67,10.58],[9.05,9.93],[11.26,10.55],[12.6,12.45],[12.26,12.45],[13.92,10.6],[16.37,9.93],[18.65,10.48],[19.97,12.16],[20.42,15.02],[20.42,20.06],[19.85,21.66],[18.26,22.22],[16.7,21.66],[16.15,20.06],[16.15,15.14],[15.84,13.65],[14.81,13.19],[13.44,13.82],[12.98,15.59],[12.98,20.06],[12.43,21.66],[10.85,22.22],[9.26,21.66],[8.71,20.06],[8.71,15.14],[8.4,13.65],[7.37,13.19],[6.02,13.82],[5.57,15.59],[5.57,20.06],[3.41,22.22]]}],"t":0},{"o":{"x":0,"y":0},"i":{"x":0.58,"y":1},"s":[{"c":true,"i":[[0,0],[0.37,0.37],[0,0.7],[0,0],[-0.35,0.37],[-0.67,0],[-0.35,-0.37],[0,-0.69],[0,0],[0,0],[-0.66,0.42],[-0.91,0],[-0.61,-0.42],[-0.27,-0.85],[0,0],[-0.74,0.45],[-0.9,0],[-0.59,-0.37],[-0.29,-0.77],[0,-1.15],[0,0],[0.38,-0.37],[0.69,0],[0.37,0.37],[0,0.7],[0,0],[0.21,0.3],[0.48,0],[0.32,-0.42],[0,-0.77],[0,0],[0.37,-0.37],[0.69,0],[0.37,0.37],[0,0.7],[0,0],[0.21,0.3],[0.48,0],[0.32,-0.42],[0,-0.77],[0,0],[1.44,0]],"o":[[-0.67,0],[-0.37,-0.37],[0,0],[0,-0.69],[0.37,-0.37],[0.67,0],[0.35,0.37],[0,0],[0,0],[0.34,-0.7],[0.67,-0.43],[0.86,0],[0.62,0.42],[0,0],[0.37,-0.78],[0.74,-0.45],[0.93,0],[0.59,0.35],[0.3,0.75],[0,0],[0,0.7],[-0.37,0.37],[-0.67,0],[-0.37,-0.37],[0,0],[0,-0.69],[-0.21,-0.3],[-0.59,0],[-0.3,0.42],[0,0],[0,0.7],[-0.37,0.37],[-0.69,0],[-0.37,-0.37],[0,0],[0,-0.69],[-0.21,-0.3],[-0.58,0],[-0.3,0.42],[0,0],[0,1.44],[0,0]],"v":[[3.41,22.22],[1.85,21.66],[1.3,20.06],[1.3,12.11],[1.82,10.53],[3.38,9.98],[4.92,10.53],[5.45,12.11],[5.45,13.43],[5.18,12.26],[6.67,10.58],[9.05,9.93],[11.26,10.55],[12.6,12.45],[12.26,12.45],[13.92,10.6],[16.37,9.93],[18.65,10.48],[19.97,12.16],[20.42,15.02],[20.42,20.06],[19.85,21.66],[18.26,22.22],[16.7,21.66],[16.15,20.06],[16.15,15.14],[15.84,13.65],[14.81,13.19],[13.44,13.82],[12.98,15.59],[12.98,20.06],[12.43,21.66],[10.85,22.22],[9.26,21.66],[8.71,20.06],[8.71,15.14],[8.4,13.65],[7.37,13.19],[6.02,13.82],[5.57,15.59],[5.57,20.06],[3.41,22.22]]}],"t":60},{"s":[{"c":true,"i":[[0,0],[0.37,0.37],[0,0.7],[0,0],[-0.35,0.37],[-0.67,0],[-0.35,-0.37],[0,-0.69],[0,0],[0,0],[-0.66,0.42],[-0.91,0],[-0.61,-0.42],[-0.27,-0.85],[0,0],[-0.74,0.45],[-0.9,0],[-0.59,-0.37],[-0.29,-0.77],[0,-1.15],[0,0],[0.38,-0.37],[0.69,0],[0.37,0.37],[0,0.7],[0,0],[0.21,0.3],[0.48,0],[0.32,-0.42],[0,-0.77],[0,0],[0.37,-0.37],[0.69,0],[0.37,0.37],[0,0.7],[0,0],[0.21,0.3],[0.48,0],[0.32,-0.42],[0,-0.77],[0,0],[1.44,0]],"o":[[-0.67,0],[-0.37,-0.37],[0,0],[0,-0.69],[0.37,-0.37],[0.67,0],[0.35,0.37],[0,0],[0,0],[0.34,-0.7],[0.67,-0.43],[0.86,0],[0.62,0.42],[0,0],[0.37,-0.78],[0.74,-0.45],[0.93,0],[0.59,0.35],[0.3,0.75],[0,0],[0,0.7],[-0.37,0.37],[-0.67,0],[-0.37,-0.37],[0,0],[0,-0.69],[-0.21,-0.3],[-0.59,0],[-0.3,0.42],[0,0],[0,0.7],[-0.37,0.37],[-0.69,0],[-0.37,-0.37],[0,0],[0,-0.69],[-0.21,-0.3],[-0.58,0],[-0.3,0.42],[0,0],[0,1.44],[0,0]],"v":[[3.41,22.22],[1.85,21.66],[1.3,20.06],[1.3,12.11],[1.82,10.53],[3.38,9.98],[4.92,10.53],[5.45,12.11],[5.45,13.43],[5.18,12.26],[6.67,10.58],[9.05,9.93],[11.26,10.55],[12.6,12.45],[12.26,12.45],[13.92,10.6],[16.37,9.93],[18.65,10.48],[19.97,12.16],[20.42,15.02],[20.42,20.06],[19.85,21.66],[18.26,22.22],[16.7,21.66],[16.15,20.06],[16.15,15.14],[15.84,13.65],[14.81,13.19],[13.44,13.82],[12.98,15.59],[12.98,20.06],[12.43,21.66],[10.85,22.22],[9.26,21.66],[8.71,20.06],[8.71,15.14],[8.4,13.65],[7.37,13.19],[6.02,13.82],[5.57,15.59],[5.57,20.06],[3.41,22.22]]}],"t":120}]}},{"ty":"sh","bm":0,"hd":false,"nm":"","d":1,"ks":{"a":1,"k":[{"o":{"x":0,"y":0},"i":{"x":0.58,"y":1},"s":[{"c":true,"i":[[0,0],[0.37,0.4],[0,0.75],[0,0],[-0.37,0.4],[-0.67,0],[-0.37,-0.4],[0,-0.75],[0,0],[0.37,-0.4],[0.7,0]],"o":[[-0.67,0],[-0.37,-0.4],[0,0],[0,-0.75],[0.37,-0.4],[0.69,0],[0.38,0.4],[0,0],[0,0.75],[-0.37,0.4],[0,0]],"v":[[25.02,22.22],[23.46,21.62],[22.9,19.89],[22.9,12.3],[23.46,10.58],[25.02,9.98],[26.6,10.58],[27.18,12.3],[27.18,19.89],[26.62,21.62],[25.02,22.22]]}],"t":0},{"o":{"x":0,"y":0},"i":{"x":0.58,"y":1},"s":[{"c":true,"i":[[0,0],[0.37,0.4],[0,0.75],[0,0],[-0.37,0.4],[-0.67,0],[-0.37,-0.4],[0,-0.75],[0,0],[0.37,-0.4],[0.7,0]],"o":[[-0.67,0],[-0.37,-0.4],[0,0],[0,-0.75],[0.37,-0.4],[0.69,0],[0.38,0.4],[0,0],[0,0.75],[-0.37,0.4],[0,0]],"v":[[25.02,22.22],[23.46,21.62],[22.9,19.89],[22.9,12.3],[23.46,10.58],[25.02,9.98],[26.6,10.58],[27.18,12.3],[27.18,19.89],[26.62,21.62],[25.02,22.22]]}],"t":60},{"s":[{"c":true,"i":[[0,0],[0.37,0.4],[0,0.75],[0,0],[-0.37,0.4],[-0.67,0],[-0.37,-0.4],[0,-0.75],[0,0],[0.37,-0.4],[0.7,0]],"o":[[-0.67,0],[-0.37,-0.4],[0,0],[0,-0.75],[0.37,-0.4],[0.69,0],[0.38,0.4],[0,0],[0,0.75],[-0.37,0.4],[0,0]],"v":[[25.02,22.22],[23.46,21.62],[22.9,19.89],[22.9,12.3],[23.46,10.58],[25.02,9.98],[26.6,10.58],[27.18,12.3],[27.18,19.89],[26.62,21.62],[25.02,22.22]]}],"t":120}]}},{"ty":"sh","bm":0,"hd":false,"nm":"","d":1,"ks":{"a":1,"k":[{"o":{"x":0,"y":0},"i":{"x":0.58,"y":1},"s":[{"c":true,"i":[[0,0],[0.42,0.35],[0,0.67],[-0.4,0.35],[-0.75,0],[-0.4,-0.35],[0,-0.66],[0.4,-0.35],[0.78,0]],"o":[[-0.75,0],[-0.4,-0.35],[0,-0.66],[0.42,-0.35],[0.78,0],[0.4,0.35],[0,0.67],[-0.4,0.35],[0,0]],"v":[[25.02,8.27],[23.26,7.74],[22.66,6.21],[23.26,4.7],[25.02,4.17],[26.79,4.7],[27.39,6.21],[26.79,7.74],[25.02,8.27]]}],"t":0},{"o":{"x":0,"y":0},"i":{"x":0.58,"y":1},"s":[{"c":true,"i":[[0,0],[0.42,0.35],[0,0.67],[-0.4,0.35],[-0.75,0],[-0.4,-0.35],[0,-0.66],[0.4,-0.35],[0.78,0]],"o":[[-0.75,0],[-0.4,-0.35],[0,-0.66],[0.42,-0.35],[0.78,0],[0.4,0.35],[0,0.67],[-0.4,0.35],[0,0]],"v":[[25.02,8.27],[23.26,7.74],[22.66,6.21],[23.26,4.7],[25.02,4.17],[26.79,4.7],[27.39,6.21],[26.79,7.74],[25.02,8.27]]}],"t":60},{"s":[{"c":true,"i":[[0,0],[0.42,0.35],[0,0.67],[-0.4,0.35],[-0.75,0],[-0.4,-0.35],[0,-0.66],[0.4,-0.35],[0.78,0]],"o":[[-0.75,0],[-0.4,-0.35],[0,-0.66],[0.42,-0.35],[0.78,0],[0.4,0.35],[0,0.67],[-0.4,0.35],[0,0]],"v":[[25.02,8.27],[23.26,7.74],[22.66,6.21],[23.26,4.7],[25.02,4.17],[26.79,4.7],[27.39,6.21],[26.79,7.74],[25.02,8.27]]}],"t":120}]}},{"ty":"sh","bm":0,"hd":false,"nm":"","d":1,"ks":{"a":1,"k":[{"o":{"x":0,"y":0},"i":{"x":0.58,"y":1},"s":[{"c":true,"i":[[0,0],[0.74,0.82],[0,1.66],[0,0],[-0.37,0.37],[-0.67,0],[-0.37,-0.37],[0,-0.7],[0,0],[-0.22,-0.27],[-0.37,0],[-0.11,0.02],[-0.14,0.02],[-0.13,-0.21],[0,-0.64],[0.22,-0.29],[0.46,-0.08],[0.24,-0.03],[0.21,0]],"o":[[-1.54,0],[-0.72,-0.83],[0,0],[0,-0.7],[0.37,-0.37],[0.69,0],[0.38,0.37],[0,0],[0,0.59],[0.24,0.27],[0.11,0],[0.13,-0.03],[0.27,0],[0.14,0.21],[0,0.56],[-0.22,0.27],[-0.13,0.02],[-0.24,0.03],[0,0]],"v":[[34.14,22.26],[30.73,21.04],[29.65,17.3],[29.65,7.02],[30.21,5.42],[31.77,4.86],[33.35,5.42],[33.93,7.02],[33.93,17.15],[34.26,18.45],[35.17,18.86],[35.51,18.83],[35.92,18.76],[36.52,19.07],[36.73,20.34],[36.4,21.62],[35.37,22.14],[34.81,22.22],[34.14,22.26]]}],"t":0},{"o":{"x":0,"y":0},"i":{"x":0.58,"y":1},"s":[{"c":true,"i":[[0,0],[0.74,0.82],[0,1.66],[0,0],[-0.37,0.37],[-0.67,0],[-0.37,-0.37],[0,-0.7],[0,0],[-0.22,-0.27],[-0.37,0],[-0.11,0.02],[-0.14,0.02],[-0.13,-0.21],[0,-0.64],[0.22,-0.29],[0.46,-0.08],[0.24,-0.03],[0.21,0]],"o":[[-1.54,0],[-0.72,-0.83],[0,0],[0,-0.7],[0.37,-0.37],[0.69,0],[0.38,0.37],[0,0],[0,0.59],[0.24,0.27],[0.11,0],[0.13,-0.03],[0.27,0],[0.14,0.21],[0,0.56],[-0.22,0.27],[-0.13,0.02],[-0.24,0.03],[0,0]],"v":[[34.14,22.26],[30.73,21.04],[29.65,17.3],[29.65,7.02],[30.21,5.42],[31.77,4.86],[33.35,5.42],[33.93,7.02],[33.93,17.15],[34.26,18.45],[35.17,18.86],[35.51,18.83],[35.92,18.76],[36.52,19.07],[36.73,20.34],[36.4,21.62],[35.37,22.14],[34.81,22.22],[34.14,22.26]]}],"t":60},{"s":[{"c":true,"i":[[0,0],[0.74,0.82],[0,1.66],[0,0],[-0.37,0.37],[-0.67,0],[-0.37,-0.37],[0,-0.7],[0,0],[-0.22,-0.27],[-0.37,0],[-0.11,0.02],[-0.14,0.02],[-0.13,-0.21],[0,-0.64],[0.22,-0.29],[0.46,-0.08],[0.24,-0.03],[0.21,0]],"o":[[-1.54,0],[-0.72,-0.83],[0,0],[0,-0.7],[0.37,-0.37],[0.69,0],[0.38,0.37],[0,0],[0,0.59],[0.24,0.27],[0.11,0],[0.13,-0.03],[0.27,0],[0.14,0.21],[0,0.56],[-0.22,0.27],[-0.13,0.02],[-0.24,0.03],[0,0]],"v":[[34.14,22.26],[30.73,21.04],[29.65,17.3],[29.65,7.02],[30.21,5.42],[31.77,4.86],[33.35,5.42],[33.93,7.02],[33.93,17.15],[34.26,18.45],[35.17,18.86],[35.51,18.83],[35.92,18.76],[36.52,19.07],[36.73,20.34],[36.4,21.62],[35.37,22.14],[34.81,22.22],[34.14,22.26]]}],"t":120}]}},{"ty":"sh","bm":0,"hd":false,"nm":"","d":1,"ks":{"a":1,"k":[{"o":{"x":0,"y":0},"i":{"x":0.58,"y":1},"s":[{"c":true,"i":[[0,0],[0.74,0.82],[0,1.66],[0,0],[-0.37,0.37],[-0.67,0],[-0.37,-0.37],[0,-0.7],[0,0],[-0.22,-0.27],[-0.37,0],[-0.11,0.02],[-0.14,0.02],[-0.13,-0.21],[0,-0.64],[0.22,-0.29],[0.46,-0.08],[0.24,-0.03],[0.21,0]],"o":[[-1.54,0],[-0.72,-0.83],[0,0],[0,-0.7],[0.37,-0.37],[0.69,0],[0.38,0.37],[0,0],[0,0.59],[0.24,0.27],[0.11,0],[0.13,-0.03],[0.27,0],[0.14,0.21],[0,0.56],[-0.22,0.27],[-0.13,0.02],[-0.24,0.03],[0,0]],"v":[[42.49,22.26],[39.08,21.04],[38,17.3],[38,7.02],[38.55,5.42],[40.11,4.86],[41.69,5.42],[42.27,7.02],[42.27,17.15],[42.61,18.45],[43.52,18.86],[43.85,18.83],[44.26,18.76],[44.86,19.07],[45.08,20.34],[44.74,21.62],[43.71,22.14],[43.16,22.22],[42.49,22.26]]}],"t":0},{"o":{"x":0,"y":0},"i":{"x":0.58,"y":1},"s":[{"c":true,"i":[[0,0],[0.74,0.82],[0,1.66],[0,0],[-0.37,0.37],[-0.67,0],[-0.37,-0.37],[0,-0.7],[0,0],[-0.22,-0.27],[-0.37,0],[-0.11,0.02],[-0.14,0.02],[-0.13,-0.21],[0,-0.64],[0.22,-0.29],[0.46,-0.08],[0.24,-0.03],[0.21,0]],"o":[[-1.54,0],[-0.72,-0.83],[0,0],[0,-0.7],[0.37,-0.37],[0.69,0],[0.38,0.37],[0,0],[0,0.59],[0.24,0.27],[0.11,0],[0.13,-0.03],[0.27,0],[0.14,0.21],[0,0.56],[-0.22,0.27],[-0.13,0.02],[-0.24,0.03],[0,0]],"v":[[42.49,22.26],[39.08,21.04],[38,17.3],[38,7.02],[38.55,5.42],[40.11,4.86],[41.69,5.42],[42.27,7.02],[42.27,17.15],[42.61,18.45],[43.52,18.86],[43.85,18.83],[44.26,18.76],[44.86,19.07],[45.08,20.34],[44.74,21.62],[43.71,22.14],[43.16,22.22],[42.49,22.26]]}],"t":60},{"s":[{"c":true,"i":[[0,0],[0.74,0.82],[0,1.66],[0,0],[-0.37,0.37],[-0.67,0],[-0.37,-0.37],[0,-0.7],[0,0],[-0.22,-0.27],[-0.37,0],[-0.11,0.02],[-0.14,0.02],[-0.13,-0.21],[0,-0.64],[0.22,-0.29],[0.46,-0.08],[0.24,-0.03],[0.21,0]],"o":[[-1.54,0],[-0.72,-0.83],[0,0],[0,-0.7],[0.37,-0.37],[0.69,0],[0.38,0.37],[0,0],[0,0.59],[0.24,0.27],[0.11,0],[0.13,-0.03],[0.27,0],[0.14,0.21],[0,0.56],[-0.22,0.27],[-0.13,0.02],[-0.24,0.03],[0,0]],"v":[[42.49,22.26],[39.08,21.04],[38,17.3],[38,7.02],[38.55,5.42],[40.11,4.86],[41.69,5.42],[42.27,7.02],[42.27,17.15],[42.61,18.45],[43.52,18.86],[43.85,18.83],[44.26,18.76],[44.86,19.07],[45.08,20.34],[44.74,21.62],[43.71,22.14],[43.16,22.22],[42.49,22.26]]}],"t":120}]}},{"ty":"sh","bm":0,"hd":false,"nm":"","d":1,"ks":{"a":1,"k":[{"o":{"x":0,"y":0},"i":{"x":0.58,"y":1},"s":[{"c":true,"i":[[0,0],[0.37,0.4],[0,0.75],[0,0],[-0.37,0.4],[-0.67,0],[-0.37,-0.4],[0,-0.75],[0,0],[0.37,-0.4],[0.7,0]],"o":[[-0.67,0],[-0.37,-0.4],[0,0],[0,-0.75],[0.37,-0.4],[0.69,0],[0.38,0.4],[0,0],[0,0.75],[-0.37,0.4],[0,0]],"v":[[48.45,22.22],[46.89,21.62],[46.34,19.89],[46.34,12.3],[46.89,10.58],[48.45,9.98],[50.04,10.58],[50.61,12.3],[50.61,19.89],[50.06,21.62],[48.45,22.22]]}],"t":0},{"o":{"x":0,"y":0},"i":{"x":0.58,"y":1},"s":[{"c":true,"i":[[0,0],[0.37,0.4],[0,0.75],[0,0],[-0.37,0.4],[-0.67,0],[-0.37,-0.4],[0,-0.75],[0,0],[0.37,-0.4],[0.7,0]],"o":[[-0.67,0],[-0.37,-0.4],[0,0],[0,-0.75],[0.37,-0.4],[0.69,0],[0.38,0.4],[0,0],[0,0.75],[-0.37,0.4],[0,0]],"v":[[48.45,22.22],[46.89,21.62],[46.34,19.89],[46.34,12.3],[46.89,10.58],[48.45,9.98],[50.04,10.58],[50.61,12.3],[50.61,19.89],[50.06,21.62],[48.45,22.22]]}],"t":60},{"s":[{"c":true,"i":[[0,0],[0.37,0.4],[0,0.75],[0,0],[-0.37,0.4],[-0.67,0],[-0.37,-0.4],[0,-0.75],[0,0],[0.37,-0.4],[0.7,0]],"o":[[-0.67,0],[-0.37,-0.4],[0,0],[0,-0.75],[0.37,-0.4],[0.69,0],[0.38,0.4],[0,0],[0,0.75],[-0.37,0.4],[0,0]],"v":[[48.45,22.22],[46.89,21.62],[46.34,19.89],[46.34,12.3],[46.89,10.58],[48.45,9.98],[50.04,10.58],[50.61,12.3],[50.61,19.89],[50.06,21.62],[48.45,22.22]]}],"t":120}]}},{"ty":"sh","bm":0,"hd":false,"nm":"","d":1,"ks":{"a":1,"k":[{"o":{"x":0,"y":0},"i":{"x":0.58,"y":1},"s":[{"c":true,"i":[[0,0],[0.42,0.35],[0,0.67],[-0.4,0.35],[-0.75,0],[-0.4,-0.35],[0,-0.66],[0.4,-0.35],[0.78,0]],"o":[[-0.75,0],[-0.4,-0.35],[0,-0.66],[0.42,-0.35],[0.78,0],[0.4,0.35],[0,0.67],[-0.4,0.35],[0,0]],"v":[[48.45,8.27],[46.7,7.74],[46.1,6.21],[46.7,4.7],[48.45,4.17],[50.23,4.7],[50.83,6.21],[50.23,7.74],[48.45,8.27]]}],"t":0},{"o":{"x":0,"y":0},"i":{"x":0.58,"y":1},"s":[{"c":true,"i":[[0,0],[0.42,0.35],[0,0.67],[-0.4,0.35],[-0.75,0],[-0.4,-0.35],[0,-0.66],[0.4,-0.35],[0.78,0]],"o":[[-0.75,0],[-0.4,-0.35],[0,-0.66],[0.42,-0.35],[0.78,0],[0.4,0.35],[0,0.67],[-0.4,0.35],[0,0]],"v":[[48.45,8.27],[46.7,7.74],[46.1,6.21],[46.7,4.7],[48.45,4.17],[50.23,4.7],[50.83,6.21],[50.23,7.74],[48.45,8.27]]}],"t":60},{"s":[{"c":true,"i":[[0,0],[0.42,0.35],[0,0.67],[-0.4,0.35],[-0.75,0],[-0.4,-0.35],[0,-0.66],[0.4,-0.35],[0.78,0]],"o":[[-0.75,0],[-0.4,-0.35],[0,-0.66],[0.42,-0.35],[0.78,0],[0.4,0.35],[0,0.67],[-0.4,0.35],[0,0]],"v":[[48.45,8.27],[46.7,7.74],[46.1,6.21],[46.7,4.7],[48.45,4.17],[50.23,4.7],[50.83,6.21],[50.23,7.74],[48.45,8.27]]}],"t":120}]}},{"ty":"sh","bm":0,"hd":false,"nm":"","d":1,"ks":{"a":1,"k":[{"o":{"x":0,"y":0},"i":{"x":0.58,"y":1},"s":[{"c":true,"i":[[0,0],[0.7,0.34],[0.4,0.58],[0,0.75],[-0.45,0.5],[-0.99,0.21],[-1.65,0],[0,0],[0,0],[0,0],[0.42,-0.1],[0.19,-0.19],[0,-0.29],[-0.26,-0.24],[-0.5,0],[-0.3,0.18],[-0.19,0.3],[0,0.42],[0,0],[0.3,0.24],[0.72,0],[0.48,-0.1],[0.59,-0.22],[0.3,0.11],[0.18,0.27],[0,0.32],[-0.19,0.29],[-0.42,0.16],[-0.64,0.1],[-0.54,0],[-0.85,-0.38],[-0.42,-0.78],[0,-1.22],[0,0],[0.34,-0.37],[0.64,0],[0.35,0.37],[0,0.7],[0,0],[0,0],[0.29,-0.37],[0.46,-0.21],[0.59,0]],"o":[[-0.91,0],[-0.69,-0.34],[-0.38,-0.59],[0,-0.86],[0.45,-0.5],[0.99,-0.22],[0,0],[0,0],[0,0],[-0.62,0],[-0.4,0.08],[-0.19,0.18],[0,0.37],[0.27,0.24],[0.4,0],[0.32,-0.18],[0.19,-0.32],[0,0],[0,-0.58],[-0.29,-0.24],[-0.38,0],[-0.48,0.08],[-0.43,0.16],[-0.3,-0.11],[-0.16,-0.27],[0.02,-0.32],[0.21,-0.29],[0.77,-0.29],[0.66,-0.1],[1.31,0],[0.86,0.37],[0.43,0.77],[0,0],[0,0.7],[-0.34,0.37],[-0.66,0],[-0.34,-0.37],[0,0],[0,0],[-0.08,0.51],[-0.29,0.37],[-0.46,0.21],[0,0]],"v":[[57.2,22.26],[54.77,21.76],[53.14,20.39],[52.56,18.38],[53.24,16.34],[55.4,15.28],[59.36,14.94],[60.68,14.94],[60.68,16.96],[59.36,16.96],[57.8,17.1],[56.91,17.51],[56.62,18.21],[57,19.12],[58.16,19.48],[59.21,19.22],[59.98,18.5],[60.27,17.39],[60.27,14.61],[59.81,13.38],[58.3,13.02],[57,13.17],[55.4,13.62],[54.29,13.7],[53.57,13.12],[53.33,12.23],[53.64,11.32],[54.58,10.65],[56.69,10.07],[58.49,9.93],[61.73,10.5],[63.65,12.23],[64.3,15.21],[64.3,20.06],[63.8,21.66],[62.33,22.22],[60.82,21.66],[60.32,20.06],[60.32,19.43],[60.46,19.77],[59.91,21.09],[58.78,21.95],[57.2,22.26]]}],"t":0},{"o":{"x":0,"y":0},"i":{"x":0.58,"y":1},"s":[{"c":true,"i":[[0,0],[0.7,0.34],[0.4,0.58],[0,0.75],[-0.45,0.5],[-0.99,0.21],[-1.65,0],[0,0],[0,0],[0,0],[0.42,-0.1],[0.19,-0.19],[0,-0.29],[-0.26,-0.24],[-0.5,0],[-0.3,0.18],[-0.19,0.3],[0,0.42],[0,0],[0.3,0.24],[0.72,0],[0.48,-0.1],[0.59,-0.22],[0.3,0.11],[0.18,0.27],[0,0.32],[-0.19,0.29],[-0.42,0.16],[-0.64,0.1],[-0.54,0],[-0.85,-0.38],[-0.42,-0.78],[0,-1.22],[0,0],[0.34,-0.37],[0.64,0],[0.35,0.37],[0,0.7],[0,0],[0,0],[0.29,-0.37],[0.46,-0.21],[0.59,0]],"o":[[-0.91,0],[-0.69,-0.34],[-0.38,-0.59],[0,-0.86],[0.45,-0.5],[0.99,-0.22],[0,0],[0,0],[0,0],[-0.62,0],[-0.4,0.08],[-0.19,0.18],[0,0.37],[0.27,0.24],[0.4,0],[0.32,-0.18],[0.19,-0.32],[0,0],[0,-0.58],[-0.29,-0.24],[-0.38,0],[-0.48,0.08],[-0.43,0.16],[-0.3,-0.11],[-0.16,-0.27],[0.02,-0.32],[0.21,-0.29],[0.77,-0.29],[0.66,-0.1],[1.31,0],[0.86,0.37],[0.43,0.77],[0,0],[0,0.7],[-0.34,0.37],[-0.66,0],[-0.34,-0.37],[0,0],[0,0],[-0.08,0.51],[-0.29,0.37],[-0.46,0.21],[0,0]],"v":[[57.2,22.26],[54.77,21.76],[53.14,20.39],[52.56,18.38],[53.24,16.34],[55.4,15.28],[59.36,14.94],[60.68,14.94],[60.68,16.96],[59.36,16.96],[57.8,17.1],[56.91,17.51],[56.62,18.21],[57,19.12],[58.16,19.48],[59.21,19.22],[59.98,18.5],[60.27,17.39],[60.27,14.61],[59.81,13.38],[58.3,13.02],[57,13.17],[55.4,13.62],[54.29,13.7],[53.57,13.12],[53.33,12.23],[53.64,11.32],[54.58,10.65],[56.69,10.07],[58.49,9.93],[61.73,10.5],[63.65,12.23],[64.3,15.21],[64.3,20.06],[63.8,21.66],[62.33,22.22],[60.82,21.66],[60.32,20.06],[60.32,19.43],[60.46,19.77],[59.91,21.09],[58.78,21.95],[57.2,22.26]]}],"t":60},{"s":[{"c":true,"i":[[0,0],[0.7,0.34],[0.4,0.58],[0,0.75],[-0.45,0.5],[-0.99,0.21],[-1.65,0],[0,0],[0,0],[0,0],[0.42,-0.1],[0.19,-0.19],[0,-0.29],[-0.26,-0.24],[-0.5,0],[-0.3,0.18],[-0.19,0.3],[0,0.42],[0,0],[0.3,0.24],[0.72,0],[0.48,-0.1],[0.59,-0.22],[0.3,0.11],[0.18,0.27],[0,0.32],[-0.19,0.29],[-0.42,0.16],[-0.64,0.1],[-0.54,0],[-0.85,-0.38],[-0.42,-0.78],[0,-1.22],[0,0],[0.34,-0.37],[0.64,0],[0.35,0.37],[0,0.7],[0,0],[0,0],[0.29,-0.37],[0.46,-0.21],[0.59,0]],"o":[[-0.91,0],[-0.69,-0.34],[-0.38,-0.59],[0,-0.86],[0.45,-0.5],[0.99,-0.22],[0,0],[0,0],[0,0],[-0.62,0],[-0.4,0.08],[-0.19,0.18],[0,0.37],[0.27,0.24],[0.4,0],[0.32,-0.18],[0.19,-0.32],[0,0],[0,-0.58],[-0.29,-0.24],[-0.38,0],[-0.48,0.08],[-0.43,0.16],[-0.3,-0.11],[-0.16,-0.27],[0.02,-0.32],[0.21,-0.29],[0.77,-0.29],[0.66,-0.1],[1.31,0],[0.86,0.37],[0.43,0.77],[0,0],[0,0.7],[-0.34,0.37],[-0.66,0],[-0.34,-0.37],[0,0],[0,0],[-0.08,0.51],[-0.29,0.37],[-0.46,0.21],[0,0]],"v":[[57.2,22.26],[54.77,21.76],[53.14,20.39],[52.56,18.38],[53.24,16.34],[55.4,15.28],[59.36,14.94],[60.68,14.94],[60.68,16.96],[59.36,16.96],[57.8,17.1],[56.91,17.51],[56.62,18.21],[57,19.12],[58.16,19.48],[59.21,19.22],[59.98,18.5],[60.27,17.39],[60.27,14.61],[59.81,13.38],[58.3,13.02],[57,13.17],[55.4,13.62],[54.29,13.7],[53.57,13.12],[53.33,12.23],[53.64,11.32],[54.58,10.65],[56.69,10.07],[58.49,9.93],[61.73,10.5],[63.65,12.23],[64.3,15.21],[64.3,20.06],[63.8,21.66],[62.33,22.22],[60.82,21.66],[60.32,20.06],[60.32,19.43],[60.46,19.77],[59.91,21.09],[58.78,21.95],[57.2,22.26]]}],"t":120}]}},{"ty":"sh","bm":0,"hd":false,"nm":"","d":1,"ks":{"a":1,"k":[{"o":{"x":0,"y":0},"i":{"x":0.58,"y":1},"s":[{"c":true,"i":[[0,0],[0.38,0.37],[0,0.7],[0,0],[-0.35,0.37],[-0.67,0],[-0.35,-0.37],[0,-0.69],[0,0],[0,0],[-0.66,0.56],[-0.99,0.03],[-0.22,-0.26],[-0.02,-0.67],[0.24,-0.34],[0.67,-0.06],[0,0],[0.38,-0.4],[0,-0.77],[0,0],[0.37,-0.37],[0.7,0]],"o":[[-0.7,0],[-0.37,-0.37],[0,0],[0,-0.69],[0.37,-0.37],[0.67,0],[0.35,0.37],[0,0],[0,0],[0.16,-0.96],[0.67,-0.56],[0.46,-0.02],[0.24,0.24],[0,0.58],[-0.24,0.34],[0,0],[-0.85,0.08],[-0.38,0.38],[0,0],[0,0.7],[-0.37,0.37],[0,0]],"v":[[68.92,22.22],[67.28,21.66],[66.73,20.06],[66.73,12.11],[67.26,10.53],[68.82,9.98],[70.36,10.53],[70.88,12.11],[70.88,13.1],[70.64,13.1],[71.87,10.82],[74.36,9.93],[75.4,10.29],[75.78,11.66],[75.42,13.02],[74.05,13.62],[73.5,13.67],[71.65,14.39],[71.08,16.12],[71.08,20.06],[70.52,21.66],[68.92,22.22]]}],"t":0},{"o":{"x":0,"y":0},"i":{"x":0.58,"y":1},"s":[{"c":true,"i":[[0,0],[0.38,0.37],[0,0.7],[0,0],[-0.35,0.37],[-0.67,0],[-0.35,-0.37],[0,-0.69],[0,0],[0,0],[-0.66,0.56],[-0.99,0.03],[-0.22,-0.26],[-0.02,-0.67],[0.24,-0.34],[0.67,-0.06],[0,0],[0.38,-0.4],[0,-0.77],[0,0],[0.37,-0.37],[0.7,0]],"o":[[-0.7,0],[-0.37,-0.37],[0,0],[0,-0.69],[0.37,-0.37],[0.67,0],[0.35,0.37],[0,0],[0,0],[0.16,-0.96],[0.67,-0.56],[0.46,-0.02],[0.24,0.24],[0,0.58],[-0.24,0.34],[0,0],[-0.85,0.08],[-0.38,0.38],[0,0],[0,0.7],[-0.37,0.37],[0,0]],"v":[[68.92,22.22],[67.28,21.66],[66.73,20.06],[66.73,12.11],[67.26,10.53],[68.82,9.98],[70.36,10.53],[70.88,12.11],[70.88,13.1],[70.64,13.1],[71.87,10.82],[74.36,9.93],[75.4,10.29],[75.78,11.66],[75.42,13.02],[74.05,13.62],[73.5,13.67],[71.65,14.39],[71.08,16.12],[71.08,20.06],[70.52,21.66],[68.92,22.22]]}],"t":60},{"s":[{"c":true,"i":[[0,0],[0.38,0.37],[0,0.7],[0,0],[-0.35,0.37],[-0.67,0],[-0.35,-0.37],[0,-0.69],[0,0],[0,0],[-0.66,0.56],[-0.99,0.03],[-0.22,-0.26],[-0.02,-0.67],[0.24,-0.34],[0.67,-0.06],[0,0],[0.38,-0.4],[0,-0.77],[0,0],[0.37,-0.37],[0.7,0]],"o":[[-0.7,0],[-0.37,-0.37],[0,0],[0,-0.69],[0.37,-0.37],[0.67,0],[0.35,0.37],[0,0],[0,0],[0.16,-0.96],[0.67,-0.56],[0.46,-0.02],[0.24,0.24],[0,0.58],[-0.24,0.34],[0,0],[-0.85,0.08],[-0.38,0.38],[0,0],[0,0.7],[-0.37,0.37],[0,0]],"v":[[68.92,22.22],[67.28,21.66],[66.73,20.06],[66.73,12.11],[67.26,10.53],[68.82,9.98],[70.36,10.53],[70.88,12.11],[70.88,13.1],[70.64,13.1],[71.87,10.82],[74.36,9.93],[75.4,10.29],[75.78,11.66],[75.42,13.02],[74.05,13.62],[73.5,13.67],[71.65,14.39],[71.08,16.12],[71.08,20.06],[70.52,21.66],[68.92,22.22]]}],"t":120}]}},{"ty":"sh","bm":0,"hd":false,"nm":"","d":1,"ks":{"a":1,"k":[{"o":{"x":0,"y":0},"i":{"x":0.58,"y":1},"s":[{"c":true,"i":[[0,0],[0.78,0.5],[0.45,0.93],[0,1.26],[-0.43,0.91],[-0.77,0.5],[-1.01,0],[-0.7,-0.42],[-0.24,-0.66],[0,0],[0,0],[-0.37,0.37],[-0.69,0],[-0.37,-0.37],[0,-0.7],[0,0],[0.37,-0.37],[0.69,0],[0.37,0.37],[0,0.7],[0,0],[0,0],[0.72,-0.45],[0.91,0]],"o":[[-1.01,0],[-0.77,-0.5],[-0.43,-0.93],[0,-1.3],[0.45,-0.91],[0.78,-0.5],[0.88,0],[0.7,0.42],[0,0],[0,0],[0,-0.7],[0.37,-0.37],[0.67,0],[0.38,0.37],[0,0],[0,0.7],[-0.35,0.37],[-0.67,0],[-0.37,-0.37],[0,0],[0,0],[-0.22,0.72],[-0.7,0.43],[0,0]],"v":[[81.54,22.26],[78.85,21.52],[77.02,19.38],[76.38,16.1],[77.02,12.78],[78.85,10.67],[81.54,9.93],[83.91,10.55],[85.33,12.16],[85.06,12.16],[85.06,7.02],[85.62,5.42],[87.2,4.86],[88.76,5.42],[89.34,7.02],[89.34,20.06],[88.78,21.66],[87.22,22.22],[85.66,21.66],[85.11,20.06],[85.11,18.69],[85.38,19.86],[83.96,21.62],[81.54,22.26]]}],"t":0},{"o":{"x":0,"y":0},"i":{"x":0.58,"y":1},"s":[{"c":true,"i":[[0,0],[0.78,0.5],[0.45,0.93],[0,1.26],[-0.43,0.91],[-0.77,0.5],[-1.01,0],[-0.7,-0.42],[-0.24,-0.66],[0,0],[0,0],[-0.37,0.37],[-0.69,0],[-0.37,-0.37],[0,-0.7],[0,0],[0.37,-0.37],[0.69,0],[0.37,0.37],[0,0.7],[0,0],[0,0],[0.72,-0.45],[0.91,0]],"o":[[-1.01,0],[-0.77,-0.5],[-0.43,-0.93],[0,-1.3],[0.45,-0.91],[0.78,-0.5],[0.88,0],[0.7,0.42],[0,0],[0,0],[0,-0.7],[0.37,-0.37],[0.67,0],[0.38,0.37],[0,0],[0,0.7],[-0.35,0.37],[-0.67,0],[-0.37,-0.37],[0,0],[0,0],[-0.22,0.72],[-0.7,0.43],[0,0]],"v":[[81.54,22.26],[78.85,21.52],[77.02,19.38],[76.38,16.1],[77.02,12.78],[78.85,10.67],[81.54,9.93],[83.91,10.55],[85.33,12.16],[85.06,12.16],[85.06,7.02],[85.62,5.42],[87.2,4.86],[88.76,5.42],[89.34,7.02],[89.34,20.06],[88.78,21.66],[87.22,22.22],[85.66,21.66],[85.11,20.06],[85.11,18.69],[85.38,19.86],[83.96,21.62],[81.54,22.26]]}],"t":60},{"s":[{"c":true,"i":[[0,0],[0.78,0.5],[0.45,0.93],[0,1.26],[-0.43,0.91],[-0.77,0.5],[-1.01,0],[-0.7,-0.42],[-0.24,-0.66],[0,0],[0,0],[-0.37,0.37],[-0.69,0],[-0.37,-0.37],[0,-0.7],[0,0],[0.37,-0.37],[0.69,0],[0.37,0.37],[0,0.7],[0,0],[0,0],[0.72,-0.45],[0.91,0]],"o":[[-1.01,0],[-0.77,-0.5],[-0.43,-0.93],[0,-1.3],[0.45,-0.91],[0.78,-0.5],[0.88,0],[0.7,0.42],[0,0],[0,0],[0,-0.7],[0.37,-0.37],[0.67,0],[0.38,0.37],[0,0],[0,0.7],[-0.35,0.37],[-0.67,0],[-0.37,-0.37],[0,0],[0,0],[-0.22,0.72],[-0.7,0.43],[0,0]],"v":[[81.54,22.26],[78.85,21.52],[77.02,19.38],[76.38,16.1],[77.02,12.78],[78.85,10.67],[81.54,9.93],[83.91,10.55],[85.33,12.16],[85.06,12.16],[85.06,7.02],[85.62,5.42],[87.2,4.86],[88.76,5.42],[89.34,7.02],[89.34,20.06],[88.78,21.66],[87.22,22.22],[85.66,21.66],[85.11,20.06],[85.11,18.69],[85.38,19.86],[83.96,21.62],[81.54,22.26]]}],"t":120}]}},{"ty":"sh","bm":0,"hd":false,"nm":"","d":1,"ks":{"a":1,"k":[{"o":{"x":0,"y":0},"i":{"x":0.58,"y":1},"s":[{"c":true,"i":[[0,0],[-0.34,0.21],[-0.18,0.43],[0,0.7],[0.42,0.46],[0.64,0],[0.34,-0.21],[0.19,-0.45],[0,-0.72],[-0.42,-0.48],[-0.66,0]],"o":[[0.43,0],[0.34,-0.22],[0.19,-0.45],[0,-1.07],[-0.42,-0.48],[-0.43,0],[-0.34,0.21],[-0.19,0.43],[0,1.06],[0.42,0.48],[0,0]],"v":[[82.9,19.12],[84.06,18.81],[84.82,17.82],[85.11,16.1],[84.49,13.79],[82.9,13.07],[81.75,13.38],[80.96,14.37],[80.67,16.1],[81.3,18.4],[82.9,19.12]]}],"t":0},{"o":{"x":0,"y":0},"i":{"x":0.58,"y":1},"s":[{"c":true,"i":[[0,0],[-0.34,0.21],[-0.18,0.43],[0,0.7],[0.42,0.46],[0.64,0],[0.34,-0.21],[0.19,-0.45],[0,-0.72],[-0.42,-0.48],[-0.66,0]],"o":[[0.43,0],[0.34,-0.22],[0.19,-0.45],[0,-1.07],[-0.42,-0.48],[-0.43,0],[-0.34,0.21],[-0.19,0.43],[0,1.06],[0.42,0.48],[0,0]],"v":[[82.9,19.12],[84.06,18.81],[84.82,17.82],[85.11,16.1],[84.49,13.79],[82.9,13.07],[81.75,13.38],[80.96,14.37],[80.67,16.1],[81.3,18.4],[82.9,19.12]]}],"t":60},{"s":[{"c":true,"i":[[0,0],[-0.34,0.21],[-0.18,0.43],[0,0.7],[0.42,0.46],[0.64,0],[0.34,-0.21],[0.19,-0.45],[0,-0.72],[-0.42,-0.48],[-0.66,0]],"o":[[0.43,0],[0.34,-0.22],[0.19,-0.45],[0,-1.07],[-0.42,-0.48],[-0.43,0],[-0.34,0.21],[-0.19,0.43],[0,1.06],[0.42,0.48],[0,0]],"v":[[82.9,19.12],[84.06,18.81],[84.82,17.82],[85.11,16.1],[84.49,13.79],[82.9,13.07],[81.75,13.38],[80.96,14.37],[80.67,16.1],[81.3,18.4],[82.9,19.12]]}],"t":120}]}},{"ty":"sh","bm":0,"hd":false,"nm":"","d":1,"ks":{"a":1,"k":[{"o":{"x":0,"y":0},"i":{"x":0.58,"y":1},"s":[{"c":true,"i":[[0,0],[0.74,0.11],[0.59,0.27],[0.18,0.27],[0,0.3],[-0.16,0.24],[-0.27,0.1],[-0.35,-0.13],[-0.53,-0.11],[-0.5,0],[-0.26,0.16],[0,0.27],[0.18,0.13],[0.3,0.05],[0,0],[0.54,0.54],[0,0.9],[-0.46,0.59],[-0.82,0.32],[-1.07,0],[-0.59,-0.11],[-0.56,-0.27],[-0.14,-0.27],[0.03,-0.3],[0.18,-0.26],[0.29,-0.1],[0.38,0.13],[0.42,0.1],[0.35,0],[0.27,-0.18],[0,-0.27],[-0.14,-0.14],[-0.3,-0.05],[0,0],[-0.54,-0.54],[0,-0.91],[0.99,-0.72],[1.65,0]],"o":[[-0.7,0],[-0.72,-0.1],[-0.4,-0.16],[-0.16,-0.27],[0.02,-0.3],[0.18,-0.26],[0.29,-0.11],[0.67,0.24],[0.54,0.1],[0.59,0],[0.26,-0.18],[0,-0.24],[-0.16,-0.13],[0,0],[-0.99,-0.18],[-0.54,-0.56],[0,-0.83],[0.48,-0.61],[0.83,-0.34],[0.72,0],[0.59,0.1],[0.35,0.14],[0.15,0.27],[-0.03,0.29],[-0.16,0.24],[-0.29,0.08],[-0.53,-0.21],[-0.4,-0.1],[-0.66,0],[-0.27,0.18],[0,0.21],[0.14,0.13],[0,0],[1.02,0.16],[0.56,0.53],[0,1.3],[-0.99,0.7],[0,0]],"v":[[96.51,22.26],[94.35,22.1],[92.39,21.54],[91.52,20.9],[91.28,20.03],[91.55,19.22],[92.22,18.69],[93.18,18.71],[94.98,19.24],[96.54,19.38],[97.81,19.14],[98.19,18.47],[97.93,17.92],[97.23,17.66],[94.57,17.22],[92.27,16.14],[91.45,13.96],[92.15,11.82],[94.09,10.43],[96.95,9.93],[98.91,10.1],[100.64,10.65],[101.39,11.27],[101.56,12.14],[101.24,12.95],[100.57,13.46],[99.56,13.38],[98.15,12.93],[97.02,12.78],[95.63,13.05],[95.22,13.72],[95.43,14.25],[96.11,14.51],[98.77,14.97],[101.12,16.02],[101.96,18.18],[100.48,21.21],[96.51,22.26]]}],"t":0},{"o":{"x":0,"y":0},"i":{"x":0.58,"y":1},"s":[{"c":true,"i":[[0,0],[0.74,0.11],[0.59,0.27],[0.18,0.27],[0,0.3],[-0.16,0.24],[-0.27,0.1],[-0.35,-0.13],[-0.53,-0.11],[-0.5,0],[-0.26,0.16],[0,0.27],[0.18,0.13],[0.3,0.05],[0,0],[0.54,0.54],[0,0.9],[-0.46,0.59],[-0.82,0.32],[-1.07,0],[-0.59,-0.11],[-0.56,-0.27],[-0.14,-0.27],[0.03,-0.3],[0.18,-0.26],[0.29,-0.1],[0.38,0.13],[0.42,0.1],[0.35,0],[0.27,-0.18],[0,-0.27],[-0.14,-0.14],[-0.3,-0.05],[0,0],[-0.54,-0.54],[0,-0.91],[0.99,-0.72],[1.65,0]],"o":[[-0.7,0],[-0.72,-0.1],[-0.4,-0.16],[-0.16,-0.27],[0.02,-0.3],[0.18,-0.26],[0.29,-0.11],[0.67,0.24],[0.54,0.1],[0.59,0],[0.26,-0.18],[0,-0.24],[-0.16,-0.13],[0,0],[-0.99,-0.18],[-0.54,-0.56],[0,-0.83],[0.48,-0.61],[0.83,-0.34],[0.72,0],[0.59,0.1],[0.35,0.14],[0.15,0.27],[-0.03,0.29],[-0.16,0.24],[-0.29,0.08],[-0.53,-0.21],[-0.4,-0.1],[-0.66,0],[-0.27,0.18],[0,0.21],[0.14,0.13],[0,0],[1.02,0.16],[0.56,0.53],[0,1.3],[-0.99,0.7],[0,0]],"v":[[96.51,22.26],[94.35,22.1],[92.39,21.54],[91.52,20.9],[91.28,20.03],[91.55,19.22],[92.22,18.69],[93.18,18.71],[94.98,19.24],[96.54,19.38],[97.81,19.14],[98.19,18.47],[97.93,17.92],[97.23,17.66],[94.57,17.22],[92.27,16.14],[91.45,13.96],[92.15,11.82],[94.09,10.43],[96.95,9.93],[98.91,10.1],[100.64,10.65],[101.39,11.27],[101.56,12.14],[101.24,12.95],[100.57,13.46],[99.56,13.38],[98.15,12.93],[97.02,12.78],[95.63,13.05],[95.22,13.72],[95.43,14.25],[96.11,14.51],[98.77,14.97],[101.12,16.02],[101.96,18.18],[100.48,21.21],[96.51,22.26]]}],"t":60},{"s":[{"c":true,"i":[[0,0],[0.74,0.11],[0.59,0.27],[0.18,0.27],[0,0.3],[-0.16,0.24],[-0.27,0.1],[-0.35,-0.13],[-0.53,-0.11],[-0.5,0],[-0.26,0.16],[0,0.27],[0.18,0.13],[0.3,0.05],[0,0],[0.54,0.54],[0,0.9],[-0.46,0.59],[-0.82,0.32],[-1.07,0],[-0.59,-0.11],[-0.56,-0.27],[-0.14,-0.27],[0.03,-0.3],[0.18,-0.26],[0.29,-0.1],[0.38,0.13],[0.42,0.1],[0.35,0],[0.27,-0.18],[0,-0.27],[-0.14,-0.14],[-0.3,-0.05],[0,0],[-0.54,-0.54],[0,-0.91],[0.99,-0.72],[1.65,0]],"o":[[-0.7,0],[-0.72,-0.1],[-0.4,-0.16],[-0.16,-0.27],[0.02,-0.3],[0.18,-0.26],[0.29,-0.11],[0.67,0.24],[0.54,0.1],[0.59,0],[0.26,-0.18],[0,-0.24],[-0.16,-0.13],[0,0],[-0.99,-0.18],[-0.54,-0.56],[0,-0.83],[0.48,-0.61],[0.83,-0.34],[0.72,0],[0.59,0.1],[0.35,0.14],[0.15,0.27],[-0.03,0.29],[-0.16,0.24],[-0.29,0.08],[-0.53,-0.21],[-0.4,-0.1],[-0.66,0],[-0.27,0.18],[0,0.21],[0.14,0.13],[0,0],[1.02,0.16],[0.56,0.53],[0,1.3],[-0.99,0.7],[0,0]],"v":[[96.51,22.26],[94.35,22.1],[92.39,21.54],[91.52,20.9],[91.28,20.03],[91.55,19.22],[92.22,18.69],[93.18,18.71],[94.98,19.24],[96.54,19.38],[97.81,19.14],[98.19,18.47],[97.93,17.92],[97.23,17.66],[94.57,17.22],[92.27,16.14],[91.45,13.96],[92.15,11.82],[94.09,10.43],[96.95,9.93],[98.91,10.1],[100.64,10.65],[101.39,11.27],[101.56,12.14],[101.24,12.95],[100.57,13.46],[99.56,13.38],[98.15,12.93],[97.02,12.78],[95.63,13.05],[95.22,13.72],[95.43,14.25],[96.11,14.51],[98.77,14.97],[101.12,16.02],[101.96,18.18],[100.48,21.21],[96.51,22.26]]}],"t":120}]}},{"ty":"sh","bm":0,"hd":false,"nm":"","d":1,"ks":{"a":1,"k":[{"o":{"x":0,"y":0},"i":{"x":0.58,"y":1},"s":[{"c":true,"i":[[0,0],[0.62,0.32],[0.3,0.62],[0,0.91],[0,0],[0,0],[0.14,0.13],[0,0.24],[-0.14,0.13],[-0.27,0],[0,0],[0,0],[-0.18,0.16],[-0.3,0],[-0.16,-0.18],[0,-0.32],[0,0],[0,0],[-0.14,-0.13],[0,-0.24],[0.14,-0.14],[0.27,0],[0,0],[0,0],[-0.38,-0.48],[-0.86,0],[-0.21,0.06],[-0.14,0],[-0.1,-0.11],[0,-0.27],[0.08,-0.16],[0.18,-0.06],[0.32,-0.05],[0.26,0]],"o":[[-0.91,0],[-0.61,-0.34],[-0.3,-0.64],[0,0],[0,0],[-0.27,0],[-0.14,-0.14],[0,-0.24],[0.14,-0.13],[0,0],[0,0],[0,-0.32],[0.18,-0.18],[0.3,0],[0.18,0.16],[0,0],[0,0],[0.27,0],[0.14,0.13],[0,0.24],[-0.14,0.13],[0,0],[0,0],[0,0.91],[0.38,0.46],[0.3,0],[0.22,-0.06],[0.14,-0.02],[0.1,0.11],[0,0.19],[-0.06,0.16],[-0.19,0.06],[-0.3,0.06],[0,0]],"v":[[6.5,51.22],[4.2,50.74],[2.83,49.3],[2.38,46.97],[2.38,40.85],[0.77,40.85],[0.14,40.66],[-0.07,40.08],[0.14,39.53],[0.77,39.34],[2.38,39.34],[2.38,36.58],[2.64,35.86],[3.36,35.59],[4.06,35.86],[4.32,36.58],[4.32,39.34],[7.34,39.34],[7.97,39.53],[8.18,40.08],[7.97,40.66],[7.34,40.85],[4.32,40.85],[4.32,46.78],[4.9,48.86],[6.77,49.56],[7.54,49.46],[8.09,49.37],[8.45,49.51],[8.59,50.09],[8.47,50.62],[8.11,50.95],[7.34,51.12],[6.5,51.22]]}],"t":0},{"o":{"x":0,"y":0},"i":{"x":0.58,"y":1},"s":[{"c":true,"i":[[0,0],[0.62,0.32],[0.3,0.62],[0,0.91],[0,0],[0,0],[0.14,0.13],[0,0.24],[-0.14,0.13],[-0.27,0],[0,0],[0,0],[-0.18,0.16],[-0.3,0],[-0.16,-0.18],[0,-0.32],[0,0],[0,0],[-0.14,-0.13],[0,-0.24],[0.14,-0.14],[0.27,0],[0,0],[0,0],[-0.38,-0.48],[-0.86,0],[-0.21,0.06],[-0.14,0],[-0.1,-0.11],[0,-0.27],[0.08,-0.16],[0.18,-0.06],[0.32,-0.05],[0.26,0]],"o":[[-0.91,0],[-0.61,-0.34],[-0.3,-0.64],[0,0],[0,0],[-0.27,0],[-0.14,-0.14],[0,-0.24],[0.14,-0.13],[0,0],[0,0],[0,-0.32],[0.18,-0.18],[0.3,0],[0.18,0.16],[0,0],[0,0],[0.27,0],[0.14,0.13],[0,0.24],[-0.14,0.13],[0,0],[0,0],[0,0.91],[0.38,0.46],[0.3,0],[0.22,-0.06],[0.14,-0.02],[0.1,0.11],[0,0.19],[-0.06,0.16],[-0.19,0.06],[-0.3,0.06],[0,0]],"v":[[6.5,51.22],[4.2,50.74],[2.83,49.3],[2.38,46.97],[2.38,40.85],[0.77,40.85],[0.14,40.66],[-0.07,40.08],[0.14,39.53],[0.77,39.34],[2.38,39.34],[2.38,36.58],[2.64,35.86],[3.36,35.59],[4.06,35.86],[4.32,36.58],[4.32,39.34],[7.34,39.34],[7.97,39.53],[8.18,40.08],[7.97,40.66],[7.34,40.85],[4.32,40.85],[4.32,46.78],[4.9,48.86],[6.77,49.56],[7.54,49.46],[8.09,49.37],[8.45,49.51],[8.59,50.09],[8.47,50.62],[8.11,50.95],[7.34,51.12],[6.5,51.22]]}],"t":60},{"s":[{"c":true,"i":[[0,0],[0.62,0.32],[0.3,0.62],[0,0.91],[0,0],[0,0],[0.14,0.13],[0,0.24],[-0.14,0.13],[-0.27,0],[0,0],[0,0],[-0.18,0.16],[-0.3,0],[-0.16,-0.18],[0,-0.32],[0,0],[0,0],[-0.14,-0.13],[0,-0.24],[0.14,-0.14],[0.27,0],[0,0],[0,0],[-0.38,-0.48],[-0.86,0],[-0.21,0.06],[-0.14,0],[-0.1,-0.11],[0,-0.27],[0.08,-0.16],[0.18,-0.06],[0.32,-0.05],[0.26,0]],"o":[[-0.91,0],[-0.61,-0.34],[-0.3,-0.64],[0,0],[0,0],[-0.27,0],[-0.14,-0.14],[0,-0.24],[0.14,-0.13],[0,0],[0,0],[0,-0.32],[0.18,-0.18],[0.3,0],[0.18,0.16],[0,0],[0,0],[0.27,0],[0.14,0.13],[0,0.24],[-0.14,0.13],[0,0],[0,0],[0,0.91],[0.38,0.46],[0.3,0],[0.22,-0.06],[0.14,-0.02],[0.1,0.11],[0,0.19],[-0.06,0.16],[-0.19,0.06],[-0.3,0.06],[0,0]],"v":[[6.5,51.22],[4.2,50.74],[2.83,49.3],[2.38,46.97],[2.38,40.85],[0.77,40.85],[0.14,40.66],[-0.07,40.08],[0.14,39.53],[0.77,39.34],[2.38,39.34],[2.38,36.58],[2.64,35.86],[3.36,35.59],[4.06,35.86],[4.32,36.58],[4.32,39.34],[7.34,39.34],[7.97,39.53],[8.18,40.08],[7.97,40.66],[7.34,40.85],[4.32,40.85],[4.32,46.78],[4.9,48.86],[6.77,49.56],[7.54,49.46],[8.09,49.37],[8.45,49.51],[8.59,50.09],[8.47,50.62],[8.11,50.95],[7.34,51.12],[6.5,51.22]]}],"t":120}]}},{"ty":"sh","bm":0,"hd":false,"nm":"","d":1,"ks":{"a":1,"k":[{"o":{"x":0,"y":0},"i":{"x":0.58,"y":1},"s":[{"c":true,"i":[[0,0],[0.83,0.5],[0.46,0.9],[0,1.23],[-0.26,0.74],[-0.5,0.53],[-0.67,0.27],[-0.85,0],[-0.83,-0.5],[-0.45,-0.91],[0,-1.23],[0.26,-0.74],[0.5,-0.54],[0.69,-0.29],[0.85,0]],"o":[[-1.14,0],[-0.83,-0.5],[-0.45,-0.91],[0,-0.93],[0.26,-0.75],[0.5,-0.53],[0.69,-0.29],[1.14,0],[0.83,0.5],[0.46,0.9],[0,0.93],[-0.26,0.74],[-0.5,0.53],[-0.67,0.27],[0,0]],"v":[[14.95,51.22],[11.99,50.47],[10.05,48.38],[9.38,45.17],[9.76,42.67],[10.89,40.75],[12.64,39.55],[14.95,39.12],[17.9,39.86],[19.82,41.98],[20.51,45.17],[20.13,47.66],[19,49.58],[17.23,50.81],[14.95,51.22]]}],"t":0},{"o":{"x":0,"y":0},"i":{"x":0.58,"y":1},"s":[{"c":true,"i":[[0,0],[0.83,0.5],[0.46,0.9],[0,1.23],[-0.26,0.74],[-0.5,0.53],[-0.67,0.27],[-0.85,0],[-0.83,-0.5],[-0.45,-0.91],[0,-1.23],[0.26,-0.74],[0.5,-0.54],[0.69,-0.29],[0.85,0]],"o":[[-1.14,0],[-0.83,-0.5],[-0.45,-0.91],[0,-0.93],[0.26,-0.75],[0.5,-0.53],[0.69,-0.29],[1.14,0],[0.83,0.5],[0.46,0.9],[0,0.93],[-0.26,0.74],[-0.5,0.53],[-0.67,0.27],[0,0]],"v":[[14.95,51.22],[11.99,50.47],[10.05,48.38],[9.38,45.17],[9.76,42.67],[10.89,40.75],[12.64,39.55],[14.95,39.12],[17.9,39.86],[19.82,41.98],[20.51,45.17],[20.13,47.66],[19,49.58],[17.23,50.81],[14.95,51.22]]}],"t":60},{"s":[{"c":true,"i":[[0,0],[0.83,0.5],[0.46,0.9],[0,1.23],[-0.26,0.74],[-0.5,0.53],[-0.67,0.27],[-0.85,0],[-0.83,-0.5],[-0.45,-0.91],[0,-1.23],[0.26,-0.74],[0.5,-0.54],[0.69,-0.29],[0.85,0]],"o":[[-1.14,0],[-0.83,-0.5],[-0.45,-0.91],[0,-0.93],[0.26,-0.75],[0.5,-0.53],[0.69,-0.29],[1.14,0],[0.83,0.5],[0.46,0.9],[0,0.93],[-0.26,0.74],[-0.5,0.53],[-0.67,0.27],[0,0]],"v":[[14.95,51.22],[11.99,50.47],[10.05,48.38],[9.38,45.17],[9.76,42.67],[10.89,40.75],[12.64,39.55],[14.95,39.12],[17.9,39.86],[19.82,41.98],[20.51,45.17],[20.13,47.66],[19,49.58],[17.23,50.81],[14.95,51.22]]}],"t":120}]}},{"ty":"sh","bm":0,"hd":false,"nm":"","d":1,"ks":{"a":1,"k":[{"o":{"x":0,"y":0},"i":{"x":0.58,"y":1},"s":[{"c":true,"i":[[0,0],[-0.54,0.35],[-0.29,0.67],[0,0.94],[0.66,0.77],[1.1,0],[0.54,-0.35],[0.3,-0.67],[0,-0.98],[-0.66,-0.78],[-1.09,0]],"o":[[0.72,0],[0.54,-0.35],[0.3,-0.67],[0,-1.46],[-0.64,-0.77],[-0.74,0],[-0.53,0.34],[-0.29,0.66],[0,1.44],[0.66,0.77],[0,0]],"v":[[14.95,49.66],[16.84,49.13],[18.09,47.59],[18.55,45.17],[17.56,41.83],[14.95,40.68],[13.03,41.21],[11.78,42.72],[11.35,45.17],[12.33,48.5],[14.95,49.66]]}],"t":0},{"o":{"x":0,"y":0},"i":{"x":0.58,"y":1},"s":[{"c":true,"i":[[0,0],[-0.54,0.35],[-0.29,0.67],[0,0.94],[0.66,0.77],[1.1,0],[0.54,-0.35],[0.3,-0.67],[0,-0.98],[-0.66,-0.78],[-1.09,0]],"o":[[0.72,0],[0.54,-0.35],[0.3,-0.67],[0,-1.46],[-0.64,-0.77],[-0.74,0],[-0.53,0.34],[-0.29,0.66],[0,1.44],[0.66,0.77],[0,0]],"v":[[14.95,49.66],[16.84,49.13],[18.09,47.59],[18.55,45.17],[17.56,41.83],[14.95,40.68],[13.03,41.21],[11.78,42.72],[11.35,45.17],[12.33,48.5],[14.95,49.66]]}],"t":60},{"s":[{"c":true,"i":[[0,0],[-0.54,0.35],[-0.29,0.67],[0,0.94],[0.66,0.77],[1.1,0],[0.54,-0.35],[0.3,-0.67],[0,-0.98],[-0.66,-0.78],[-1.09,0]],"o":[[0.72,0],[0.54,-0.35],[0.3,-0.67],[0,-1.46],[-0.64,-0.77],[-0.74,0],[-0.53,0.34],[-0.29,0.66],[0,1.44],[0.66,0.77],[0,0]],"v":[[14.95,49.66],[16.84,49.13],[18.09,47.59],[18.55,45.17],[17.56,41.83],[14.95,40.68],[13.03,41.21],[11.78,42.72],[11.35,45.17],[12.33,48.5],[14.95,49.66]]}],"t":120}]}},{"ty":"sh","bm":0,"hd":false,"nm":"","d":1,"ks":{"a":1,"k":[{"o":{"x":0,"y":0},"i":{"x":0.58,"y":1},"s":[{"c":true,"i":[[0,0],[0.16,0.18],[0,0.32],[0,0],[-0.16,0.16],[-0.3,0],[-0.16,-0.18],[0,-0.32],[0,0],[0,0],[-0.75,0.46],[-0.99,0],[-0.61,-0.34],[-0.3,-0.69],[0,-1.04],[0,0],[0.18,-0.18],[0.3,0],[0.18,0.18],[0,0.32],[0,0],[0.43,0.5],[0.93,0],[0.64,-0.67],[0,-1.1],[0,0],[0.66,0]],"o":[[-0.32,0],[-0.16,-0.18],[0,0],[0,-0.32],[0.16,-0.18],[0.3,0],[0.18,0.16],[0,0],[0,0],[0.34,-0.93],[0.77,-0.48],[0.93,0],[0.62,0.34],[0.3,0.67],[0,0],[0,0.32],[-0.16,0.18],[-0.32,0],[-0.16,-0.18],[0,0],[0,-1.09],[-0.42,-0.51],[-1.07,0],[-0.62,0.66],[0,0],[0,0.67],[0,0]],"v":[[24.39,51.17],[23.67,50.9],[23.43,50.16],[23.43,40.15],[23.67,39.43],[24.37,39.17],[25.07,39.43],[25.33,40.15],[25.33,42.22],[25.07,41.93],[26.7,39.84],[29.34,39.12],[31.64,39.62],[33.03,41.16],[33.49,43.73],[33.49,50.16],[33.23,50.9],[32.53,51.17],[31.79,50.9],[31.55,50.16],[31.55,43.85],[30.9,41.47],[28.88,40.7],[26.31,41.71],[25.38,44.35],[25.38,50.16],[24.39,51.17]]}],"t":0},{"o":{"x":0,"y":0},"i":{"x":0.58,"y":1},"s":[{"c":true,"i":[[0,0],[0.16,0.18],[0,0.32],[0,0],[-0.16,0.16],[-0.3,0],[-0.16,-0.18],[0,-0.32],[0,0],[0,0],[-0.75,0.46],[-0.99,0],[-0.61,-0.34],[-0.3,-0.69],[0,-1.04],[0,0],[0.18,-0.18],[0.3,0],[0.18,0.18],[0,0.32],[0,0],[0.43,0.5],[0.93,0],[0.64,-0.67],[0,-1.1],[0,0],[0.66,0]],"o":[[-0.32,0],[-0.16,-0.18],[0,0],[0,-0.32],[0.16,-0.18],[0.3,0],[0.18,0.16],[0,0],[0,0],[0.34,-0.93],[0.77,-0.48],[0.93,0],[0.62,0.34],[0.3,0.67],[0,0],[0,0.32],[-0.16,0.18],[-0.32,0],[-0.16,-0.18],[0,0],[0,-1.09],[-0.42,-0.51],[-1.07,0],[-0.62,0.66],[0,0],[0,0.67],[0,0]],"v":[[24.39,51.17],[23.67,50.9],[23.43,50.16],[23.43,40.15],[23.67,39.43],[24.37,39.17],[25.07,39.43],[25.33,40.15],[25.33,42.22],[25.07,41.93],[26.7,39.84],[29.34,39.12],[31.64,39.62],[33.03,41.16],[33.49,43.73],[33.49,50.16],[33.23,50.9],[32.53,51.17],[31.79,50.9],[31.55,50.16],[31.55,43.85],[30.9,41.47],[28.88,40.7],[26.31,41.71],[25.38,44.35],[25.38,50.16],[24.39,51.17]]}],"t":60},{"s":[{"c":true,"i":[[0,0],[0.16,0.18],[0,0.32],[0,0],[-0.16,0.16],[-0.3,0],[-0.16,-0.18],[0,-0.32],[0,0],[0,0],[-0.75,0.46],[-0.99,0],[-0.61,-0.34],[-0.3,-0.69],[0,-1.04],[0,0],[0.18,-0.18],[0.3,0],[0.18,0.18],[0,0.32],[0,0],[0.43,0.5],[0.93,0],[0.64,-0.67],[0,-1.1],[0,0],[0.66,0]],"o":[[-0.32,0],[-0.16,-0.18],[0,0],[0,-0.32],[0.16,-0.18],[0.3,0],[0.18,0.16],[0,0],[0,0],[0.34,-0.93],[0.77,-0.48],[0.93,0],[0.62,0.34],[0.3,0.67],[0,0],[0,0.32],[-0.16,0.18],[-0.32,0],[-0.16,-0.18],[0,0],[0,-1.09],[-0.42,-0.51],[-1.07,0],[-0.62,0.66],[0,0],[0,0.67],[0,0]],"v":[[24.39,51.17],[23.67,50.9],[23.43,50.16],[23.43,40.15],[23.67,39.43],[24.37,39.17],[25.07,39.43],[25.33,40.15],[25.33,42.22],[25.07,41.93],[26.7,39.84],[29.34,39.12],[31.64,39.62],[33.03,41.16],[33.49,43.73],[33.49,50.16],[33.23,50.9],[32.53,51.17],[31.79,50.9],[31.55,50.16],[31.55,43.85],[30.9,41.47],[28.88,40.7],[26.31,41.71],[25.38,44.35],[25.38,50.16],[24.39,51.17]]}],"t":120}]}},{"ty":"sh","bm":0,"hd":false,"nm":"","d":1,"ks":{"a":1,"k":[{"o":{"x":0,"y":0},"i":{"x":0.58,"y":1},"s":[{"c":true,"i":[[0,0],[0.16,0.18],[0,0.32],[0,0],[-0.16,0.16],[-0.3,0],[-0.16,-0.18],[0,-0.32],[0,0],[0,0],[-0.75,0.46],[-0.99,0],[-0.61,-0.34],[-0.3,-0.69],[0,-1.04],[0,0],[0.18,-0.18],[0.3,0],[0.18,0.18],[0,0.32],[0,0],[0.43,0.5],[0.93,0],[0.64,-0.67],[0,-1.1],[0,0],[0.66,0]],"o":[[-0.32,0],[-0.16,-0.18],[0,0],[0,-0.32],[0.16,-0.18],[0.3,0],[0.18,0.16],[0,0],[0,0],[0.34,-0.93],[0.77,-0.48],[0.93,0],[0.62,0.34],[0.3,0.67],[0,0],[0,0.32],[-0.16,0.18],[-0.32,0],[-0.16,-0.18],[0,0],[0,-1.09],[-0.42,-0.51],[-1.07,0],[-0.62,0.66],[0,0],[0,0.67],[0,0]],"v":[[38.03,51.17],[37.31,50.9],[37.07,50.16],[37.07,40.15],[37.31,39.43],[38.01,39.17],[38.71,39.43],[38.97,40.15],[38.97,42.22],[38.71,41.93],[40.34,39.84],[42.98,39.12],[45.28,39.62],[46.67,41.16],[47.13,43.73],[47.13,50.16],[46.87,50.9],[46.17,51.17],[45.43,50.9],[45.19,50.16],[45.19,43.85],[44.54,41.47],[42.52,40.7],[39.95,41.71],[39.02,44.35],[39.02,50.16],[38.03,51.17]]}],"t":0},{"o":{"x":0,"y":0},"i":{"x":0.58,"y":1},"s":[{"c":true,"i":[[0,0],[0.16,0.18],[0,0.32],[0,0],[-0.16,0.16],[-0.3,0],[-0.16,-0.18],[0,-0.32],[0,0],[0,0],[-0.75,0.46],[-0.99,0],[-0.61,-0.34],[-0.3,-0.69],[0,-1.04],[0,0],[0.18,-0.18],[0.3,0],[0.18,0.18],[0,0.32],[0,0],[0.43,0.5],[0.93,0],[0.64,-0.67],[0,-1.1],[0,0],[0.66,0]],"o":[[-0.32,0],[-0.16,-0.18],[0,0],[0,-0.32],[0.16,-0.18],[0.3,0],[0.18,0.16],[0,0],[0,0],[0.34,-0.93],[0.77,-0.48],[0.93,0],[0.62,0.34],[0.3,0.67],[0,0],[0,0.32],[-0.16,0.18],[-0.32,0],[-0.16,-0.18],[0,0],[0,-1.09],[-0.42,-0.51],[-1.07,0],[-0.62,0.66],[0,0],[0,0.67],[0,0]],"v":[[38.03,51.17],[37.31,50.9],[37.07,50.16],[37.07,40.15],[37.31,39.43],[38.01,39.17],[38.71,39.43],[38.97,40.15],[38.97,42.22],[38.71,41.93],[40.34,39.84],[42.98,39.12],[45.28,39.62],[46.67,41.16],[47.13,43.73],[47.13,50.16],[46.87,50.9],[46.17,51.17],[45.43,50.9],[45.19,50.16],[45.19,43.85],[44.54,41.47],[42.52,40.7],[39.95,41.71],[39.02,44.35],[39.02,50.16],[38.03,51.17]]}],"t":60},{"s":[{"c":true,"i":[[0,0],[0.16,0.18],[0,0.32],[0,0],[-0.16,0.16],[-0.3,0],[-0.16,-0.18],[0,-0.32],[0,0],[0,0],[-0.75,0.46],[-0.99,0],[-0.61,-0.34],[-0.3,-0.69],[0,-1.04],[0,0],[0.18,-0.18],[0.3,0],[0.18,0.18],[0,0.32],[0,0],[0.43,0.5],[0.93,0],[0.64,-0.67],[0,-1.1],[0,0],[0.66,0]],"o":[[-0.32,0],[-0.16,-0.18],[0,0],[0,-0.32],[0.16,-0.18],[0.3,0],[0.18,0.16],[0,0],[0,0],[0.34,-0.93],[0.77,-0.48],[0.93,0],[0.62,0.34],[0.3,0.67],[0,0],[0,0.32],[-0.16,0.18],[-0.32,0],[-0.16,-0.18],[0,0],[0,-1.09],[-0.42,-0.51],[-1.07,0],[-0.62,0.66],[0,0],[0,0.67],[0,0]],"v":[[38.03,51.17],[37.31,50.9],[37.07,50.16],[37.07,40.15],[37.31,39.43],[38.01,39.17],[38.71,39.43],[38.97,40.15],[38.97,42.22],[38.71,41.93],[40.34,39.84],[42.98,39.12],[45.28,39.62],[46.67,41.16],[47.13,43.73],[47.13,50.16],[46.87,50.9],[46.17,51.17],[45.43,50.9],[45.19,50.16],[45.19,43.85],[44.54,41.47],[42.52,40.7],[39.95,41.71],[39.02,44.35],[39.02,50.16],[38.03,51.17]]}],"t":120}]}},{"ty":"sh","bm":0,"hd":false,"nm":"","d":1,"ks":{"a":1,"k":[{"o":{"x":0,"y":0},"i":{"x":0.58,"y":1},"s":[{"c":true,"i":[[0,0],[0.9,0.48],[0.5,0.9],[0,1.25],[-0.48,0.9],[-0.83,0.51],[-1.1,0],[-0.62,-0.27],[-0.43,-0.5],[-0.22,-0.7],[0,-0.88],[0.14,-0.13],[0.27,0],[0,0],[0,0],[0,0],[0,0],[0.26,0.59],[0.5,0.32],[0.74,0],[0.58,-0.38],[0.29,-0.67],[0,-0.88],[0,0],[-0.7,-0.77],[-1.31,0],[-0.53,0.14],[-0.51,0.34],[-0.18,-0.02],[-0.11,-0.11],[-0.03,-0.16],[0.08,-0.18],[0.21,-0.13],[0.72,-0.21],[0.7,0]],"o":[[-1.23,0],[-0.88,-0.5],[-0.48,-0.9],[0,-1.22],[0.48,-0.91],[0.85,-0.51],[0.78,0],[0.62,0.26],[0.45,0.5],[0.24,0.7],[0,0.26],[-0.14,0.11],[0,0],[0,0],[0,0],[0,0],[0,-0.86],[-0.26,-0.61],[-0.48,-0.32],[-0.82,0],[-0.56,0.37],[-0.29,0.66],[0,0],[0,1.47],[0.72,0.77],[0.54,0],[0.54,-0.14],[0.22,-0.14],[0.19,0],[0.11,0.1],[0.05,0.14],[-0.06,0.18],[-0.53,0.38],[-0.72,0.21],[0,0]],"v":[[55.97,51.22],[52.78,50.5],[50.71,48.41],[49.99,45.19],[50.71,42.02],[52.68,39.89],[55.61,39.12],[57.72,39.53],[59.31,40.66],[60.31,42.46],[60.67,44.83],[60.46,45.41],[59.83,45.58],[51.48,45.58],[51.48,44.3],[59.38,44.3],[58.99,44.62],[58.61,42.43],[57.48,41.04],[55.66,40.56],[53.57,41.14],[52.3,42.7],[51.87,45],[51.87,45.14],[52.92,48.5],[55.97,49.66],[57.58,49.44],[59.16,48.72],[59.76,48.53],[60.22,48.7],[60.43,49.08],[60.39,49.56],[59.98,50.02],[58.11,50.9],[55.97,51.22]]}],"t":0},{"o":{"x":0,"y":0},"i":{"x":0.58,"y":1},"s":[{"c":true,"i":[[0,0],[0.9,0.48],[0.5,0.9],[0,1.25],[-0.48,0.9],[-0.83,0.51],[-1.1,0],[-0.62,-0.27],[-0.43,-0.5],[-0.22,-0.7],[0,-0.88],[0.14,-0.13],[0.27,0],[0,0],[0,0],[0,0],[0,0],[0.26,0.59],[0.5,0.32],[0.74,0],[0.58,-0.38],[0.29,-0.67],[0,-0.88],[0,0],[-0.7,-0.77],[-1.31,0],[-0.53,0.14],[-0.51,0.34],[-0.18,-0.02],[-0.11,-0.11],[-0.03,-0.16],[0.08,-0.18],[0.21,-0.13],[0.72,-0.21],[0.7,0]],"o":[[-1.23,0],[-0.88,-0.5],[-0.48,-0.9],[0,-1.22],[0.48,-0.91],[0.85,-0.51],[0.78,0],[0.62,0.26],[0.45,0.5],[0.24,0.7],[0,0.26],[-0.14,0.11],[0,0],[0,0],[0,0],[0,0],[0,-0.86],[-0.26,-0.61],[-0.48,-0.32],[-0.82,0],[-0.56,0.37],[-0.29,0.66],[0,0],[0,1.47],[0.72,0.77],[0.54,0],[0.54,-0.14],[0.22,-0.14],[0.19,0],[0.11,0.1],[0.05,0.14],[-0.06,0.18],[-0.53,0.38],[-0.72,0.21],[0,0]],"v":[[55.97,51.22],[52.78,50.5],[50.71,48.41],[49.99,45.19],[50.71,42.02],[52.68,39.89],[55.61,39.12],[57.72,39.53],[59.31,40.66],[60.31,42.46],[60.67,44.83],[60.46,45.41],[59.83,45.58],[51.48,45.58],[51.48,44.3],[59.38,44.3],[58.99,44.62],[58.61,42.43],[57.48,41.04],[55.66,40.56],[53.57,41.14],[52.3,42.7],[51.87,45],[51.87,45.14],[52.92,48.5],[55.97,49.66],[57.58,49.44],[59.16,48.72],[59.76,48.53],[60.22,48.7],[60.43,49.08],[60.39,49.56],[59.98,50.02],[58.11,50.9],[55.97,51.22]]}],"t":60},{"s":[{"c":true,"i":[[0,0],[0.9,0.48],[0.5,0.9],[0,1.25],[-0.48,0.9],[-0.83,0.51],[-1.1,0],[-0.62,-0.27],[-0.43,-0.5],[-0.22,-0.7],[0,-0.88],[0.14,-0.13],[0.27,0],[0,0],[0,0],[0,0],[0,0],[0.26,0.59],[0.5,0.32],[0.74,0],[0.58,-0.38],[0.29,-0.67],[0,-0.88],[0,0],[-0.7,-0.77],[-1.31,0],[-0.53,0.14],[-0.51,0.34],[-0.18,-0.02],[-0.11,-0.11],[-0.03,-0.16],[0.08,-0.18],[0.21,-0.13],[0.72,-0.21],[0.7,0]],"o":[[-1.23,0],[-0.88,-0.5],[-0.48,-0.9],[0,-1.22],[0.48,-0.91],[0.85,-0.51],[0.78,0],[0.62,0.26],[0.45,0.5],[0.24,0.7],[0,0.26],[-0.14,0.11],[0,0],[0,0],[0,0],[0,0],[0,-0.86],[-0.26,-0.61],[-0.48,-0.32],[-0.82,0],[-0.56,0.37],[-0.29,0.66],[0,0],[0,1.47],[0.72,0.77],[0.54,0],[0.54,-0.14],[0.22,-0.14],[0.19,0],[0.11,0.1],[0.05,0.14],[-0.06,0.18],[-0.53,0.38],[-0.72,0.21],[0,0]],"v":[[55.97,51.22],[52.78,50.5],[50.71,48.41],[49.99,45.19],[50.71,42.02],[52.68,39.89],[55.61,39.12],[57.72,39.53],[59.31,40.66],[60.31,42.46],[60.67,44.83],[60.46,45.41],[59.83,45.58],[51.48,45.58],[51.48,44.3],[59.38,44.3],[58.99,44.62],[58.61,42.43],[57.48,41.04],[55.66,40.56],[53.57,41.14],[52.3,42.7],[51.87,45],[51.87,45.14],[52.92,48.5],[55.97,49.66],[57.58,49.44],[59.16,48.72],[59.76,48.53],[60.22,48.7],[60.43,49.08],[60.39,49.56],[59.98,50.02],[58.11,50.9],[55.97,51.22]]}],"t":120}]}},{"ty":"sh","bm":0,"hd":false,"nm":"","d":1,"ks":{"a":1,"k":[{"o":{"x":0,"y":0},"i":{"x":0.58,"y":1},"s":[{"c":true,"i":[[0,0],[0.74,0.18],[0.62,0.43],[0.06,0.14],[-0.02,0.14],[-0.1,0.11],[-0.14,0.02],[-0.19,-0.1],[-0.58,-0.16],[-0.58,0],[-0.46,0.34],[0,0.58],[0.3,0.26],[0.66,0.14],[0,0],[0.5,0.51],[0,0.82],[-0.37,0.51],[-0.69,0.29],[-0.91,0],[-0.62,-0.19],[-0.51,-0.4],[-0.05,-0.16],[0.05,-0.16],[0.11,-0.11],[0.16,-0.02],[0.18,0.11],[0.5,0.14],[0.48,0],[0.46,-0.35],[0,-0.58],[-0.29,-0.29],[-0.61,-0.13],[0,0],[-0.51,-0.5],[0,-0.83],[0.85,-0.62],[1.41,0]],"o":[[-0.72,0],[-0.72,-0.18],[-0.16,-0.11],[-0.06,-0.16],[0.03,-0.16],[0.11,-0.11],[0.16,-0.03],[0.62,0.38],[0.59,0.14],[0.91,0],[0.46,-0.34],[0,-0.45],[-0.3,-0.27],[0,0],[-1.01,-0.21],[-0.48,-0.51],[0,-0.72],[0.38,-0.53],[0.69,-0.29],[0.7,0],[0.64,0.18],[0.16,0.11],[0.06,0.14],[-0.03,0.14],[-0.11,0.1],[-0.16,0.02],[-0.48,-0.32],[-0.5,-0.16],[-0.9,0],[-0.46,0.35],[0,0.45],[0.29,0.29],[0,0],[1.04,0.22],[0.53,0.48],[0,1.06],[-0.85,0.62],[0,0]],"v":[[67.42,51.22],[65.24,50.95],[63.22,50.04],[62.89,49.66],[62.82,49.2],[63.01,48.79],[63.39,48.6],[63.92,48.7],[65.72,49.51],[67.47,49.73],[69.54,49.22],[70.23,47.86],[69.78,46.8],[68.34,46.18],[66.15,45.7],[63.9,44.62],[63.18,42.62],[63.73,40.78],[65.34,39.55],[67.74,39.12],[69.73,39.41],[71.46,40.27],[71.77,40.68],[71.79,41.14],[71.58,41.52],[71.17,41.69],[70.66,41.54],[69.2,40.85],[67.74,40.61],[65.7,41.14],[65,42.53],[65.43,43.63],[66.78,44.26],[68.96,44.71],[71.29,45.79],[72.08,47.76],[70.81,50.28],[67.42,51.22]]}],"t":0},{"o":{"x":0,"y":0},"i":{"x":0.58,"y":1},"s":[{"c":true,"i":[[0,0],[0.74,0.18],[0.62,0.43],[0.06,0.14],[-0.02,0.14],[-0.1,0.11],[-0.14,0.02],[-0.19,-0.1],[-0.58,-0.16],[-0.58,0],[-0.46,0.34],[0,0.58],[0.3,0.26],[0.66,0.14],[0,0],[0.5,0.51],[0,0.82],[-0.37,0.51],[-0.69,0.29],[-0.91,0],[-0.62,-0.19],[-0.51,-0.4],[-0.05,-0.16],[0.05,-0.16],[0.11,-0.11],[0.16,-0.02],[0.18,0.11],[0.5,0.14],[0.48,0],[0.46,-0.35],[0,-0.58],[-0.29,-0.29],[-0.61,-0.13],[0,0],[-0.51,-0.5],[0,-0.83],[0.85,-0.62],[1.41,0]],"o":[[-0.72,0],[-0.72,-0.18],[-0.16,-0.11],[-0.06,-0.16],[0.03,-0.16],[0.11,-0.11],[0.16,-0.03],[0.62,0.38],[0.59,0.14],[0.91,0],[0.46,-0.34],[0,-0.45],[-0.3,-0.27],[0,0],[-1.01,-0.21],[-0.48,-0.51],[0,-0.72],[0.38,-0.53],[0.69,-0.29],[0.7,0],[0.64,0.18],[0.16,0.11],[0.06,0.14],[-0.03,0.14],[-0.11,0.1],[-0.16,0.02],[-0.48,-0.32],[-0.5,-0.16],[-0.9,0],[-0.46,0.35],[0,0.45],[0.29,0.29],[0,0],[1.04,0.22],[0.53,0.48],[0,1.06],[-0.85,0.62],[0,0]],"v":[[67.42,51.22],[65.24,50.95],[63.22,50.04],[62.89,49.66],[62.82,49.2],[63.01,48.79],[63.39,48.6],[63.92,48.7],[65.72,49.51],[67.47,49.73],[69.54,49.22],[70.23,47.86],[69.78,46.8],[68.34,46.18],[66.15,45.7],[63.9,44.62],[63.18,42.62],[63.73,40.78],[65.34,39.55],[67.74,39.12],[69.73,39.41],[71.46,40.27],[71.77,40.68],[71.79,41.14],[71.58,41.52],[71.17,41.69],[70.66,41.54],[69.2,40.85],[67.74,40.61],[65.7,41.14],[65,42.53],[65.43,43.63],[66.78,44.26],[68.96,44.71],[71.29,45.79],[72.08,47.76],[70.81,50.28],[67.42,51.22]]}],"t":60},{"s":[{"c":true,"i":[[0,0],[0.74,0.18],[0.62,0.43],[0.06,0.14],[-0.02,0.14],[-0.1,0.11],[-0.14,0.02],[-0.19,-0.1],[-0.58,-0.16],[-0.58,0],[-0.46,0.34],[0,0.58],[0.3,0.26],[0.66,0.14],[0,0],[0.5,0.51],[0,0.82],[-0.37,0.51],[-0.69,0.29],[-0.91,0],[-0.62,-0.19],[-0.51,-0.4],[-0.05,-0.16],[0.05,-0.16],[0.11,-0.11],[0.16,-0.02],[0.18,0.11],[0.5,0.14],[0.48,0],[0.46,-0.35],[0,-0.58],[-0.29,-0.29],[-0.61,-0.13],[0,0],[-0.51,-0.5],[0,-0.83],[0.85,-0.62],[1.41,0]],"o":[[-0.72,0],[-0.72,-0.18],[-0.16,-0.11],[-0.06,-0.16],[0.03,-0.16],[0.11,-0.11],[0.16,-0.03],[0.62,0.38],[0.59,0.14],[0.91,0],[0.46,-0.34],[0,-0.45],[-0.3,-0.27],[0,0],[-1.01,-0.21],[-0.48,-0.51],[0,-0.72],[0.38,-0.53],[0.69,-0.29],[0.7,0],[0.64,0.18],[0.16,0.11],[0.06,0.14],[-0.03,0.14],[-0.11,0.1],[-0.16,0.02],[-0.48,-0.32],[-0.5,-0.16],[-0.9,0],[-0.46,0.35],[0,0.45],[0.29,0.29],[0,0],[1.04,0.22],[0.53,0.48],[0,1.06],[-0.85,0.62],[0,0]],"v":[[67.42,51.22],[65.24,50.95],[63.22,50.04],[62.89,49.66],[62.82,49.2],[63.01,48.79],[63.39,48.6],[63.92,48.7],[65.72,49.51],[67.47,49.73],[69.54,49.22],[70.23,47.86],[69.78,46.8],[68.34,46.18],[66.15,45.7],[63.9,44.62],[63.18,42.62],[63.73,40.78],[65.34,39.55],[67.74,39.12],[69.73,39.41],[71.46,40.27],[71.77,40.68],[71.79,41.14],[71.58,41.52],[71.17,41.69],[70.66,41.54],[69.2,40.85],[67.74,40.61],[65.7,41.14],[65,42.53],[65.43,43.63],[66.78,44.26],[68.96,44.71],[71.29,45.79],[72.08,47.76],[70.81,50.28],[67.42,51.22]]}],"t":120}]}},{"ty":"sh","bm":0,"hd":false,"nm":"","d":1,"ks":{"a":1,"k":[{"o":{"x":0,"y":0},"i":{"x":0.58,"y":1},"s":[{"c":true,"i":[[0,0],[0.14,-0.1],[0.18,0],[0.14,0.1],[0.06,0.16],[-0.06,0.21],[0,0],[-0.14,0.1],[-0.16,0],[-0.13,-0.1],[-0.05,-0.16],[0.06,-0.21],[0,0]],"o":[[-0.08,0.21],[-0.13,0.1],[-0.18,0],[-0.13,-0.08],[-0.06,-0.16],[0,0],[0.08,-0.21],[0.14,-0.1],[0.18,0],[0.14,0.08],[0.06,0.16],[0,0],[0,0]],"v":[[74.54,51.82],[74.2,52.27],[73.75,52.42],[73.27,52.27],[72.98,51.91],[72.98,51.36],[78.69,33.65],[79.03,33.19],[79.48,33.05],[79.94,33.19],[80.23,33.55],[80.23,34.1],[74.54,51.82]]}],"t":0},{"o":{"x":0,"y":0},"i":{"x":0.58,"y":1},"s":[{"c":true,"i":[[0,0],[0.14,-0.1],[0.18,0],[0.14,0.1],[0.06,0.16],[-0.06,0.21],[0,0],[-0.14,0.1],[-0.16,0],[-0.13,-0.1],[-0.05,-0.16],[0.06,-0.21],[0,0]],"o":[[-0.08,0.21],[-0.13,0.1],[-0.18,0],[-0.13,-0.08],[-0.06,-0.16],[0,0],[0.08,-0.21],[0.14,-0.1],[0.18,0],[0.14,0.08],[0.06,0.16],[0,0],[0,0]],"v":[[74.54,51.82],[74.2,52.27],[73.75,52.42],[73.27,52.27],[72.98,51.91],[72.98,51.36],[78.69,33.65],[79.03,33.19],[79.48,33.05],[79.94,33.19],[80.23,33.55],[80.23,34.1],[74.54,51.82]]}],"t":60},{"s":[{"c":true,"i":[[0,0],[0.14,-0.1],[0.18,0],[0.14,0.1],[0.06,0.16],[-0.06,0.21],[0,0],[-0.14,0.1],[-0.16,0],[-0.13,-0.1],[-0.05,-0.16],[0.06,-0.21],[0,0]],"o":[[-0.08,0.21],[-0.13,0.1],[-0.18,0],[-0.13,-0.08],[-0.06,-0.16],[0,0],[0.08,-0.21],[0.14,-0.1],[0.18,0],[0.14,0.08],[0.06,0.16],[0,0],[0,0]],"v":[[74.54,51.82],[74.2,52.27],[73.75,52.42],[73.27,52.27],[72.98,51.91],[72.98,51.36],[78.69,33.65],[79.03,33.19],[79.48,33.05],[79.94,33.19],[80.23,33.55],[80.23,34.1],[74.54,51.82]]}],"t":120}]}},{"ty":"sh","bm":0,"hd":false,"nm":"","d":1,"ks":{"a":1,"k":[{"o":{"x":0,"y":0},"i":{"x":0.58,"y":1},"s":[{"c":true,"i":[[0,0],[0.64,0.3],[0.37,0.54],[0,0.67],[-0.43,0.5],[-1.01,0.21],[-1.76,0],[0,0],[0,0],[0,0],[0.75,-0.13],[0.3,-0.29],[0,-0.53],[-0.45,-0.42],[-0.78,0],[-0.48,0.3],[-0.27,0.53],[0,0.69],[0,0],[0.4,0.43],[0.91,0],[0.56,-0.14],[0.62,-0.32],[0.16,0.03],[0.1,0.13],[0.02,0.16],[-0.08,0.16],[-0.19,0.1],[-0.69,0.16],[-0.62,0],[-0.66,-0.34],[-0.32,-0.67],[0,-1.04],[0,0],[0.16,-0.18],[0.29,0],[0.16,0.18],[0,0.32],[0,0],[0,0],[0.37,-0.43],[0.53,-0.24],[0.66,0]],"o":[[-0.8,0],[-0.62,-0.32],[-0.37,-0.54],[0,-0.86],[0.45,-0.5],[1.02,-0.21],[0,0],[0,0],[0,0],[-1.3,0],[-0.74,0.11],[-0.29,0.29],[0,0.66],[0.46,0.42],[0.64,0],[0.5,-0.3],[0.29,-0.53],[0,0],[0,-0.99],[-0.4,-0.45],[-0.56,0],[-0.56,0.14],[-0.22,0.11],[-0.16,-0.05],[-0.1,-0.13],[-0.02,-0.18],[0.1,-0.16],[0.7,-0.35],[0.69,-0.16],[1.01,0],[0.66,0.32],[0.32,0.66],[0,0],[0,0.32],[-0.14,0.18],[-0.3,0],[-0.16,-0.18],[0,0],[0,0],[-0.13,0.61],[-0.35,0.43],[-0.53,0.24],[0,0]],"v":[[84.08,51.22],[81.92,50.76],[80.43,49.46],[79.88,47.64],[80.53,45.6],[82.71,44.54],[86.89,44.23],[87.97,44.23],[87.97,45.5],[86.91,45.5],[83.84,45.7],[82.28,46.3],[81.85,47.52],[82.52,49.13],[84.39,49.75],[86.07,49.3],[87.23,48.05],[87.66,46.22],[87.66,43.49],[87.06,41.35],[85.09,40.68],[83.41,40.9],[81.63,41.59],[81.06,41.71],[80.67,41.45],[80.51,41.02],[80.6,40.51],[81.03,40.13],[83.12,39.36],[85.09,39.12],[87.59,39.62],[89.05,41.11],[89.53,43.66],[89.53,50.16],[89.29,50.9],[88.64,51.17],[87.95,50.9],[87.71,50.16],[87.71,48.29],[87.92,48.29],[87.18,49.85],[85.86,50.86],[84.08,51.22]]}],"t":0},{"o":{"x":0,"y":0},"i":{"x":0.58,"y":1},"s":[{"c":true,"i":[[0,0],[0.64,0.3],[0.37,0.54],[0,0.67],[-0.43,0.5],[-1.01,0.21],[-1.76,0],[0,0],[0,0],[0,0],[0.75,-0.13],[0.3,-0.29],[0,-0.53],[-0.45,-0.42],[-0.78,0],[-0.48,0.3],[-0.27,0.53],[0,0.69],[0,0],[0.4,0.43],[0.91,0],[0.56,-0.14],[0.62,-0.32],[0.16,0.03],[0.1,0.13],[0.02,0.16],[-0.08,0.16],[-0.19,0.1],[-0.69,0.16],[-0.62,0],[-0.66,-0.34],[-0.32,-0.67],[0,-1.04],[0,0],[0.16,-0.18],[0.29,0],[0.16,0.18],[0,0.32],[0,0],[0,0],[0.37,-0.43],[0.53,-0.24],[0.66,0]],"o":[[-0.8,0],[-0.62,-0.32],[-0.37,-0.54],[0,-0.86],[0.45,-0.5],[1.02,-0.21],[0,0],[0,0],[0,0],[-1.3,0],[-0.74,0.11],[-0.29,0.29],[0,0.66],[0.46,0.42],[0.64,0],[0.5,-0.3],[0.29,-0.53],[0,0],[0,-0.99],[-0.4,-0.45],[-0.56,0],[-0.56,0.14],[-0.22,0.11],[-0.16,-0.05],[-0.1,-0.13],[-0.02,-0.18],[0.1,-0.16],[0.7,-0.35],[0.69,-0.16],[1.01,0],[0.66,0.32],[0.32,0.66],[0,0],[0,0.32],[-0.14,0.18],[-0.3,0],[-0.16,-0.18],[0,0],[0,0],[-0.13,0.61],[-0.35,0.43],[-0.53,0.24],[0,0]],"v":[[84.08,51.22],[81.92,50.76],[80.43,49.46],[79.88,47.64],[80.53,45.6],[82.71,44.54],[86.89,44.23],[87.97,44.23],[87.97,45.5],[86.91,45.5],[83.84,45.7],[82.28,46.3],[81.85,47.52],[82.52,49.13],[84.39,49.75],[86.07,49.3],[87.23,48.05],[87.66,46.22],[87.66,43.49],[87.06,41.35],[85.09,40.68],[83.41,40.9],[81.63,41.59],[81.06,41.71],[80.67,41.45],[80.51,41.02],[80.6,40.51],[81.03,40.13],[83.12,39.36],[85.09,39.12],[87.59,39.62],[89.05,41.11],[89.53,43.66],[89.53,50.16],[89.29,50.9],[88.64,51.17],[87.95,50.9],[87.71,50.16],[87.71,48.29],[87.92,48.29],[87.18,49.85],[85.86,50.86],[84.08,51.22]]}],"t":60},{"s":[{"c":true,"i":[[0,0],[0.64,0.3],[0.37,0.54],[0,0.67],[-0.43,0.5],[-1.01,0.21],[-1.76,0],[0,0],[0,0],[0,0],[0.75,-0.13],[0.3,-0.29],[0,-0.53],[-0.45,-0.42],[-0.78,0],[-0.48,0.3],[-0.27,0.53],[0,0.69],[0,0],[0.4,0.43],[0.91,0],[0.56,-0.14],[0.62,-0.32],[0.16,0.03],[0.1,0.13],[0.02,0.16],[-0.08,0.16],[-0.19,0.1],[-0.69,0.16],[-0.62,0],[-0.66,-0.34],[-0.32,-0.67],[0,-1.04],[0,0],[0.16,-0.18],[0.29,0],[0.16,0.18],[0,0.32],[0,0],[0,0],[0.37,-0.43],[0.53,-0.24],[0.66,0]],"o":[[-0.8,0],[-0.62,-0.32],[-0.37,-0.54],[0,-0.86],[0.45,-0.5],[1.02,-0.21],[0,0],[0,0],[0,0],[-1.3,0],[-0.74,0.11],[-0.29,0.29],[0,0.66],[0.46,0.42],[0.64,0],[0.5,-0.3],[0.29,-0.53],[0,0],[0,-0.99],[-0.4,-0.45],[-0.56,0],[-0.56,0.14],[-0.22,0.11],[-0.16,-0.05],[-0.1,-0.13],[-0.02,-0.18],[0.1,-0.16],[0.7,-0.35],[0.69,-0.16],[1.01,0],[0.66,0.32],[0.32,0.66],[0,0],[0,0.32],[-0.14,0.18],[-0.3,0],[-0.16,-0.18],[0,0],[0,0],[-0.13,0.61],[-0.35,0.43],[-0.53,0.24],[0,0]],"v":[[84.08,51.22],[81.92,50.76],[80.43,49.46],[79.88,47.64],[80.53,45.6],[82.71,44.54],[86.89,44.23],[87.97,44.23],[87.97,45.5],[86.91,45.5],[83.84,45.7],[82.28,46.3],[81.85,47.52],[82.52,49.13],[84.39,49.75],[86.07,49.3],[87.23,48.05],[87.66,46.22],[87.66,43.49],[87.06,41.35],[85.09,40.68],[83.41,40.9],[81.63,41.59],[81.06,41.71],[80.67,41.45],[80.51,41.02],[80.6,40.51],[81.03,40.13],[83.12,39.36],[85.09,39.12],[87.59,39.62],[89.05,41.11],[89.53,43.66],[89.53,50.16],[89.29,50.9],[88.64,51.17],[87.95,50.9],[87.71,50.16],[87.71,48.29],[87.92,48.29],[87.18,49.85],[85.86,50.86],[84.08,51.22]]}],"t":120}]}},{"ty":"sh","bm":0,"hd":false,"nm":"","d":1,"ks":{"a":1,"k":[{"o":{"x":0,"y":0},"i":{"x":0.58,"y":1},"s":[{"c":true,"i":[[0,0],[0.16,0.18],[0,0.32],[0,0],[-0.16,0.16],[-0.3,0],[-0.16,-0.18],[0,-0.32],[0,0],[0,0],[-0.75,0.46],[-0.99,0],[-0.61,-0.34],[-0.3,-0.69],[0,-1.04],[0,0],[0.18,-0.18],[0.3,0],[0.17,0.18],[0,0.32],[0,0],[0.43,0.5],[0.93,0],[0.64,-0.67],[0,-1.1],[0,0],[0.66,0]],"o":[[-0.32,0],[-0.16,-0.18],[0,0],[0,-0.32],[0.16,-0.18],[0.3,0],[0.18,0.16],[0,0],[0,0],[0.34,-0.93],[0.77,-0.48],[0.93,0],[0.62,0.34],[0.3,0.67],[0,0],[0,0.32],[-0.16,0.18],[-0.32,0],[-0.16,-0.18],[0,0],[0,-1.09],[-0.42,-0.51],[-1.07,0],[-0.62,0.66],[0,0],[0,0.67],[0,0]],"v":[[94.1,51.17],[93.38,50.9],[93.14,50.16],[93.14,40.15],[93.38,39.43],[94.07,39.17],[94.77,39.43],[95.03,40.15],[95.03,42.22],[94.77,41.93],[96.4,39.84],[99.04,39.12],[101.34,39.62],[102.74,41.16],[103.19,43.73],[103.19,50.16],[102.93,50.9],[102.23,51.17],[101.49,50.9],[101.25,50.16],[101.25,43.85],[100.6,41.47],[98.58,40.7],[96.02,41.71],[95.08,44.35],[95.08,50.16],[94.1,51.17]]}],"t":0},{"o":{"x":0,"y":0},"i":{"x":0.58,"y":1},"s":[{"c":true,"i":[[0,0],[0.16,0.18],[0,0.32],[0,0],[-0.16,0.16],[-0.3,0],[-0.16,-0.18],[0,-0.32],[0,0],[0,0],[-0.75,0.46],[-0.99,0],[-0.61,-0.34],[-0.3,-0.69],[0,-1.04],[0,0],[0.18,-0.18],[0.3,0],[0.17,0.18],[0,0.32],[0,0],[0.43,0.5],[0.93,0],[0.64,-0.67],[0,-1.1],[0,0],[0.66,0]],"o":[[-0.32,0],[-0.16,-0.18],[0,0],[0,-0.32],[0.16,-0.18],[0.3,0],[0.18,0.16],[0,0],[0,0],[0.34,-0.93],[0.77,-0.48],[0.93,0],[0.62,0.34],[0.3,0.67],[0,0],[0,0.32],[-0.16,0.18],[-0.32,0],[-0.16,-0.18],[0,0],[0,-1.09],[-0.42,-0.51],[-1.07,0],[-0.62,0.66],[0,0],[0,0.67],[0,0]],"v":[[94.1,51.17],[93.38,50.9],[93.14,50.16],[93.14,40.15],[93.38,39.43],[94.07,39.17],[94.77,39.43],[95.03,40.15],[95.03,42.22],[94.77,41.93],[96.4,39.84],[99.04,39.12],[101.34,39.62],[102.74,41.16],[103.19,43.73],[103.19,50.16],[102.93,50.9],[102.23,51.17],[101.49,50.9],[101.25,50.16],[101.25,43.85],[100.6,41.47],[98.58,40.7],[96.02,41.71],[95.08,44.35],[95.08,50.16],[94.1,51.17]]}],"t":60},{"s":[{"c":true,"i":[[0,0],[0.16,0.18],[0,0.32],[0,0],[-0.16,0.16],[-0.3,0],[-0.16,-0.18],[0,-0.32],[0,0],[0,0],[-0.75,0.46],[-0.99,0],[-0.61,-0.34],[-0.3,-0.69],[0,-1.04],[0,0],[0.18,-0.18],[0.3,0],[0.17,0.18],[0,0.32],[0,0],[0.43,0.5],[0.93,0],[0.64,-0.67],[0,-1.1],[0,0],[0.66,0]],"o":[[-0.32,0],[-0.16,-0.18],[0,0],[0,-0.32],[0.16,-0.18],[0.3,0],[0.18,0.16],[0,0],[0,0],[0.34,-0.93],[0.77,-0.48],[0.93,0],[0.62,0.34],[0.3,0.67],[0,0],[0,0.32],[-0.16,0.18],[-0.32,0],[-0.16,-0.18],[0,0],[0,-1.09],[-0.42,-0.51],[-1.07,0],[-0.62,0.66],[0,0],[0,0.67],[0,0]],"v":[[94.1,51.17],[93.38,50.9],[93.14,50.16],[93.14,40.15],[93.38,39.43],[94.07,39.17],[94.77,39.43],[95.03,40.15],[95.03,42.22],[94.77,41.93],[96.4,39.84],[99.04,39.12],[101.34,39.62],[102.74,41.16],[103.19,43.73],[103.19,50.16],[102.93,50.9],[102.23,51.17],[101.49,50.9],[101.25,50.16],[101.25,43.85],[100.6,41.47],[98.58,40.7],[96.02,41.71],[95.08,44.35],[95.08,50.16],[94.1,51.17]]}],"t":120}]}},{"ty":"sh","bm":0,"hd":false,"nm":"","d":1,"ks":{"a":1,"k":[{"o":{"x":0,"y":0},"i":{"x":0.58,"y":1},"s":[{"c":true,"i":[[0,0],[0.42,1.73],[0,1.79],[-0.18,1.17],[-0.38,1.14],[-0.59,1.1],[-0.19,0.05],[-0.18,-0.08],[-0.08,-0.21],[0.11,-0.3],[0.29,-1.06],[0.14,-1.06],[0,-1.09],[-0.14,-1.06],[-0.29,-1.04],[-0.4,-1.07],[0.1,-0.19],[0.19,-0.06],[0.21,0.05],[0.11,0.21]],"o":[[-0.9,-1.65],[-0.42,-1.74],[0,-1.2],[0.19,-1.17],[0.38,-1.14],[0.11,-0.21],[0.21,-0.05],[0.19,0.06],[0.08,0.19],[-0.42,1.06],[-0.29,1.06],[-0.14,1.06],[0,1.09],[0.16,1.06],[0.29,1.06],[0.13,0.3],[-0.08,0.21],[-0.18,0.08],[-0.19,-0.05],[0,0]],"v":[[5.04,84.06],[3.07,78.99],[2.45,73.69],[2.71,70.14],[3.58,66.68],[5.04,63.32],[5.5,62.94],[6.07,62.98],[6.48,63.39],[6.43,64.14],[5.38,67.3],[4.73,70.47],[4.51,73.69],[4.73,76.9],[5.4,80.05],[6.43,83.24],[6.48,83.98],[6.07,84.39],[5.5,84.44],[5.04,84.06]]}],"t":0},{"o":{"x":0,"y":0},"i":{"x":0.58,"y":1},"s":[{"c":true,"i":[[0,0],[0.42,1.73],[0,1.79],[-0.18,1.17],[-0.38,1.14],[-0.59,1.1],[-0.19,0.05],[-0.18,-0.08],[-0.08,-0.21],[0.11,-0.3],[0.29,-1.06],[0.14,-1.06],[0,-1.09],[-0.14,-1.06],[-0.29,-1.04],[-0.4,-1.07],[0.1,-0.19],[0.19,-0.06],[0.21,0.05],[0.11,0.21]],"o":[[-0.9,-1.65],[-0.42,-1.74],[0,-1.2],[0.19,-1.17],[0.38,-1.14],[0.11,-0.21],[0.21,-0.05],[0.19,0.06],[0.08,0.19],[-0.42,1.06],[-0.29,1.06],[-0.14,1.06],[0,1.09],[0.16,1.06],[0.29,1.06],[0.13,0.3],[-0.08,0.21],[-0.18,0.08],[-0.19,-0.05],[0,0]],"v":[[5.04,84.06],[3.07,78.99],[2.45,73.69],[2.71,70.14],[3.58,66.68],[5.04,63.32],[5.5,62.94],[6.07,62.98],[6.48,63.39],[6.43,64.14],[5.38,67.3],[4.73,70.47],[4.51,73.69],[4.73,76.9],[5.4,80.05],[6.43,83.24],[6.48,83.98],[6.07,84.39],[5.5,84.44],[5.04,84.06]]}],"t":60},{"s":[{"c":true,"i":[[0,0],[0.42,1.73],[0,1.79],[-0.18,1.17],[-0.38,1.14],[-0.59,1.1],[-0.19,0.05],[-0.18,-0.08],[-0.08,-0.21],[0.11,-0.3],[0.29,-1.06],[0.14,-1.06],[0,-1.09],[-0.14,-1.06],[-0.29,-1.04],[-0.4,-1.07],[0.1,-0.19],[0.19,-0.06],[0.21,0.05],[0.11,0.21]],"o":[[-0.9,-1.65],[-0.42,-1.74],[0,-1.2],[0.19,-1.17],[0.38,-1.14],[0.11,-0.21],[0.21,-0.05],[0.19,0.06],[0.08,0.19],[-0.42,1.06],[-0.29,1.06],[-0.14,1.06],[0,1.09],[0.16,1.06],[0.29,1.06],[0.13,0.3],[-0.08,0.21],[-0.18,0.08],[-0.19,-0.05],[0,0]],"v":[[5.04,84.06],[3.07,78.99],[2.45,73.69],[2.71,70.14],[3.58,66.68],[5.04,63.32],[5.5,62.94],[6.07,62.98],[6.48,63.39],[6.43,64.14],[5.38,67.3],[4.73,70.47],[4.51,73.69],[4.73,76.9],[5.4,80.05],[6.43,83.24],[6.48,83.98],[6.07,84.39],[5.5,84.44],[5.04,84.06]]}],"t":120}]}},{"ty":"sh","bm":0,"hd":false,"nm":"","d":1,"ks":{"a":1,"k":[{"o":{"x":0,"y":0},"i":{"x":0.58,"y":1},"s":[{"c":true,"i":[[0,0],[0.18,0.16],[0,0.29],[-0.08,0.16],[-0.16,0.18],[0,0],[-0.35,0.74],[0,0.77],[0.59,0.5],[1.12,0],[0.64,-0.22],[0.59,-0.46],[0.18,0.02],[0.13,0.11],[0.05,0.18],[-0.05,0.18],[-0.19,0.14],[-0.88,0.3],[-0.91,0],[-0.78,-0.35],[-0.4,-0.69],[0,-0.98],[0.22,-0.66],[0.45,-0.67],[0.7,-0.72],[0,0],[0,0],[0,0],[-0.14,-0.14],[0,-0.27],[0.16,-0.14],[0.3,0],[0,0]],"o":[[-0.35,0],[-0.16,-0.18],[0,-0.18],[0.1,-0.18],[0,0],[0.82,-0.88],[0.37,-0.75],[0,-0.96],[-0.58,-0.51],[-0.72,0],[-0.64,0.22],[-0.21,0.16],[-0.16,-0.02],[-0.13,-0.11],[-0.05,-0.18],[0.06,-0.18],[0.62,-0.51],[0.88,-0.32],[1.14,0],[0.78,0.35],[0.4,0.67],[0,0.67],[-0.21,0.64],[-0.43,0.67],[0,0],[0,0],[0,0],[0.3,0],[0.16,0.13],[0,0.29],[-0.14,0.14],[0,0],[0,0]],"v":[[10.71,80],[9.92,79.76],[9.68,79.06],[9.8,78.56],[10.19,78.03],[15.56,72.27],[17.31,69.85],[17.87,67.57],[16.98,65.38],[14.43,64.62],[12.39,64.95],[10.55,65.98],[9.97,66.2],[9.54,66.01],[9.27,65.58],[9.27,65.05],[9.66,64.57],[11.91,63.34],[14.6,62.86],[17.48,63.39],[19.26,64.95],[19.86,67.42],[19.52,69.42],[18.54,71.38],[16.83,73.47],[11.72,78.87],[11.72,78.32],[19.81,78.32],[20.48,78.54],[20.72,79.14],[20.48,79.78],[19.81,80],[10.71,80]]}],"t":0},{"o":{"x":0,"y":0},"i":{"x":0.58,"y":1},"s":[{"c":true,"i":[[0,0],[0.18,0.16],[0,0.29],[-0.08,0.16],[-0.16,0.18],[0,0],[-0.35,0.74],[0,0.77],[0.59,0.5],[1.12,0],[0.64,-0.22],[0.59,-0.46],[0.18,0.02],[0.13,0.11],[0.05,0.18],[-0.05,0.18],[-0.19,0.14],[-0.88,0.3],[-0.91,0],[-0.78,-0.35],[-0.4,-0.69],[0,-0.98],[0.22,-0.66],[0.45,-0.67],[0.7,-0.72],[0,0],[0,0],[0,0],[-0.14,-0.14],[0,-0.27],[0.16,-0.14],[0.3,0],[0,0]],"o":[[-0.35,0],[-0.16,-0.18],[0,-0.18],[0.1,-0.18],[0,0],[0.82,-0.88],[0.37,-0.75],[0,-0.96],[-0.58,-0.51],[-0.72,0],[-0.64,0.22],[-0.21,0.16],[-0.16,-0.02],[-0.13,-0.11],[-0.05,-0.18],[0.06,-0.18],[0.62,-0.51],[0.88,-0.32],[1.14,0],[0.78,0.35],[0.4,0.67],[0,0.67],[-0.21,0.64],[-0.43,0.67],[0,0],[0,0],[0,0],[0.3,0],[0.16,0.13],[0,0.29],[-0.14,0.14],[0,0],[0,0]],"v":[[10.71,80],[9.92,79.76],[9.68,79.06],[9.8,78.56],[10.19,78.03],[15.56,72.27],[17.31,69.85],[17.87,67.57],[16.98,65.38],[14.43,64.62],[12.39,64.95],[10.55,65.98],[9.97,66.2],[9.54,66.01],[9.27,65.58],[9.27,65.05],[9.66,64.57],[11.91,63.34],[14.6,62.86],[17.48,63.39],[19.26,64.95],[19.86,67.42],[19.52,69.42],[18.54,71.38],[16.83,73.47],[11.72,78.87],[11.72,78.32],[19.81,78.32],[20.48,78.54],[20.72,79.14],[20.48,79.78],[19.81,80],[10.71,80]]}],"t":60},{"s":[{"c":true,"i":[[0,0],[0.18,0.16],[0,0.29],[-0.08,0.16],[-0.16,0.18],[0,0],[-0.35,0.74],[0,0.77],[0.59,0.5],[1.12,0],[0.64,-0.22],[0.59,-0.46],[0.18,0.02],[0.13,0.11],[0.05,0.18],[-0.05,0.18],[-0.19,0.14],[-0.88,0.3],[-0.91,0],[-0.78,-0.35],[-0.4,-0.69],[0,-0.98],[0.22,-0.66],[0.45,-0.67],[0.7,-0.72],[0,0],[0,0],[0,0],[-0.14,-0.14],[0,-0.27],[0.16,-0.14],[0.3,0],[0,0]],"o":[[-0.35,0],[-0.16,-0.18],[0,-0.18],[0.1,-0.18],[0,0],[0.82,-0.88],[0.37,-0.75],[0,-0.96],[-0.58,-0.51],[-0.72,0],[-0.64,0.22],[-0.21,0.16],[-0.16,-0.02],[-0.13,-0.11],[-0.05,-0.18],[0.06,-0.18],[0.62,-0.51],[0.88,-0.32],[1.14,0],[0.78,0.35],[0.4,0.67],[0,0.67],[-0.21,0.64],[-0.43,0.67],[0,0],[0,0],[0,0],[0.3,0],[0.16,0.13],[0,0.29],[-0.14,0.14],[0,0],[0,0]],"v":[[10.71,80],[9.92,79.76],[9.68,79.06],[9.8,78.56],[10.19,78.03],[15.56,72.27],[17.31,69.85],[17.87,67.57],[16.98,65.38],[14.43,64.62],[12.39,64.95],[10.55,65.98],[9.97,66.2],[9.54,66.01],[9.27,65.58],[9.27,65.05],[9.66,64.57],[11.91,63.34],[14.6,62.86],[17.48,63.39],[19.26,64.95],[19.86,67.42],[19.52,69.42],[18.54,71.38],[16.83,73.47],[11.72,78.87],[11.72,78.32],[19.81,78.32],[20.48,78.54],[20.72,79.14],[20.48,79.78],[19.81,80],[10.71,80]]}],"t":120}]}},{"ty":"sh","bm":0,"hd":false,"nm":"","d":1,"ks":{"a":1,"k":[{"o":{"x":0,"y":0},"i":{"x":0.58,"y":1},"s":[{"c":true,"i":[[0,0],[1.01,1.49],[0,2.82],[-0.45,1.28],[-0.88,0.66],[-1.28,0],[-0.99,-1.47],[0,-2.83],[0.45,-1.3],[0.88,-0.67],[1.3,0]],"o":[[-1.94,0],[-1.01,-1.49],[0,-1.89],[0.45,-1.3],[0.9,-0.66],[1.95,0],[1.01,1.46],[0,1.89],[-0.45,1.3],[-0.88,0.66],[0,0]],"v":[[29.21,80.22],[24.79,77.98],[23.28,71.53],[23.95,66.78],[25.94,63.85],[29.21,62.86],[33.62,65.07],[35.14,71.5],[34.46,76.28],[32.47,79.23],[29.21,80.22]]}],"t":0},{"o":{"x":0,"y":0},"i":{"x":0.58,"y":1},"s":[{"c":true,"i":[[0,0],[1.01,1.49],[0,2.82],[-0.45,1.28],[-0.88,0.66],[-1.28,0],[-0.99,-1.47],[0,-2.83],[0.45,-1.3],[0.88,-0.67],[1.3,0]],"o":[[-1.94,0],[-1.01,-1.49],[0,-1.89],[0.45,-1.3],[0.9,-0.66],[1.95,0],[1.01,1.46],[0,1.89],[-0.45,1.3],[-0.88,0.66],[0,0]],"v":[[29.21,80.22],[24.79,77.98],[23.28,71.53],[23.95,66.78],[25.94,63.85],[29.21,62.86],[33.62,65.07],[35.14,71.5],[34.46,76.28],[32.47,79.23],[29.21,80.22]]}],"t":60},{"s":[{"c":true,"i":[[0,0],[1.01,1.49],[0,2.82],[-0.45,1.28],[-0.88,0.66],[-1.28,0],[-0.99,-1.47],[0,-2.83],[0.45,-1.3],[0.88,-0.67],[1.3,0]],"o":[[-1.94,0],[-1.01,-1.49],[0,-1.89],[0.45,-1.3],[0.9,-0.66],[1.95,0],[1.01,1.46],[0,1.89],[-0.45,1.3],[-0.88,0.66],[0,0]],"v":[[29.21,80.22],[24.79,77.98],[23.28,71.53],[23.95,66.78],[25.94,63.85],[29.21,62.86],[33.62,65.07],[35.14,71.5],[34.46,76.28],[32.47,79.23],[29.21,80.22]]}],"t":120}]}},{"ty":"sh","bm":0,"hd":false,"nm":"","d":1,"ks":{"a":1,"k":[{"o":{"x":0,"y":0},"i":{"x":0.58,"y":1},"s":[{"c":true,"i":[[0,0],[-0.64,1.14],[0,2.38],[0.66,1.1],[1.34,0],[0.66,-1.12],[0,-2.38],[-0.66,-1.15],[-1.33,0]],"o":[[1.34,0],[0.66,-1.15],[0,-2.4],[-0.64,-1.12],[-1.33,0],[-0.66,1.12],[0,2.38],[0.66,1.14],[0,0]],"v":[[29.21,78.51],[32.18,76.81],[33.17,71.5],[32.18,66.25],[29.21,64.57],[26.23,66.25],[25.25,71.5],[26.23,76.81],[29.21,78.51]]}],"t":0},{"o":{"x":0,"y":0},"i":{"x":0.58,"y":1},"s":[{"c":true,"i":[[0,0],[-0.64,1.14],[0,2.38],[0.66,1.1],[1.34,0],[0.66,-1.12],[0,-2.38],[-0.66,-1.15],[-1.33,0]],"o":[[1.34,0],[0.66,-1.15],[0,-2.4],[-0.64,-1.12],[-1.33,0],[-0.66,1.12],[0,2.38],[0.66,1.14],[0,0]],"v":[[29.21,78.51],[32.18,76.81],[33.17,71.5],[32.18,66.25],[29.21,64.57],[26.23,66.25],[25.25,71.5],[26.23,76.81],[29.21,78.51]]}],"t":60},{"s":[{"c":true,"i":[[0,0],[-0.64,1.14],[0,2.38],[0.66,1.1],[1.34,0],[0.66,-1.12],[0,-2.38],[-0.66,-1.15],[-1.33,0]],"o":[[1.34,0],[0.66,-1.15],[0,-2.4],[-0.64,-1.12],[-1.33,0],[-0.66,1.12],[0,2.38],[0.66,1.14],[0,0]],"v":[[29.21,78.51],[32.18,76.81],[33.17,71.5],[32.18,66.25],[29.21,64.57],[26.23,66.25],[25.25,71.5],[26.23,76.81],[29.21,78.51]]}],"t":120}]}},{"ty":"sh","bm":0,"hd":false,"nm":"","d":1,"ks":{"a":1,"k":[{"o":{"x":0,"y":0},"i":{"x":0.58,"y":1},"s":[{"c":true,"i":[[0,0],[0.18,0.16],[0,0.29],[-0.08,0.16],[-0.16,0.18],[0,0],[-0.35,0.74],[0,0.77],[0.59,0.5],[1.12,0],[0.64,-0.22],[0.59,-0.46],[0.18,0.02],[0.13,0.11],[0.05,0.18],[-0.05,0.18],[-0.19,0.14],[-0.88,0.3],[-0.91,0],[-0.78,-0.35],[-0.4,-0.69],[0,-0.98],[0.22,-0.66],[0.45,-0.67],[0.7,-0.72],[0,0],[0,0],[0,0],[-0.14,-0.14],[0,-0.27],[0.16,-0.14],[0.3,0],[0,0]],"o":[[-0.35,0],[-0.16,-0.18],[0,-0.18],[0.1,-0.18],[0,0],[0.82,-0.88],[0.37,-0.75],[0,-0.96],[-0.58,-0.51],[-0.72,0],[-0.64,0.22],[-0.21,0.16],[-0.16,-0.02],[-0.13,-0.11],[-0.05,-0.18],[0.06,-0.18],[0.62,-0.51],[0.88,-0.32],[1.14,0],[0.78,0.35],[0.4,0.67],[0,0.67],[-0.21,0.64],[-0.43,0.67],[0,0],[0,0],[0,0],[0.3,0],[0.16,0.13],[0,0.29],[-0.14,0.14],[0,0],[0,0]],"v":[[39.49,80],[38.7,79.76],[38.46,79.06],[38.58,78.56],[38.97,78.03],[44.34,72.27],[46.09,69.85],[46.65,67.57],[45.76,65.38],[43.21,64.62],[41.17,64.95],[39.33,65.98],[38.75,66.2],[38.32,66.01],[38.05,65.58],[38.05,65.05],[38.44,64.57],[40.69,63.34],[43.38,62.86],[46.26,63.39],[48.04,64.95],[48.64,67.42],[48.3,69.42],[47.32,71.38],[45.61,73.47],[40.5,78.87],[40.5,78.32],[48.59,78.32],[49.26,78.54],[49.5,79.14],[49.26,79.78],[48.59,80],[39.49,80]]}],"t":0},{"o":{"x":0,"y":0},"i":{"x":0.58,"y":1},"s":[{"c":true,"i":[[0,0],[0.18,0.16],[0,0.29],[-0.08,0.16],[-0.16,0.18],[0,0],[-0.35,0.74],[0,0.77],[0.59,0.5],[1.12,0],[0.64,-0.22],[0.59,-0.46],[0.18,0.02],[0.13,0.11],[0.05,0.18],[-0.05,0.18],[-0.19,0.14],[-0.88,0.3],[-0.91,0],[-0.78,-0.35],[-0.4,-0.69],[0,-0.98],[0.22,-0.66],[0.45,-0.67],[0.7,-0.72],[0,0],[0,0],[0,0],[-0.14,-0.14],[0,-0.27],[0.16,-0.14],[0.3,0],[0,0]],"o":[[-0.35,0],[-0.16,-0.18],[0,-0.18],[0.1,-0.18],[0,0],[0.82,-0.88],[0.37,-0.75],[0,-0.96],[-0.58,-0.51],[-0.72,0],[-0.64,0.22],[-0.21,0.16],[-0.16,-0.02],[-0.13,-0.11],[-0.05,-0.18],[0.06,-0.18],[0.62,-0.51],[0.88,-0.32],[1.14,0],[0.78,0.35],[0.4,0.67],[0,0.67],[-0.21,0.64],[-0.43,0.67],[0,0],[0,0],[0,0],[0.3,0],[0.16,0.13],[0,0.29],[-0.14,0.14],[0,0],[0,0]],"v":[[39.49,80],[38.7,79.76],[38.46,79.06],[38.58,78.56],[38.97,78.03],[44.34,72.27],[46.09,69.85],[46.65,67.57],[45.76,65.38],[43.21,64.62],[41.17,64.95],[39.33,65.98],[38.75,66.2],[38.32,66.01],[38.05,65.58],[38.05,65.05],[38.44,64.57],[40.69,63.34],[43.38,62.86],[46.26,63.39],[48.04,64.95],[48.64,67.42],[48.3,69.42],[47.32,71.38],[45.61,73.47],[40.5,78.87],[40.5,78.32],[48.59,78.32],[49.26,78.54],[49.5,79.14],[49.26,79.78],[48.59,80],[39.49,80]]}],"t":60},{"s":[{"c":true,"i":[[0,0],[0.18,0.16],[0,0.29],[-0.08,0.16],[-0.16,0.18],[0,0],[-0.35,0.74],[0,0.77],[0.59,0.5],[1.12,0],[0.64,-0.22],[0.59,-0.46],[0.18,0.02],[0.13,0.11],[0.05,0.18],[-0.05,0.18],[-0.19,0.14],[-0.88,0.3],[-0.91,0],[-0.78,-0.35],[-0.4,-0.69],[0,-0.98],[0.22,-0.66],[0.45,-0.67],[0.7,-0.72],[0,0],[0,0],[0,0],[-0.14,-0.14],[0,-0.27],[0.16,-0.14],[0.3,0],[0,0]],"o":[[-0.35,0],[-0.16,-0.18],[0,-0.18],[0.1,-0.18],[0,0],[0.82,-0.88],[0.37,-0.75],[0,-0.96],[-0.58,-0.51],[-0.72,0],[-0.64,0.22],[-0.21,0.16],[-0.16,-0.02],[-0.13,-0.11],[-0.05,-0.18],[0.06,-0.18],[0.62,-0.51],[0.88,-0.32],[1.14,0],[0.78,0.35],[0.4,0.67],[0,0.67],[-0.21,0.64],[-0.43,0.67],[0,0],[0,0],[0,0],[0.3,0],[0.16,0.13],[0,0.29],[-0.14,0.14],[0,0],[0,0]],"v":[[39.49,80],[38.7,79.76],[38.46,79.06],[38.58,78.56],[38.97,78.03],[44.34,72.27],[46.09,69.85],[46.65,67.57],[45.76,65.38],[43.21,64.62],[41.17,64.95],[39.33,65.98],[38.75,66.2],[38.32,66.01],[38.05,65.58],[38.05,65.05],[38.44,64.57],[40.69,63.34],[43.38,62.86],[46.26,63.39],[48.04,64.95],[48.64,67.42],[48.3,69.42],[47.32,71.38],[45.61,73.47],[40.5,78.87],[40.5,78.32],[48.59,78.32],[49.26,78.54],[49.5,79.14],[49.26,79.78],[48.59,80],[39.49,80]]}],"t":120}]}},{"ty":"sh","bm":0,"hd":false,"nm":"","d":1,"ks":{"a":1,"k":[{"o":{"x":0,"y":0},"i":{"x":0.58,"y":1},"s":[{"c":true,"i":[[0,0],[0.16,0.14],[0,0.27],[-0.16,0.13],[-0.29,0],[0,0],[0,0],[0,0],[0,0],[0.19,0.02],[0.13,0.11],[0.05,0.16],[-0.06,0.18],[-0.21,0.13],[0,0],[-0.19,0.08],[-0.19,0],[-0.14,-0.14],[0,-0.29],[0,0],[0,0],[-0.16,-0.14],[0,-0.27],[0.16,-0.14],[0.29,0],[0,0]],"o":[[-0.29,0],[-0.16,-0.16],[0,-0.27],[0.16,-0.14],[0,0],[0,0],[0,0],[0,0],[-0.21,0.11],[-0.18,-0.02],[-0.11,-0.13],[-0.05,-0.18],[0.06,-0.19],[0,0],[0.21,-0.13],[0.19,-0.08],[0.22,0],[0.16,0.13],[0,0],[0,0],[0.29,0],[0.16,0.13],[0,0.29],[-0.16,0.14],[0,0],[0,0]],"v":[[54.51,80],[53.84,79.78],[53.6,79.14],[53.84,78.54],[54.51,78.32],[57.63,78.32],[57.63,64.71],[58.66,64.71],[55.18,67.02],[54.58,67.16],[54.13,66.97],[53.89,66.54],[53.91,66.01],[54.32,65.53],[57.63,63.34],[58.23,63.03],[58.81,62.91],[59.36,63.13],[59.6,63.75],[59.6,78.32],[62.48,78.32],[63.15,78.54],[63.39,79.14],[63.15,79.78],[62.48,80],[54.51,80]]}],"t":0},{"o":{"x":0,"y":0},"i":{"x":0.58,"y":1},"s":[{"c":true,"i":[[0,0],[0.16,0.14],[0,0.27],[-0.16,0.13],[-0.29,0],[0,0],[0,0],[0,0],[0,0],[0.19,0.02],[0.13,0.11],[0.05,0.16],[-0.06,0.18],[-0.21,0.13],[0,0],[-0.19,0.08],[-0.19,0],[-0.14,-0.14],[0,-0.29],[0,0],[0,0],[-0.16,-0.14],[0,-0.27],[0.16,-0.14],[0.29,0],[0,0]],"o":[[-0.29,0],[-0.16,-0.16],[0,-0.27],[0.16,-0.14],[0,0],[0,0],[0,0],[0,0],[-0.21,0.11],[-0.18,-0.02],[-0.11,-0.13],[-0.05,-0.18],[0.06,-0.19],[0,0],[0.21,-0.13],[0.19,-0.08],[0.22,0],[0.16,0.13],[0,0],[0,0],[0.29,0],[0.16,0.13],[0,0.29],[-0.16,0.14],[0,0],[0,0]],"v":[[54.51,80],[53.84,79.78],[53.6,79.14],[53.84,78.54],[54.51,78.32],[57.63,78.32],[57.63,64.71],[58.66,64.71],[55.18,67.02],[54.58,67.16],[54.13,66.97],[53.89,66.54],[53.91,66.01],[54.32,65.53],[57.63,63.34],[58.23,63.03],[58.81,62.91],[59.36,63.13],[59.6,63.75],[59.6,78.32],[62.48,78.32],[63.15,78.54],[63.39,79.14],[63.15,79.78],[62.48,80],[54.51,80]]}],"t":60},{"s":[{"c":true,"i":[[0,0],[0.16,0.14],[0,0.27],[-0.16,0.13],[-0.29,0],[0,0],[0,0],[0,0],[0,0],[0.19,0.02],[0.13,0.11],[0.05,0.16],[-0.06,0.18],[-0.21,0.13],[0,0],[-0.19,0.08],[-0.19,0],[-0.14,-0.14],[0,-0.29],[0,0],[0,0],[-0.16,-0.14],[0,-0.27],[0.16,-0.14],[0.29,0],[0,0]],"o":[[-0.29,0],[-0.16,-0.16],[0,-0.27],[0.16,-0.14],[0,0],[0,0],[0,0],[0,0],[-0.21,0.11],[-0.18,-0.02],[-0.11,-0.13],[-0.05,-0.18],[0.06,-0.19],[0,0],[0.21,-0.13],[0.19,-0.08],[0.22,0],[0.16,0.13],[0,0],[0,0],[0.29,0],[0.16,0.13],[0,0.29],[-0.16,0.14],[0,0],[0,0]],"v":[[54.51,80],[53.84,79.78],[53.6,79.14],[53.84,78.54],[54.51,78.32],[57.63,78.32],[57.63,64.71],[58.66,64.71],[55.18,67.02],[54.58,67.16],[54.13,66.97],[53.89,66.54],[53.91,66.01],[54.32,65.53],[57.63,63.34],[58.23,63.03],[58.81,62.91],[59.36,63.13],[59.6,63.75],[59.6,78.32],[62.48,78.32],[63.15,78.54],[63.39,79.14],[63.15,79.78],[62.48,80],[54.51,80]]}],"t":120}]}},{"ty":"sh","bm":0,"hd":false,"nm":"","d":1,"ks":{"a":1,"k":[{"o":{"x":0,"y":0},"i":{"x":0.58,"y":1},"s":[{"c":true,"i":[[0,0],[0.19,-0.05],[0.19,0.08],[0.08,0.19],[-0.11,0.3],[-0.27,1.06],[-0.14,1.06],[0,1.09],[0.16,1.06],[0.29,1.04],[0.42,1.07],[-0.08,0.19],[-0.18,0.06],[-0.19,-0.05],[-0.13,-0.21],[-0.42,-1.74],[0,-1.79],[0.19,-1.18],[0.38,-1.14],[0.59,-1.09]],"o":[[-0.13,0.21],[-0.19,0.05],[-0.19,-0.08],[-0.08,-0.19],[0.43,-1.07],[0.29,-1.04],[0.14,-1.06],[0,-1.09],[-0.14,-1.06],[-0.27,-1.06],[-0.11,-0.3],[0.1,-0.21],[0.18,-0.08],[0.21,0.05],[0.88,1.63],[0.42,1.74],[0,1.2],[-0.18,1.17],[-0.37,1.14],[0,0]],"v":[[67.77,84.06],[67.29,84.44],[66.72,84.39],[66.31,83.98],[66.36,83.24],[67.41,80.05],[68.06,76.9],[68.28,73.69],[68.04,70.47],[67.39,67.33],[66.36,64.14],[66.31,63.39],[66.72,62.98],[67.27,62.94],[67.77,63.32],[69.72,68.38],[70.34,73.69],[70.05,77.26],[69.21,80.72],[67.77,84.06]]}],"t":0},{"o":{"x":0,"y":0},"i":{"x":0.58,"y":1},"s":[{"c":true,"i":[[0,0],[0.19,-0.05],[0.19,0.08],[0.08,0.19],[-0.11,0.3],[-0.27,1.06],[-0.14,1.06],[0,1.09],[0.16,1.06],[0.29,1.04],[0.42,1.07],[-0.08,0.19],[-0.18,0.06],[-0.19,-0.05],[-0.13,-0.21],[-0.42,-1.74],[0,-1.79],[0.19,-1.18],[0.38,-1.14],[0.59,-1.09]],"o":[[-0.13,0.21],[-0.19,0.05],[-0.19,-0.08],[-0.08,-0.19],[0.43,-1.07],[0.29,-1.04],[0.14,-1.06],[0,-1.09],[-0.14,-1.06],[-0.27,-1.06],[-0.11,-0.3],[0.1,-0.21],[0.18,-0.08],[0.21,0.05],[0.88,1.63],[0.42,1.74],[0,1.2],[-0.18,1.17],[-0.37,1.14],[0,0]],"v":[[67.77,84.06],[67.29,84.44],[66.72,84.39],[66.31,83.98],[66.36,83.24],[67.41,80.05],[68.06,76.9],[68.28,73.69],[68.04,70.47],[67.39,67.33],[66.36,64.14],[66.31,63.39],[66.72,62.98],[67.27,62.94],[67.77,63.32],[69.72,68.38],[70.34,73.69],[70.05,77.26],[69.21,80.72],[67.77,84.06]]}],"t":60},{"s":[{"c":true,"i":[[0,0],[0.19,-0.05],[0.19,0.08],[0.08,0.19],[-0.11,0.3],[-0.27,1.06],[-0.14,1.06],[0,1.09],[0.16,1.06],[0.29,1.04],[0.42,1.07],[-0.08,0.19],[-0.18,0.06],[-0.19,-0.05],[-0.13,-0.21],[-0.42,-1.74],[0,-1.79],[0.19,-1.18],[0.38,-1.14],[0.59,-1.09]],"o":[[-0.13,0.21],[-0.19,0.05],[-0.19,-0.08],[-0.08,-0.19],[0.43,-1.07],[0.29,-1.04],[0.14,-1.06],[0,-1.09],[-0.14,-1.06],[-0.27,-1.06],[-0.11,-0.3],[0.1,-0.21],[0.18,-0.08],[0.21,0.05],[0.88,1.63],[0.42,1.74],[0,1.2],[-0.18,1.17],[-0.37,1.14],[0,0]],"v":[[67.77,84.06],[67.29,84.44],[66.72,84.39],[66.31,83.98],[66.36,83.24],[67.41,80.05],[68.06,76.9],[68.28,73.69],[68.04,70.47],[67.39,67.33],[66.36,64.14],[66.31,63.39],[66.72,62.98],[67.27,62.94],[67.77,63.32],[69.72,68.38],[70.34,73.69],[70.05,77.26],[69.21,80.72],[67.77,84.06]]}],"t":120}]}},{"ty":"fl","bm":0,"hd":false,"nm":"","c":{"a":1,"k":[{"o":{"x":0,"y":0},"i":{"x":0.58,"y":1},"s":[0,0,0],"t":0},{"o":{"x":0,"y":0},"i":{"x":0.58,"y":1},"s":[0,0,0],"t":60},{"s":[0,0,0],"t":120}]},"r":1,"o":{"a":1,"k":[{"o":{"x":0,"y":0},"i":{"x":0.58,"y":1},"s":[0],"t":0},{"o":{"x":0,"y":0},"i":{"x":0.58,"y":1},"s":[0],"t":60},{"s":[100],"t":120}]}}],"ind":1},{"ty":4,"nm":"200","sr":1,"st":0,"op":121,"ip":0,"hd":false,"ddd":0,"bm":0,"hasMask":false,"ao":0,"ks":{"a":{"a":1,"k":[{"o":{"x":0,"y":0},"i":{"x":0.58,"y":1},"s":[58,38.5],"t":0},{"o":{"x":0,"y":0},"i":{"x":0.58,"y":1},"s":[58,38.5],"t":60},{"s":[58,38.5],"t":120}]},"s":{"a":1,"k":[{"o":{"x":0,"y":0},"i":{"x":0.58,"y":1},"s":[100,100],"t":0},{"o":{"x":0,"y":0},"i":{"x":0.58,"y":1},"s":[100,100],"t":60},{"s":[100,100],"t":120}]},"sk":{"a":0,"k":0},"p":{"a":1,"k":[{"o":{"x":0,"y":0},"i":{"x":0.58,"y":1},"s":[58,38.5],"t":0},{"o":{"x":0,"y":0},"i":{"x":0.58,"y":1},"s":[58,147.5],"t":60},{"s":[58,147.5],"t":120}]},"r":{"a":1,"k":[{"o":{"x":0,"y":0},"i":{"x":0.58,"y":1},"s":[0],"t":0},{"o":{"x":0,"y":0},"i":{"x":0.58,"y":1},"s":[0],"t":60},{"s":[0],"t":120}]},"sa":{"a":0,"k":0},"o":{"a":1,"k":[{"o":{"x":0,"y":0},"i":{"x":0.58,"y":1},"s":[100],"t":0},{"o":{"x":0,"y":0},"i":{"x":0.58,"y":1},"s":[100],"t":60},{"s":[100],"t":120}]}},"ef":[],"shapes":[{"ty":"sh","bm":0,"hd":false,"nm":"","d":1,"ks":{"a":1,"k":[{"o":{"x":0,"y":0},"i":{"x":0.58,"y":1},"s":[{"c":true,"i":[[0,0],[0.85,0.85],[0,1.71],[-0.51,0.94],[-0.85,0.9],[0,0],[-0.68,1.28],[0,1.28],[1.07,0.81],[2.01,0],[1.15,-0.3],[1.32,-0.68],[0.94,0.21],[0.64,0.73],[0.17,0.94],[-0.43,0.9],[-1.11,0.6],[-2.09,0.47],[-2.13,0],[-2.35,-1.02],[-1.24,-1.96],[0,-2.86],[0.55,-1.71],[1.19,-1.71],[1.96,-1.92],[0,0],[0,0],[0,0],[-0.81,-0.81],[0,-1.54],[0.85,-0.85],[1.58,0],[0,0]],"o":[[-1.88,0],[-0.81,-0.9],[0,-1.19],[0.55,-0.94],[0,0],[1.66,-1.79],[0.73,-1.28],[0,-1.62],[-1.07,-0.81],[-1.02,0],[-1.15,0.26],[-1.15,0.51],[-0.9,-0.21],[-0.6,-0.73],[-0.13,-0.94],[0.43,-0.94],[1.96,-1.07],[2.13,-0.47],[3.5,0],[2.39,1.02],[1.24,1.92],[0,1.79],[-0.51,1.71],[-1.15,1.71],[0,0],[0,0],[0,0],[1.58,0],[0.85,0.81],[0,1.54],[-0.81,0.81],[0,0],[0,0]],"v":[[9.22,60],[5.12,58.72],[3.9,54.82],[4.67,51.62],[6.78,48.86],[17.98,37.15],[21.5,32.54],[22.59,28.7],[20.99,25.06],[16.38,23.84],[13.12,24.29],[9.41,25.7],[6.27,26.14],[3.97,24.74],[2.82,22.24],[3.26,19.49],[5.57,17.18],[11.65,14.88],[18.05,14.18],[26.82,15.71],[32.26,20.19],[34.11,27.36],[33.28,32.61],[30.72,37.73],[26.05,43.17],[15.68,53.41],[15.68,50.46],[31.49,50.46],[35.07,51.68],[36.35,55.2],[35.07,58.78],[31.49,60],[9.22,60]]}],"t":0},{"o":{"x":0,"y":0},"i":{"x":0.58,"y":1},"s":[{"c":true,"i":[[0,0],[0.85,0.85],[0,1.71],[-0.51,0.94],[-0.85,0.9],[0,0],[-0.68,1.28],[0,1.28],[1.07,0.81],[2.01,0],[1.15,-0.3],[1.32,-0.68],[0.94,0.21],[0.64,0.73],[0.17,0.94],[-0.43,0.9],[-1.11,0.6],[-2.09,0.47],[-2.13,0],[-2.35,-1.02],[-1.24,-1.96],[0,-2.86],[0.55,-1.71],[1.19,-1.71],[1.96,-1.92],[0,0],[0,0],[0,0],[-0.81,-0.81],[0,-1.54],[0.85,-0.85],[1.58,0],[0,0]],"o":[[-1.88,0],[-0.81,-0.9],[0,-1.19],[0.55,-0.94],[0,0],[1.66,-1.79],[0.73,-1.28],[0,-1.62],[-1.07,-0.81],[-1.02,0],[-1.15,0.26],[-1.15,0.51],[-0.9,-0.21],[-0.6,-0.73],[-0.13,-0.94],[0.43,-0.94],[1.96,-1.07],[2.13,-0.47],[3.5,0],[2.39,1.02],[1.24,1.92],[0,1.79],[-0.51,1.71],[-1.15,1.71],[0,0],[0,0],[0,0],[1.58,0],[0.85,0.81],[0,1.54],[-0.81,0.81],[0,0],[0,0]],"v":[[9.22,60],[5.12,58.72],[3.9,54.82],[4.67,51.62],[6.78,48.86],[17.98,37.15],[21.5,32.54],[22.59,28.7],[20.99,25.06],[16.38,23.84],[13.12,24.29],[9.41,25.7],[6.27,26.14],[3.97,24.74],[2.82,22.24],[3.26,19.49],[5.57,17.18],[11.65,14.88],[18.05,14.18],[26.82,15.71],[32.26,20.19],[34.11,27.36],[33.28,32.61],[30.72,37.73],[26.05,43.17],[15.68,53.41],[15.68,50.46],[31.49,50.46],[35.07,51.68],[36.35,55.2],[35.07,58.78],[31.49,60],[9.22,60]]}],"t":60},{"s":[{"c":true,"i":[[0,0],[0.85,0.85],[0,1.71],[-0.51,0.94],[-0.85,0.9],[0,0],[-0.68,1.28],[0,1.28],[1.07,0.81],[2.01,0],[1.15,-0.3],[1.32,-0.68],[0.94,0.21],[0.64,0.73],[0.17,0.94],[-0.43,0.9],[-1.11,0.6],[-2.09,0.47],[-2.13,0],[-2.35,-1.02],[-1.24,-1.96],[0,-2.86],[0.55,-1.71],[1.19,-1.71],[1.96,-1.92],[0,0],[0,0],[0,0],[-0.81,-0.81],[0,-1.54],[0.85,-0.85],[1.58,0],[0,0]],"o":[[-1.88,0],[-0.81,-0.9],[0,-1.19],[0.55,-0.94],[0,0],[1.66,-1.79],[0.73,-1.28],[0,-1.62],[-1.07,-0.81],[-1.02,0],[-1.15,0.26],[-1.15,0.51],[-0.9,-0.21],[-0.6,-0.73],[-0.13,-0.94],[0.43,-0.94],[1.96,-1.07],[2.13,-0.47],[3.5,0],[2.39,1.02],[1.24,1.92],[0,1.79],[-0.51,1.71],[-1.15,1.71],[0,0],[0,0],[0,0],[1.58,0],[0.85,0.81],[0,1.54],[-0.81,0.81],[0,0],[0,0]],"v":[[9.22,60],[5.12,58.72],[3.9,54.82],[4.67,51.62],[6.78,48.86],[17.98,37.15],[21.5,32.54],[22.59,28.7],[20.99,25.06],[16.38,23.84],[13.12,24.29],[9.41,25.7],[6.27,26.14],[3.97,24.74],[2.82,22.24],[3.26,19.49],[5.57,17.18],[11.65,14.88],[18.05,14.18],[26.82,15.71],[32.26,20.19],[34.11,27.36],[33.28,32.61],[30.72,37.73],[26.05,43.17],[15.68,53.41],[15.68,50.46],[31.49,50.46],[35.07,51.68],[36.35,55.2],[35.07,58.78],[31.49,60],[9.22,60]]}],"t":120}]}},{"ty":"sh","bm":0,"hd":false,"nm":"","d":1,"ks":{"a":1,"k":[{"o":{"x":0,"y":0},"i":{"x":0.58,"y":1},"s":[{"c":true,"i":[[0,0],[2.99,4.05],[0,7.47],[-1.32,3.41],[-2.56,1.75],[-3.71,0],[-2.94,-3.93],[0,-7.51],[1.32,-3.5],[2.56,-1.83],[3.71,0]],"o":[[-5.55,0],[-2.94,-4.1],[0,-5.03],[1.32,-3.46],[2.56,-1.75],[5.59,0],[2.94,3.93],[0,4.99],[-1.32,3.5],[-2.56,1.83],[0,0]],"v":[[57.58,60.7],[44.78,54.62],[40.36,37.28],[42.34,24.61],[48.17,16.8],[57.58,14.18],[70.38,20.06],[74.79,37.22],[72.81,49.95],[66.98,57.95],[57.58,60.7]]}],"t":0},{"o":{"x":0,"y":0},"i":{"x":0.58,"y":1},"s":[{"c":true,"i":[[0,0],[2.99,4.05],[0,7.47],[-1.32,3.41],[-2.56,1.75],[-3.71,0],[-2.94,-3.93],[0,-7.51],[1.32,-3.5],[2.56,-1.83],[3.71,0]],"o":[[-5.55,0],[-2.94,-4.1],[0,-5.03],[1.32,-3.46],[2.56,-1.75],[5.59,0],[2.94,3.93],[0,4.99],[-1.32,3.5],[-2.56,1.83],[0,0]],"v":[[57.58,60.7],[44.78,54.62],[40.36,37.28],[42.34,24.61],[48.17,16.8],[57.58,14.18],[70.38,20.06],[74.79,37.22],[72.81,49.95],[66.98,57.95],[57.58,60.7]]}],"t":60},{"s":[{"c":true,"i":[[0,0],[2.99,4.05],[0,7.47],[-1.32,3.41],[-2.56,1.75],[-3.71,0],[-2.94,-3.93],[0,-7.51],[1.32,-3.5],[2.56,-1.83],[3.71,0]],"o":[[-5.55,0],[-2.94,-4.1],[0,-5.03],[1.32,-3.46],[2.56,-1.75],[5.59,0],[2.94,3.93],[0,4.99],[-1.32,3.5],[-2.56,1.83],[0,0]],"v":[[57.58,60.7],[44.78,54.62],[40.36,37.28],[42.34,24.61],[48.17,16.8],[57.58,14.18],[70.38,20.06],[74.79,37.22],[72.81,49.95],[66.98,57.95],[57.58,60.7]]}],"t":120}]}},{"ty":"sh","bm":0,"hd":false,"nm":"","d":1,"ks":{"a":1,"k":[{"o":{"x":0,"y":0},"i":{"x":0.58,"y":1},"s":[{"c":true,"i":[[0,0],[-0.98,2.22],[0,4.95],[1.02,2.09],[2.05,0],[1.02,-2.13],[0,-4.91],[-0.98,-2.26],[-2.05,0]],"o":[[2.05,0],[1.02,-2.26],[0,-4.91],[-0.98,-2.13],[-2.05,0],[-0.98,2.09],[0,4.95],[1.02,2.22],[0,0]],"v":[[57.58,51.36],[62.12,48.03],[63.66,37.22],[62.12,26.72],[57.58,23.52],[52.97,26.72],[51.5,37.22],[52.97,48.03],[57.58,51.36]]}],"t":0},{"o":{"x":0,"y":0},"i":{"x":0.58,"y":1},"s":[{"c":true,"i":[[0,0],[-0.98,2.22],[0,4.95],[1.02,2.09],[2.05,0],[1.02,-2.13],[0,-4.91],[-0.98,-2.26],[-2.05,0]],"o":[[2.05,0],[1.02,-2.26],[0,-4.91],[-0.98,-2.13],[-2.05,0],[-0.98,2.09],[0,4.95],[1.02,2.22],[0,0]],"v":[[57.58,51.36],[62.12,48.03],[63.66,37.22],[62.12,26.72],[57.58,23.52],[52.97,26.72],[51.5,37.22],[52.97,48.03],[57.58,51.36]]}],"t":60},{"s":[{"c":true,"i":[[0,0],[-0.98,2.22],[0,4.95],[1.02,2.09],[2.05,0],[1.02,-2.13],[0,-4.91],[-0.98,-2.26],[-2.05,0]],"o":[[2.05,0],[1.02,-2.26],[0,-4.91],[-0.98,-2.13],[-2.05,0],[-0.98,2.09],[0,4.95],[1.02,2.22],[0,0]],"v":[[57.58,51.36],[62.12,48.03],[63.66,37.22],[62.12,26.72],[57.58,23.52],[52.97,26.72],[51.5,37.22],[52.97,48.03],[57.58,51.36]]}],"t":120}]}},{"ty":"sh","bm":0,"hd":false,"nm":"","d":1,"ks":{"a":1,"k":[{"o":{"x":0,"y":0},"i":{"x":0.58,"y":1},"s":[{"c":true,"i":[[0,0],[2.99,4.05],[0,7.47],[-1.32,3.41],[-2.56,1.75],[-3.71,0],[-2.94,-3.93],[0,-7.51],[1.32,-3.5],[2.56,-1.83],[3.71,0]],"o":[[-5.55,0],[-2.94,-4.1],[0,-5.03],[1.32,-3.46],[2.56,-1.75],[5.59,0],[2.94,3.93],[0,4.99],[-1.32,3.5],[-2.56,1.83],[0,0]],"v":[[95.95,60.7],[83.15,54.62],[78.73,37.28],[80.72,24.61],[86.54,16.8],[95.95,14.18],[108.75,20.06],[113.17,37.22],[111.18,49.95],[105.36,57.95],[95.95,60.7]]}],"t":0},{"o":{"x":0,"y":0},"i":{"x":0.58,"y":1},"s":[{"c":true,"i":[[0,0],[2.99,4.05],[0,7.47],[-1.32,3.41],[-2.56,1.75],[-3.71,0],[-2.94,-3.93],[0,-7.51],[1.32,-3.5],[2.56,-1.83],[3.71,0]],"o":[[-5.55,0],[-2.94,-4.1],[0,-5.03],[1.32,-3.46],[2.56,-1.75],[5.59,0],[2.94,3.93],[0,4.99],[-1.32,3.5],[-2.56,1.83],[0,0]],"v":[[95.95,60.7],[83.15,54.62],[78.73,37.28],[80.72,24.61],[86.54,16.8],[95.95,14.18],[108.75,20.06],[113.17,37.22],[111.18,49.95],[105.36,57.95],[95.95,60.7]]}],"t":60},{"s":[{"c":true,"i":[[0,0],[2.99,4.05],[0,7.47],[-1.32,3.41],[-2.56,1.75],[-3.71,0],[-2.94,-3.93],[0,-7.51],[1.32,-3.5],[2.56,-1.83],[3.71,0]],"o":[[-5.55,0],[-2.94,-4.1],[0,-5.03],[1.32,-3.46],[2.56,-1.75],[5.59,0],[2.94,3.93],[0,4.99],[-1.32,3.5],[-2.56,1.83],[0,0]],"v":[[95.95,60.7],[83.15,54.62],[78.73,37.28],[80.72,24.61],[86.54,16.8],[95.95,14.18],[108.75,20.06],[113.17,37.22],[111.18,49.95],[105.36,57.95],[95.95,60.7]]}],"t":120}]}},{"ty":"sh","bm":0,"hd":false,"nm":"","d":1,"ks":{"a":1,"k":[{"o":{"x":0,"y":0},"i":{"x":0.58,"y":1},"s":[{"c":true,"i":[[0,0],[-0.98,2.22],[0,4.95],[1.02,2.09],[2.05,0],[1.02,-2.13],[0,-4.91],[-0.98,-2.26],[-2.05,0]],"o":[[2.05,0],[1.02,-2.26],[0,-4.91],[-0.98,-2.13],[-2.05,0],[-0.98,2.09],[0,4.95],[1.02,2.22],[0,0]],"v":[[95.95,51.36],[100.49,48.03],[102.03,37.22],[100.49,26.72],[95.95,23.52],[91.34,26.72],[89.87,37.22],[91.34,48.03],[95.95,51.36]]}],"t":0},{"o":{"x":0,"y":0},"i":{"x":0.58,"y":1},"s":[{"c":true,"i":[[0,0],[-0.98,2.22],[0,4.95],[1.02,2.09],[2.05,0],[1.02,-2.13],[0,-4.91],[-0.98,-2.26],[-2.05,0]],"o":[[2.05,0],[1.02,-2.26],[0,-4.91],[-0.98,-2.13],[-2.05,0],[-0.98,2.09],[0,4.95],[1.02,2.22],[0,0]],"v":[[95.95,51.36],[100.49,48.03],[102.03,37.22],[100.49,26.72],[95.95,23.52],[91.34,26.72],[89.87,37.22],[91.34,48.03],[95.95,51.36]]}],"t":60},{"s":[{"c":true,"i":[[0,0],[-0.98,2.22],[0,4.95],[1.02,2.09],[2.05,0],[1.02,-2.13],[0,-4.91],[-0.98,-2.26],[-2.05,0]],"o":[[2.05,0],[1.02,-2.26],[0,-4.91],[-0.98,-2.13],[-2.05,0],[-0.98,2.09],[0,4.95],[1.02,2.22],[0,0]],"v":[[95.95,51.36],[100.49,48.03],[102.03,37.22],[100.49,26.72],[95.95,23.52],[91.34,26.72],[89.87,37.22],[91.34,48.03],[95.95,51.36]]}],"t":120}]}},{"ty":"fl","bm":0,"hd":false,"nm":"","c":{"a":1,"k":[{"o":{"x":0,"y":0},"i":{"x":0.58,"y":1},"s":[0,0,0],"t":0},{"o":{"x":0,"y":0},"i":{"x":0.58,"y":1},"s":[0,0,0],"t":60},{"s":[0,0,0],"t":120}]},"r":1,"o":{"a":1,"k":[{"o":{"x":0,"y":0},"i":{"x":0.58,"y":1},"s":[0],"t":0},{"o":{"x":0,"y":0},"i":{"x":0.58,"y":1},"s":[0],"t":60},{"s":[100],"t":120}]}}],"ind":2},{"ty":4,"nm":"Line 6","sr":1,"st":0,"op":121,"ip":0,"hd":false,"ddd":0,"bm":0,"hasMask":false,"ao":0,"ks":{"a":{"a":1,"k":[{"o":{"x":0,"y":0},"i":{"x":0.58,"y":1},"s":[0.5,0],"t":0},{"o":{"x":0,"y":0},"i":{"x":0.58,"y":1},"s":[198,0],"t":60},{"s":[198,0],"t":120}]},"s":{"a":1,"k":[{"o":{"x":0,"y":0},"i":{"x":0.58,"y":1},"s":[100,100],"t":0},{"o":{"x":0,"y":0},"i":{"x":0.58,"y":1},"s":[100,100],"t":60},{"s":[100,100],"t":120}]},"sk":{"a":0,"k":0},"p":{"a":1,"k":[{"o":{"x":0,"y":0},"i":{"x":0.58,"y":1},"s":[117,286.5],"t":0},{"o":{"x":0,"y":0},"i":{"x":0.58,"y":1},"s":[124,198],"t":60},{"s":[176,198],"t":120}]},"r":{"a":1,"k":[{"o":{"x":0,"y":0},"i":{"x":0.58,"y":1},"s":[-90],"t":0},{"o":{"x":0,"y":0},"i":{"x":0.58,"y":1},"s":[-90],"t":60},{"s":[-90],"t":120}]},"sa":{"a":0,"k":0},"o":{"a":1,"k":[{"o":{"x":0,"y":0},"i":{"x":0.58,"y":1},"s":[100],"t":0},{"o":{"x":0,"y":0},"i":{"x":0.58,"y":1},"s":[100],"t":60},{"s":[100],"t":120}]}},"ef":[],"shapes":[{"ty":"sh","bm":0,"hd":false,"nm":"","d":1,"ks":{"a":1,"k":[{"o":{"x":0,"y":0},"i":{"x":0.58,"y":1},"s":[{"c":true,"i":[[0,0],[0,0],[0,0],[0,0]],"o":[[0,0],[0,0],[0,0],[0,0]],"v":[[0,0],[1,0],[1,0],[0,0]]}],"t":0},{"o":{"x":0,"y":0},"i":{"x":0.58,"y":1},"s":[{"c":true,"i":[[0,0],[0,0],[0,0],[0,0]],"o":[[0,0],[0,0],[0,0],[0,0]],"v":[[0,0],[396,0],[396,0],[0,0]]}],"t":60},{"s":[{"c":true,"i":[[0,0],[0,0],[0,0],[0,0]],"o":[[0,0],[0,0],[0,0],[0,0]],"v":[[0,0],[396,0],[396,0],[0,0]]}],"t":120}]}},{"ty":"st","bm":0,"hd":false,"nm":"","lc":1,"lj":1,"ml":4,"o":{"a":1,"k":[{"o":{"x":0,"y":0},"i":{"x":0.58,"y":1},"s":[100],"t":0},{"o":{"x":0,"y":0},"i":{"x":0.58,"y":1},"s":[100],"t":60},{"s":[100],"t":120}]},"w":{"a":1,"k":[{"o":{"x":0,"y":0},"i":{"x":0.58,"y":1},"s":[1],"t":0},{"o":{"x":0,"y":0},"i":{"x":0.58,"y":1},"s":[1],"t":60},{"s":[1],"t":120}]},"c":{"a":1,"k":[{"o":{"x":0,"y":0},"i":{"x":0.58,"y":1},"s":[0,0,0],"t":0},{"o":{"x":0,"y":0},"i":{"x":0.58,"y":1},"s":[0,0,0],"t":60},{"s":[0,0,0],"t":120}]}}],"ind":3},{"ty":4,"nm":"Ellipse 62","sr":1,"st":0,"op":121,"ip":0,"hd":false,"ddd":0,"bm":0,"hasMask":false,"ao":0,"ks":{"a":{"a":1,"k":[{"o":{"x":0,"y":0},"i":{"x":0.58,"y":1},"s":[30,30],"t":0},{"o":{"x":0,"y":0},"i":{"x":0.58,"y":1},"s":[30,30],"t":60},{"s":[30,30],"t":120}]},"s":{"a":1,"k":[{"o":{"x":0,"y":0},"i":{"x":0.58,"y":1},"s":[100,100],"t":0},{"o":{"x":0,"y":0},"i":{"x":0.58,"y":1},"s":[100,100],"t":60},{"s":[100,100],"t":120}]},"sk":{"a":0,"k":0},"p":{"a":1,"k":[{"o":{"x":0,"y":0},"i":{"x":0.58,"y":1},"s":[146.5,288.5],"t":0},{"o":{"x":0,"y":0},"i":{"x":0.58,"y":1},"s":[153.5,397.5],"t":60},{"s":[205.5,397.5],"t":120}]},"r":{"a":1,"k":[{"o":{"x":0,"y":0},"i":{"x":0.58,"y":1},"s":[0],"t":0},{"o":{"x":0,"y":0},"i":{"x":0.58,"y":1},"s":[0],"t":60},{"s":[0],"t":120}]},"sa":{"a":0,"k":0},"o":{"a":1,"k":[{"o":{"x":0,"y":0},"i":{"x":0.58,"y":1},"s":[100],"t":0},{"o":{"x":0,"y":0},"i":{"x":0.58,"y":1},"s":[100],"t":60},{"s":[100],"t":120}]}},"ef":[],"shapes":[{"ty":"sh","bm":0,"hd":false,"nm":"","d":1,"ks":{"a":1,"k":[{"o":{"x":0,"y":0},"i":{"x":0.58,"y":1},"s":[{"c":true,"i":[[0,0],[16.293833333333332,0],[0,16.293833333333332],[-16.293833333333332,0],[0,-16.293833333333332]],"o":[[0,16.293833333333332],[-16.293833333333332,0],[0,-16.293833333333332],[16.293833333333332,0],[0,0]],"v":[[59,29.5],[29.5,59],[0,29.5],[29.5,0],[59,29.5]]}],"t":0},{"o":{"x":0,"y":0},"i":{"x":0.58,"y":1},"s":[{"c":true,"i":[[0,0],[16.293833333333332,0],[0,16.293833333333332],[-16.293833333333332,0],[0,-16.293833333333332]],"o":[[0,16.293833333333332],[-16.293833333333332,0],[0,-16.293833333333332],[16.293833333333332,0],[0,0]],"v":[[59,29.5],[29.5,59],[0,29.5],[29.5,0],[59,29.5]]}],"t":60},{"s":[{"c":true,"i":[[0,0],[16.293833333333332,0],[0,16.293833333333332],[-16.293833333333332,0],[0,-16.293833333333332]],"o":[[0,16.293833333333332],[-16.293833333333332,0],[0,-16.293833333333332],[16.293833333333332,0],[0,0]],"v":[[59,29.5],[29.5,59],[0,29.5],[29.5,0],[59,29.5]]}],"t":120}]}},{"ty":"st","bm":0,"hd":false,"nm":"","lc":1,"lj":1,"ml":4,"o":{"a":1,"k":[{"o":{"x":0,"y":0},"i":{"x":0.58,"y":1},"s":[100],"t":0},{"o":{"x":0,"y":0},"i":{"x":0.58,"y":1},"s":[100],"t":60},{"s":[100],"t":120}]},"w":{"a":1,"k":[{"o":{"x":0,"y":0},"i":{"x":0.58,"y":1},"s":[1],"t":0},{"o":{"x":0,"y":0},"i":{"x":0.58,"y":1},"s":[1],"t":60},{"s":[1],"t":120}]},"c":{"a":1,"k":[{"o":{"x":0,"y":0},"i":{"x":0.58,"y":1},"s":[0,0,0],"t":0},{"o":{"x":0,"y":0},"i":{"x":0.58,"y":1},"s":[0,0,0],"t":60},{"s":[0,0,0],"t":120}]}}],"ind":4}]}]}