{"v":"4.8.0","meta":{"g":"LottieFiles AE 3.5.3","a":"","k":"","d":"","tc":""},"fr":29.9700012207031,"ip":0,"op":66.0000026882351,"w":1815,"h":1815,"nm":"Anims data","ddd":0,"assets":[],"fonts":{"list":[{"fName":"Nunito-Bold","fFamily":"Nunito","fStyle":"Bold","ascent":72.0997436903417},{"fName":"Nunito-Regular","fFamily":"Nunito","fStyle":"Regular","ascent":71.4991455432028}]},"layers":[{"ddd":0,"ind":1,"ty":5,"nm":"de tonnes (2021)","sr":1,"ks":{"o":{"a":1,"k":[{"i":{"x":[0.833],"y":[0.833]},"o":{"x":[0.167],"y":[0.167]},"t":0,"s":[0]},{"i":{"x":[0.833],"y":[0.833]},"o":{"x":[0.167],"y":[0.167]},"t":29,"s":[0]},{"t":61.0000024845809,"s":[100]}],"ix":11},"r":{"a":0,"k":0,"ix":10},"p":{"a":1,"k":[{"i":{"x":0.833,"y":0.833},"o":{"x":0.167,"y":0.167},"t":0,"s":[1305.586,1210.5,0],"to":[0,0,0],"ti":[0,0,0]},{"i":{"x":0.833,"y":0.833},"o":{"x":0.167,"y":0.167},"t":29,"s":[1305.586,1210.5,0],"to":[0,0,0],"ti":[0,0,0]},{"t":61.0000024845809,"s":[1245.586,1210.5,0]}],"ix":2},"a":{"a":0,"k":[0,0,0],"ix":1},"s":{"a":0,"k":[100,93.899,100],"ix":6}},"ao":0,"t":{"d":{"k":[{"s":{"sz":[969,393],"ps":[-484.5,-196.5],"s":62,"f":"Nunito-Regular","t":"de tonnes (2021)","j":0,"tr":0,"lh":74.4,"ls":0,"fc":[0,0,0]},"t":0}]},"p":{},"m":{"g":1,"a":{"a":0,"k":[0,0],"ix":2}},"a":[]},"ip":-19.0000007738859,"op":881.000035883866,"st":-19.0000007738859,"bm":0},{"ddd":0,"ind":2,"ty":5,"nm":"6,1 millions","sr":1,"ks":{"o":{"a":1,"k":[{"i":{"x":[0.833],"y":[0.833]},"o":{"x":[0.167],"y":[0.167]},"t":0,"s":[0]},{"i":{"x":[0.833],"y":[0.833]},"o":{"x":[0.167],"y":[0.167]},"t":29,"s":[0]},{"t":61.0000024845809,"s":[100]}],"ix":11},"r":{"a":0,"k":0,"ix":10},"p":{"a":1,"k":[{"i":{"x":0.833,"y":0.833},"o":{"x":0.167,"y":0.167},"t":0,"s":[1072,1168.5,0],"to":[0,0,0],"ti":[0,0,0]},{"i":{"x":0.833,"y":0.833},"o":{"x":0.167,"y":0.167},"t":29,"s":[1072,1168.5,0],"to":[0,0,0],"ti":[0,0,0]},{"t":61.0000024845809,"s":[1012,1168.5,0]}],"ix":2},"a":{"a":0,"k":[0,0,0],"ix":1},"s":{"a":0,"k":[100,100,100],"ix":6}},"ao":0,"t":{"d":{"k":[{"s":{"sz":[726,453],"ps":[-363,-226.5],"s":77,"f":"Nunito-Bold","t":"6,1 millions","j":0,"tr":0,"lh":92.4,"ls":0,"fc":[0,0,0]},"t":0}]},"p":{},"m":{"g":1,"a":{"a":0,"k":[0,0],"ix":2}},"a":[]},"ip":-19.0000007738859,"op":881.000035883866,"st":-19.0000007738859,"bm":0},{"ddd":0,"ind":3,"ty":4,"nm":"Calque de forme 2","sr":1,"ks":{"o":{"a":0,"k":100,"ix":11},"r":{"a":0,"k":-90,"ix":10},"p":{"a":0,"k":[1302.125,1401.25,0],"ix":2},"a":{"a":0,"k":[-705.75,238.75,0],"ix":1},"s":{"a":1,"k":[{"i":{"x":[0.833,0.833,0.833],"y":[0.833,0.833,0.833]},"o":{"x":[0.167,0.167,0.167],"y":[0.167,0.167,0.167]},"t":-74,"s":[0,100,100]},{"i":{"x":[0.833,0.833,0.833],"y":[0.833,0.833,0.833]},"o":{"x":[0.167,0.167,0.167],"y":[0.167,0.167,0.167]},"t":0,"s":[0,100,100]},{"t":29.0000011811942,"s":[55,100,100]}],"ix":6}},"ao":0,"shapes":[{"ty":"gr","it":[{"ind":0,"ty":"sh","ix":1,"ks":{"a":0,"k":{"i":[[0,0],[0,0]],"o":[[0,0],[0,0]],"v":[[-706.5,238.5],[769.5,238.5]],"c":false},"ix":2},"nm":"Tracé 1","mn":"ADBE Vector Shape - Group","hd":false},{"ty":"st","c":{"a":0,"k":[0,0,0,1],"ix":3},"o":{"a":0,"k":100,"ix":4},"w":{"a":0,"k":5,"ix":5},"lc":1,"lj":1,"ml":4,"bm":0,"nm":"Contour 1","mn":"ADBE Vector Graphic - Stroke","hd":false},{"ty":"tr","p":{"a":0,"k":[-707,238.25],"ix":2},"a":{"a":0,"k":[-705.997,238.25],"ix":1},"s":{"a":0,"k":[100.142,100],"ix":3},"r":{"a":0,"k":0,"ix":6},"o":{"a":0,"k":100,"ix":7},"sk":{"a":0,"k":0,"ix":4},"sa":{"a":0,"k":0,"ix":5},"nm":"Transformer "}],"nm":"Forme 1","np":3,"cix":2,"bm":0,"ix":1,"mn":"ADBE Vector Group","hd":false}],"ip":-74.0000030140818,"op":826.00003364367,"st":-74.0000030140818,"bm":0},{"ddd":0,"ind":4,"ty":4,"nm":"Calque de forme 1","sr":1,"ks":{"o":{"a":0,"k":100,"ix":11},"r":{"a":0,"k":-90,"ix":10},"p":{"a":0,"k":[1059.5,704.5,0],"ix":2},"a":{"a":0,"k":[0,0,0],"ix":1},"s":{"a":0,"k":[100,100,100],"ix":6}},"ao":0,"shapes":[{"ty":"gr","it":[{"d":1,"ty":"el","s":{"a":0,"k":[126,126],"ix":2},"p":{"a":0,"k":[0,0],"ix":3},"nm":"Tracé d'ellipse 1","mn":"ADBE Vector Shape - Ellipse","hd":false},{"ty":"st","c":{"a":0,"k":[0,0,0,1],"ix":3},"o":{"a":0,"k":100,"ix":4},"w":{"a":0,"k":5,"ix":5},"lc":1,"lj":1,"ml":4,"bm":0,"nm":"Contour 1","mn":"ADBE Vector Graphic - Stroke","hd":false},{"ty":"tr","p":{"a":0,"k":[-688.5,304.5],"ix":2},"a":{"a":0,"k":[0,0],"ix":1},"s":{"a":0,"k":[100,100],"ix":3},"r":{"a":0,"k":0,"ix":6},"o":{"a":0,"k":100,"ix":7},"sk":{"a":0,"k":0,"ix":4},"sa":{"a":0,"k":0,"ix":5},"nm":"Transformer "}],"nm":"Ellipse 1","np":3,"cix":2,"bm":0,"ix":1,"mn":"ADBE Vector Group","hd":false}],"ip":-7.00000028511585,"op":893.000036372636,"st":-7.00000028511585,"bm":0}],"markers":[],"chars":[{"ch":"6","size":77,"style":"Bold","w":60,"data":{"shapes":[{"ty":"gr","it":[{"ind":0,"ty":"sh","ix":1,"ks":{"a":0,"k":{"i":[[-3.5,2.034],[-1.967,3.567],[0,4.534],[1.8,3.4],[3.133,1.934],[4.066,0],[2.666,-1.3],[1.7,-2.433],[0.533,-3.4],[0,0],[0,0],[-1.367,3.6],[-2.667,1.8],[-3.867,0],[-2,-0.533],[-2.267,-1.333],[-1.067,0.167],[-0.7,0.767],[-0.234,1.034],[0.333,1.067],[1.066,0.667],[3.033,0.9],[2.933,0],[3.766,-1.666],[2.6,-3.2],[1.366,-4.633],[0,-6],[-2.134,-5.2],[-4.1,-2.766],[-5.8,0]],"o":[[3.5,-2.033],[1.966,-3.566],[0,-4.4],[-1.8,-3.4],[-3.134,-1.933],[-3.267,0],[-2.667,1.3],[-1.7,2.434],[0,0],[0,0],[0,-5.4],[1.366,-3.6],[2.666,-1.8],[2,0],[2,0.534],[1.266,0.734],[1.066,-0.166],[0.7,-0.766],[0.233,-1.033],[-0.334,-1.066],[-2.667,-1.8],[-3.034,-0.9],[-4.734,0],[-3.767,1.667],[-2.6,3.2],[-1.367,4.634],[0,7.4],[2.133,5.2],[4.1,2.767],[4.6,0]],"v":[[44.75,-2.05],[52.95,-10.45],[55.9,-22.6],[53.2,-34.3],[45.8,-42.3],[35,-45.2],[26.1,-43.25],[19.55,-37.65],[16.2,-28.9],[17.4,-28.9],[17.4,-36.4],[19.45,-49.9],[25.5,-58],[35.3,-60.7],[41.3,-59.9],[47.7,-57.1],[51.2,-56.25],[53.85,-57.65],[55.25,-60.35],[55.1,-63.5],[53,-66.1],[44.45,-70.15],[35.5,-71.5],[22.75,-69],[13.2,-61.7],[7.25,-49.95],[5.2,-34],[8.4,-15.1],[17.75,-3.15],[32.6,1]],"c":true},"ix":2},"nm":"6","mn":"ADBE Vector Shape - Group","hd":false},{"ind":1,"ty":"sh","ix":2,"ks":{"a":0,"k":{"i":[[1.8,1.067],[1.033,1.967],[0,2.534],[-1.034,1.934],[-1.8,1.1],[-2.4,0],[-1.834,-1.1],[-1,-1.933],[0,-2.6],[1,-1.966],[1.833,-1.066],[2.4,0]],"o":[[-1.8,-1.066],[-1.034,-1.966],[0,-2.6],[1.033,-1.933],[1.8,-1.1],[2.4,0],[1.833,1.1],[1,1.934],[0,2.534],[-1,1.967],[-1.834,1.067],[-2.4,0]],"v":[[25.6,-10.8],[21.35,-15.35],[19.8,-22.1],[21.35,-28.9],[25.6,-33.45],[31.9,-35.1],[38.25,-33.45],[42.5,-28.9],[44,-22.1],[42.5,-15.35],[38.25,-10.8],[31.9,-9.2]],"c":true},"ix":2},"nm":"6","mn":"ADBE Vector Shape - Group","hd":false}],"nm":"6","np":5,"cix":2,"bm":0,"ix":1,"mn":"ADBE Vector Group","hd":false}]},"fFamily":"Nunito"},{"ch":",","size":77,"style":"Bold","w":24.8,"data":{"shapes":[{"ty":"gr","it":[{"ind":0,"ty":"sh","ix":1,"ks":{"a":0,"k":{"i":[[-0.834,1.833],[-0.3,1.7],[0,1.6],[1.333,1.567],[2.333,0],[1.333,-1.366],[0,-2.133],[-1.434,-1.366],[-2.334,0],[0,0],[0.466,-1.666],[1.333,-1.667],[-0.067,-0.967],[-0.734,-0.534],[-0.967,0.166],[-0.867,1.066]],"o":[[0.833,-1.834],[0.3,-1.7],[0,-2.933],[-1.334,-1.566],[-2.267,0],[-1.334,1.367],[0,2.267],[1.433,1.367],[0,0],[0,1.334],[-0.467,1.666],[-0.934,1.133],[0.066,0.966],[0.733,0.533],[0.966,-0.167],[1.6,-1.934]],"v":[[17.75,5.05],[19.45,-0.25],[19.9,-5.2],[17.9,-11.95],[12.4,-14.3],[7,-12.25],[5,-7],[7.15,-1.55],[12.8,0.5],[12.3,-2.9],[11.6,1.6],[8.9,6.6],[7.6,9.75],[8.8,12],[11.35,12.55],[14.1,10.7]],"c":true},"ix":2},"nm":",","mn":"ADBE Vector Shape - Group","hd":false}],"nm":",","np":3,"cix":2,"bm":0,"ix":1,"mn":"ADBE Vector Group","hd":false}]},"fFamily":"Nunito"},{"ch":"1","size":77,"style":"Bold","w":60,"data":{"shapes":[{"ty":"gr","it":[{"ind":0,"ty":"sh","ix":1,"ks":{"a":0,"k":{"i":[[0,0],[-0.967,0.934],[0,1.734],[0.966,0.867],[1.733,0],[0,0],[0,0],[0.933,0.767],[1.4,0],[1.333,-0.566],[1.333,-0.8],[0,0],[0.433,-1.1],[-0.267,-1.066],[-0.767,-0.766],[-1.1,-0.166],[-1.267,0.734],[0,0],[0,0],[0,0],[0,0],[0.966,-0.866],[0,-1.733],[-0.967,-0.966],[-1.734,0]],"o":[[1.733,0],[0.966,-0.933],[0,-1.733],[-0.967,-0.866],[0,0],[0,0],[0,-1.733],[-0.934,-0.766],[-1.134,0],[-1.334,0.567],[0,0],[-1.267,0.734],[-0.434,1.1],[0.266,1.067],[0.766,0.767],[1.1,0.167],[0,0],[0,0],[0,0],[0,0],[-1.734,0],[-0.967,0.867],[0,1.667],[0.966,0.967],[0,0]],"v":[[49.8,0],[53.85,-1.4],[55.3,-5.4],[53.85,-9.3],[49.8,-10.6],[39.6,-10.6],[39.6,-66.4],[38.2,-70.15],[34.7,-71.3],[31,-70.45],[27,-68.4],[13.2,-60.1],[10.65,-57.35],[10.4,-54.1],[11.95,-51.35],[14.75,-49.95],[18.3,-50.8],[33,-59.7],[26.8,-59.7],[26.8,-10.6],[15.6,-10.6],[11.55,-9.3],[10.1,-5.4],[11.55,-1.45],[15.6,0]],"c":true},"ix":2},"nm":"1","mn":"ADBE Vector Shape - Group","hd":false}],"nm":"1","np":3,"cix":2,"bm":0,"ix":1,"mn":"ADBE Vector Group","hd":false}]},"fFamily":"Nunito"},{"ch":" ","size":77,"style":"Bold","w":27.1,"data":{},"fFamily":"Nunito"},{"ch":"m","size":77,"style":"Bold","w":87.7,"data":{"shapes":[{"ty":"gr","it":[{"ind":0,"ty":"sh","ix":1,"ks":{"a":0,"k":{"i":[[0,4.267],[0,0],[-1.867,2.3],[-3.267,0],[-1.234,-1.733],[0,-3.733],[0,0],[-1.1,-1.1],[-2,0],[-1.067,1.1],[0,2.067],[0,0],[-1.867,2.3],[-3.267,0],[-1.234,-1.733],[0,-3.733],[0,0],[-1.067,-1.1],[-2,0],[-1.1,1.1],[0,2.067],[0,0],[1.2,2.967],[2.433,1.467],[3.733,0],[3.066,-2.033],[1.333,-3.533],[0,0],[2.533,1.867],[3.933,0],[2.8,-1.933],[1.333,-3.333],[0,0],[0,0],[1.066,1.067],[1.933,0],[1.066,-1.066],[0,-2.066],[0,0],[-1.067,-1.1],[-2,0]],"o":[[0,0],[0,-4.066],[1.866,-2.3],[2.866,0],[1.233,1.734],[0,0],[0,2.067],[1.1,1.1],[2,0],[1.066,-1.1],[0,0],[0,-4.066],[1.866,-2.3],[2.933,0],[1.233,1.734],[0,0],[0,2.067],[1.066,1.1],[2,0],[1.1,-1.1],[0,0],[0,-4.533],[-1.2,-2.966],[-2.434,-1.466],[-4,0],[-3.067,2.034],[0,0],[-1,-3.866],[-2.534,-1.866],[-3.867,0],[-2.8,1.934],[0,0],[0,0],[0,-2.066],[-1.067,-1.066],[-1.934,0],[-1.067,1.067],[0,0],[0,2.067],[1.066,1.1],[4.2,0]],"v":[[19.2,-5.6],[19.2,-27.1],[22,-36.65],[29.7,-40.1],[35.85,-37.5],[37.7,-29.3],[37.7,-5.6],[39.35,-0.85],[44,0.8],[48.6,-0.85],[50.2,-5.6],[50.2,-27.1],[53,-36.65],[60.7,-40.1],[66.95,-37.5],[68.8,-29.3],[68.8,-5.6],[70.4,-0.85],[75,0.8],[79.65,-0.85],[81.3,-5.6],[81.3,-29.8],[79.5,-41.05],[74.05,-47.7],[64.8,-49.9],[54.2,-46.85],[47.6,-38.5],[49,-38.5],[43.7,-47.1],[34,-49.9],[24,-47],[17.8,-39.1],[18.9,-36.1],[18.9,-43.4],[17.3,-48.1],[12.8,-49.7],[8.3,-48.1],[6.7,-43.4],[6.7,-5.6],[8.3,-0.85],[12.9,0.8]],"c":true},"ix":2},"nm":"m","mn":"ADBE Vector Shape - Group","hd":false}],"nm":"m","np":3,"cix":2,"bm":0,"ix":1,"mn":"ADBE Vector Group","hd":false}]},"fFamily":"Nunito"},{"ch":"i","size":77,"style":"Bold","w":25.5,"data":{"shapes":[{"ty":"gr","it":[{"ind":0,"ty":"sh","ix":1,"ks":{"a":0,"k":{"i":[[-1.067,1.2],[0,2.134],[0,0],[1.1,1.167],[2,0],[1.066,-1.166],[0,-2.2],[0,0],[-1.067,-1.2],[-2,0]],"o":[[1.066,-1.2],[0,0],[0,-2.2],[-1.1,-1.166],[-2,0],[-1.067,1.167],[0,0],[0,2.134],[1.066,1.2],[2.066,0]],"v":[[17.4,-1.1],[19,-6.1],[19,-42.8],[17.35,-47.85],[12.7,-49.6],[8.1,-47.85],[6.5,-42.8],[6.5,-6.1],[8.1,-1.1],[12.7,0.7]],"c":true},"ix":2},"nm":"i","mn":"ADBE Vector Shape - Group","hd":false},{"ind":1,"ty":"sh","ix":2,"ks":{"a":0,"k":{"i":[[-1.267,1.167],[0,2.067],[1.266,1.134],[2.4,0],[1.3,-1.133],[0,-2.133],[-1.3,-1.166],[-2.334,0]],"o":[[1.266,-1.166],[0,-2.133],[-1.267,-1.133],[-2.334,0],[-1.3,1.134],[0,2.067],[1.3,1.167],[2.4,0]],"v":[[18.2,-60.65],[20.1,-65.5],[18.2,-70.4],[12.7,-72.1],[7.25,-70.4],[5.3,-65.5],[7.25,-60.65],[12.7,-58.9]],"c":true},"ix":2},"nm":"i","mn":"ADBE Vector Shape - Group","hd":false}],"nm":"i","np":5,"cix":2,"bm":0,"ix":1,"mn":"ADBE Vector Group","hd":false}]},"fFamily":"Nunito"},{"ch":"l","size":77,"style":"Bold","w":31.9,"data":{"shapes":[{"ty":"gr","it":[{"ind":0,"ty":"sh","ix":1,"ks":{"a":0,"k":{"i":[[-0.734,0.066],[-0.667,0.066],[-0.667,0.934],[0,1.667],[0.333,0.634],[0.933,-0.133],[0.466,-0.033],[0.533,0],[1.3,1.467],[0,3.067],[0,0],[1.1,1.067],[2,0],[1.066,-1.066],[0,-2.066],[0,0],[-2.8,-3.166],[-5.534,0]],"o":[[0.733,-0.067],[1.533,-0.2],[0.666,-0.933],[0,-1.933],[-0.334,-0.633],[-0.467,0.067],[-0.467,0.034],[-2.4,0],[-1.3,-1.466],[0,0],[0,-2.066],[-1.1,-1.066],[-2,0],[-1.067,1.067],[0,0],[0,6.134],[2.8,3.167],[0.733,0]],"v":[[25.4,0.9],[27.5,0.7],[30.8,-1],[31.8,-4.9],[31.3,-8.75],[29.4,-9.5],[28,-9.35],[26.5,-9.3],[20.95,-11.5],[19,-18.3],[19,-65],[17.35,-69.7],[12.7,-71.3],[8.1,-69.7],[6.5,-65],[6.5,-17.7],[10.7,-3.75],[23.2,1]],"c":true},"ix":2},"nm":"l","mn":"ADBE Vector Shape - Group","hd":false}],"nm":"l","np":3,"cix":2,"bm":0,"ix":1,"mn":"ADBE Vector Group","hd":false}]},"fFamily":"Nunito"},{"ch":"o","size":77,"style":"Bold","w":57.6,"data":{"shapes":[{"ty":"gr","it":[{"ind":0,"ty":"sh","ix":1,"ks":{"a":0,"k":{"i":[[-3.067,1.166],[-2.2,2.234],[-1.167,3.134],[0,3.934],[2.066,3.8],[3.733,2.067],[5.066,0],[3.066,-1.166],[2.2,-2.233],[1.166,-3.1],[0,-3.933],[-2.067,-3.833],[-3.734,-2.066],[-5.067,0]],"o":[[3.066,-1.166],[2.2,-2.233],[1.166,-3.133],[0,-5.2],[-2.067,-3.8],[-3.734,-2.066],[-3.8,0],[-3.067,1.167],[-2.2,2.234],[-1.167,3.1],[0,5.2],[2.066,3.834],[3.733,2.067],[3.8,0]],"v":[[39.1,-0.75],[47,-5.85],[52.05,-13.9],[53.8,-24.5],[50.7,-38],[42,-46.8],[28.8,-49.9],[18.5,-48.15],[10.6,-43.05],[5.55,-35.05],[3.8,-24.5],[6.9,-10.95],[15.6,-2.1],[28.8,1]],"c":true},"ix":2},"nm":"o","mn":"ADBE Vector Shape - Group","hd":false},{"ind":1,"ty":"sh","ix":2,"ks":{"a":0,"k":{"i":[[2.266,2.7],[0,5.267],[-1.034,2.367],[-1.867,1.167],[-2.467,0],[-2.267,-2.633],[0,-5.333],[1.033,-2.366],[1.866,-1.2],[2.466,0]],"o":[[-2.267,-2.7],[0,-3.533],[1.033,-2.366],[1.866,-1.166],[3.733,0],[2.266,2.634],[0,3.534],[-1.034,2.367],[-1.867,1.2],[-3.734,0]],"v":[[19.8,-12.55],[16.4,-24.5],[17.95,-33.35],[22.3,-38.65],[28.8,-40.4],[37.8,-36.45],[41.2,-24.5],[39.65,-15.65],[35.3,-10.3],[28.8,-8.5]],"c":true},"ix":2},"nm":"o","mn":"ADBE Vector Shape - Group","hd":false}],"nm":"o","np":5,"cix":2,"bm":0,"ix":1,"mn":"ADBE Vector Group","hd":false}]},"fFamily":"Nunito"},{"ch":"n","size":77,"style":"Bold","w":58.5,"data":{"shapes":[{"ty":"gr","it":[{"ind":0,"ty":"sh","ix":1,"ks":{"a":0,"k":{"i":[[0,4.267],[0,0],[-2.167,2.3],[-3.667,0],[-1.434,-1.733],[0,-3.8],[0,0],[-1.1,-1.1],[-2,0],[-1.067,1.1],[0,2.067],[0,0],[1.266,2.967],[2.533,1.467],[3.933,0],[3.1,-1.833],[1.466,-3.533],[0,0],[0,0],[1.066,1.067],[1.933,0],[1.066,-1.066],[0,-2.066],[0,0],[-1.067,-1.1],[-2,0]],"o":[[0,0],[0,-3.8],[2.166,-2.3],[3,0],[1.433,1.734],[0,0],[0,2.067],[1.1,1.1],[2,0],[1.066,-1.1],[0,0],[0,-4.533],[-1.267,-2.966],[-2.534,-1.466],[-3.934,0],[-3.1,1.834],[0,0],[0,0],[0,-2.066],[-1.067,-1.066],[-1.934,0],[-1.067,1.067],[0,0],[0,2.067],[1.066,1.1],[4.2,0]],"v":[[19,-5.6],[19,-27.5],[22.25,-36.65],[31,-40.1],[37.65,-37.5],[39.8,-29.2],[39.8,-5.6],[41.45,-0.85],[46.1,0.8],[50.7,-0.85],[52.3,-5.6],[52.3,-29.8],[50.4,-41.05],[44.7,-47.7],[35,-49.9],[24.45,-47.15],[17.6,-39.1],[18.7,-36.6],[18.7,-43.4],[17.1,-48.1],[12.6,-49.7],[8.1,-48.1],[6.5,-43.4],[6.5,-5.6],[8.1,-0.85],[12.7,0.8]],"c":true},"ix":2},"nm":"n","mn":"ADBE Vector Shape - Group","hd":false}],"nm":"n","np":3,"cix":2,"bm":0,"ix":1,"mn":"ADBE Vector Group","hd":false}]},"fFamily":"Nunito"},{"ch":"s","size":77,"style":"Bold","w":48.8,"data":{"shapes":[{"ty":"gr","it":[{"ind":0,"ty":"sh","ix":1,"ks":{"a":0,"k":{"i":[[-3.8,2.767],[0,4.867],[2.233,2.134],[4.333,0.8],[0,0],[0.933,0.934],[0,1.4],[-1.567,1.134],[-3.267,0],[-1.9,-0.466],[-2.067,-1.066],[-0.9,0.167],[-0.6,0.7],[-0.2,0.9],[0.366,0.867],[1,0.534],[2.566,0.634],[2.933,0],[3.133,-1.266],[1.766,-2.333],[0,-3.2],[-2.167,-2.233],[-4.134,-0.8],[0,0],[-1.034,-0.833],[0,-1.533],[1.566,-1.1],[3.2,0],[2.333,0.5],[2.666,1.267],[0.9,-0.2],[0.566,-0.666],[0.1,-0.9],[-0.434,-0.9],[-1.067,-0.666],[-3.2,-0.6],[-2.867,0]],"o":[[3.8,-2.766],[0,-3.6],[-2.234,-2.133],[0,0],[-1.934,-0.333],[-0.934,-0.933],[0,-1.866],[1.566,-1.133],[1.733,0],[1.9,0.467],[1.133,0.534],[0.9,-0.166],[0.6,-0.7],[0.2,-0.9],[-0.367,-0.866],[-2.4,-1.333],[-2.567,-0.633],[-4.067,0],[-3.134,1.267],[-1.767,2.334],[0,3.534],[2.166,2.234],[0,0],[2.066,0.4],[1.033,0.834],[0,1.8],[-1.567,1.1],[-2.267,0],[-2.334,-0.5],[-1.067,-0.533],[-0.9,0.2],[-0.567,0.667],[-0.1,0.9],[0.433,0.9],[2.533,1.467],[3.2,0.6],[6.333,0]],"v":[[39.6,-3.15],[45.3,-14.6],[41.95,-23.2],[32.1,-27.6],[22.1,-29.5],[17.8,-31.4],[16.4,-34.9],[18.75,-39.4],[26,-41.1],[31.45,-40.4],[37.4,-38.1],[40.45,-37.55],[42.7,-38.85],[43.9,-41.25],[43.65,-43.9],[41.6,-46],[34.15,-48.95],[25.9,-49.9],[15.1,-48],[7.75,-42.6],[5.1,-34.3],[8.35,-25.65],[17.8,-21.1],[27.8,-19.2],[32.45,-17.35],[34,-13.8],[31.65,-9.45],[24.5,-7.8],[17.6,-8.55],[10.1,-11.2],[7.15,-11.7],[4.95,-10.4],[3.95,-8.05],[4.45,-5.35],[6.7,-3],[15.3,0.1],[24.4,1]],"c":true},"ix":2},"nm":"s","mn":"ADBE Vector Shape - Group","hd":false}],"nm":"s","np":3,"cix":2,"bm":0,"ix":1,"mn":"ADBE Vector Group","hd":false}]},"fFamily":"Nunito"},{"ch":"d","size":62,"style":"Regular","w":58.2,"data":{"shapes":[{"ty":"gr","it":[{"ind":0,"ty":"sh","ix":1,"ks":{"a":0,"k":{"i":[[1.266,0],[0.7,-0.7],[0,-1.2],[0,0],[2.833,1.667],[3.8,0],[3.266,-2.066],[1.8,-3.8],[0,-5],[-1.8,-3.833],[-3.267,-2.133],[-4.267,0],[-2.834,1.667],[-1.467,3.067],[0,0],[-0.7,-0.733],[-1.267,0],[-0.734,0.733],[0,1.2],[0,0],[0.733,0.734]],"o":[[-1.267,0],[-0.7,0.7],[0,0],[-1.467,-3.066],[-2.834,-1.666],[-4.267,0],[-3.267,2.067],[-1.8,3.8],[0,5.067],[1.8,3.834],[3.266,2.134],[3.8,0],[2.833,-1.666],[0,0],[0,1.2],[0.7,0.733],[1.266,0],[0.733,-0.733],[0,0],[0,-1.133],[-0.734,-0.733]],"v":[[46.6,-71],[43.65,-69.95],[42.6,-67.1],[42.6,-40.3],[36.15,-47.4],[26.2,-49.9],[14.9,-46.8],[7.3,-38],[4.6,-24.8],[7.3,-11.45],[14.9,-2.5],[26.2,0.7],[36.15,-1.8],[42.6,-8.9],[42.6,-3.5],[43.65,-0.6],[46.6,0.5],[49.6,-0.6],[50.7,-3.5],[50.7,-67.1],[49.6,-69.9]],"c":true},"ix":2},"nm":"d","mn":"ADBE Vector Shape - Group","hd":false},{"ind":1,"ty":"sh","ix":2,"ks":{"a":0,"k":{"i":[[4.733,0],[2.633,3.3],[0,5.934],[-2.634,3.2],[-4.734,0],[-2.567,-3.2],[0,-5.933],[2.566,-3.233]],"o":[[-4.734,0],[-2.634,-3.3],[0,-5.8],[2.633,-3.2],[4.733,0],[2.566,3.2],[0,5.934],[-2.567,3.234]],"v":[[27.8,-6],[16.75,-10.95],[12.8,-24.8],[16.75,-38.3],[27.8,-43.1],[38.75,-38.3],[42.6,-24.6],[38.75,-10.85]],"c":true},"ix":2},"nm":"d","mn":"ADBE Vector Shape - Group","hd":false}],"nm":"d","np":5,"cix":2,"bm":0,"ix":1,"mn":"ADBE Vector Group","hd":false}]},"fFamily":"Nunito"},{"ch":"e","size":62,"style":"Regular","w":52.7,"data":{"shapes":[{"ty":"gr","it":[{"ind":0,"ty":"sh","ix":1,"ks":{"a":0,"k":{"i":[[0.733,0],[1.733,-1],[1.866,-0.7],[2.6,0],[0.6,11.467],[0,0],[-0.534,0.6],[0,1.334],[3.733,4.134],[6.333,0],[3.5,-2.133],[1.933,-3.833],[0,-5],[-4.367,-4.466],[-7.534,0],[-2.667,0.7],[-2.4,1.4],[0,1.667],[0.533,0.6]],"o":[[-0.6,0],[-2.134,1.2],[-1.867,0.7],[-10.267,0],[0,0],[1.2,0],[0.533,-0.6],[0,-7.066],[-3.734,-4.133],[-4.467,0],[-3.5,2.134],[-1.934,3.834],[0,7.867],[4.366,4.467],[2.533,0],[2.666,-0.7],[2.333,-1.4],[0,-0.933],[-0.534,-0.6]],"v":[[45.2,-11.3],[41.7,-9.8],[35.7,-6.95],[29,-5.9],[12.7,-23.1],[44.9,-23.1],[47.5,-24],[48.3,-26.9],[42.7,-43.7],[27.6,-49.9],[15.65,-46.7],[7.5,-37.75],[4.6,-24.5],[11.15,-6],[29,0.7],[36.8,-0.35],[44.4,-3.5],[47.9,-8.1],[47.1,-10.4]],"c":true},"ix":2},"nm":"e","mn":"ADBE Vector Shape - Group","hd":false},{"ind":1,"ty":"sh","ix":2,"ks":{"a":0,"k":{"i":[[-4.267,0],[-2.334,-2.633],[-0.134,-4.933],[0,0],[-2.567,2.667]],"o":[[4.2,0],[2.333,2.634],[0,0],[0.466,-4.866],[2.566,-2.666]],"v":[[27.7,-43.6],[37.5,-39.65],[41.2,-28.3],[12.9,-28.3],[17.45,-39.6]],"c":true},"ix":2},"nm":"e","mn":"ADBE Vector Shape - Group","hd":false}],"nm":"e","np":5,"cix":2,"bm":0,"ix":1,"mn":"ADBE Vector Group","hd":false}]},"fFamily":"Nunito"},{"ch":" ","size":62,"style":"Regular","w":25.8,"data":{},"fFamily":"Nunito"},{"ch":"t","size":62,"style":"Regular","w":34.3,"data":{"shapes":[{"ty":"gr","it":[{"ind":0,"ty":"sh","ix":1,"ks":{"a":0,"k":{"i":[[2.333,0.2],[0,0],[1.5,1.634],[0,3.667],[0,0],[0,0],[-0.634,0.567],[0,0.934],[0.633,0.6],[1.066,0],[0,0],[0,0],[0.733,0.7],[1.2,0],[0.733,-0.7],[0,-1.266],[0,0],[0,0],[0.633,-0.6],[0,-1],[-0.634,-0.566],[-1.134,0],[0,0],[0,0],[-2.534,-2.8],[-5.334,-0.4],[0,0],[-0.834,0.566],[0,1.134]],"o":[[0,0],[-3,-0.2],[-1.5,-1.633],[0,0],[0,0],[1.066,0],[0.633,-0.566],[0,-1],[-0.634,-0.6],[0,0],[0,0],[0,-1.266],[-0.734,-0.7],[-1.267,0],[-0.734,0.7],[0,0],[0,0],[-1.134,0],[-0.634,0.6],[0,0.934],[0.633,0.567],[0,0],[0,0],[0,5.667],[2.533,2.8],[0,0],[1.666,0.133],[0.833,-0.566],[0,-1.933]],"v":[[30,-5.9],[27.3,-6.1],[20.55,-8.85],[18.3,-16.8],[18.3,-42.3],[29.4,-42.3],[31.95,-43.15],[32.9,-45.4],[31.95,-47.8],[29.4,-48.7],[18.3,-48.7],[18.3,-60],[17.2,-62.95],[14.3,-64],[11.3,-62.95],[10.2,-60],[10.2,-48.7],[3.5,-48.7],[0.85,-47.8],[-0.1,-45.4],[0.85,-43.15],[3.5,-42.3],[10.2,-42.3],[10.2,-17.2],[14,-4.5],[25.8,0.3],[28.5,0.5],[32.25,-0.15],[33.5,-2.7]],"c":true},"ix":2},"nm":"t","mn":"ADBE Vector Shape - Group","hd":false}],"nm":"t","np":3,"cix":2,"bm":0,"ix":1,"mn":"ADBE Vector Group","hd":false}]},"fFamily":"Nunito"},{"ch":"o","size":62,"style":"Regular","w":55.5,"data":{"shapes":[{"ty":"gr","it":[{"ind":0,"ty":"sh","ix":1,"ks":{"a":0,"k":{"i":[[-4.6,0],[-3.534,2.067],[-1.9,3.834],[0,5.067],[1.9,3.834],[3.533,2.067],[4.6,0],[3.5,-2.066],[1.9,-3.833],[0,-5.066],[-1.9,-3.833],[-3.5,-2.066]],"o":[[4.6,0],[3.533,-2.066],[1.9,-3.833],[0,-5.066],[-1.9,-3.833],[-3.534,-2.066],[-4.6,0],[-3.5,2.067],[-1.9,3.834],[0,5.067],[1.9,3.834],[3.5,2.067]],"v":[[27.7,0.7],[39.9,-2.4],[48.05,-11.25],[50.9,-24.6],[48.05,-37.95],[39.9,-46.8],[27.7,-49.9],[15.55,-46.8],[7.45,-37.95],[4.6,-24.6],[7.45,-11.25],[15.55,-2.4]],"c":true},"ix":2},"nm":"o","mn":"ADBE Vector Shape - Group","hd":false},{"ind":1,"ty":"sh","ix":2,"ks":{"a":0,"k":{"i":[[4.8,0],[2.566,3.2],[0,6],[-2.6,3.234],[-4.734,0],[-2.6,-3.233],[0,-5.933],[2.566,-3.166]],"o":[[-4.8,0],[-2.567,-3.2],[0,-5.933],[2.6,-3.233],[4.733,0],[2.6,3.234],[0,6.067],[-2.567,3.167]],"v":[[27.7,-6],[16.65,-10.8],[12.8,-24.6],[16.7,-38.35],[27.7,-43.2],[38.7,-38.35],[42.6,-24.6],[38.75,-10.75]],"c":true},"ix":2},"nm":"o","mn":"ADBE Vector Shape - Group","hd":false}],"nm":"o","np":5,"cix":2,"bm":0,"ix":1,"mn":"ADBE Vector Group","hd":false}]},"fFamily":"Nunito"},{"ch":"n","size":62,"style":"Regular","w":56.8,"data":{"shapes":[{"ty":"gr","it":[{"ind":0,"ty":"sh","ix":1,"ks":{"a":0,"k":{"i":[[11.666,0],[2.866,-1.566],[1.6,-3],[0,0],[0.7,0.734],[1.2,0],[0.733,-0.733],[0,-1.2],[0,0],[-0.734,-0.7],[-1.267,0],[-0.7,0.7],[0,1.267],[0,0],[-2.667,2.734],[-4.467,0],[-1.767,-2.066],[0,-4.533],[0,0],[-0.734,-0.7],[-1.267,0],[-0.7,0.7],[0,1.267],[0,0]],"o":[[-3.667,0],[-2.867,1.567],[0,0],[0,-1.133],[-0.7,-0.733],[-1.267,0],[-0.734,0.734],[0,0],[0,1.267],[0.733,0.7],[1.266,0],[0.7,-0.7],[0,0],[0,-4.666],[2.666,-2.733],[3.866,0],[1.766,2.067],[0,0],[0,1.267],[0.733,0.7],[1.266,0],[0.7,-0.7],[0,0],[0,-12.866]],"v":[[32,-49.9],[22.2,-47.55],[15.5,-40.7],[15.5,-45.8],[14.45,-48.6],[11.6,-49.7],[8.6,-48.6],[7.5,-45.7],[7.5,-3.5],[8.6,-0.55],[11.6,0.5],[14.55,-0.55],[15.6,-3.5],[15.6,-27.9],[19.6,-39],[30.3,-43.1],[38.75,-40],[41.4,-30.1],[41.4,-3.5],[42.5,-0.55],[45.5,0.5],[48.45,-0.55],[49.5,-3.5],[49.5,-30.6]],"c":true},"ix":2},"nm":"n","mn":"ADBE Vector Shape - Group","hd":false}],"nm":"n","np":3,"cix":2,"bm":0,"ix":1,"mn":"ADBE Vector Group","hd":false}]},"fFamily":"Nunito"},{"ch":"s","size":62,"style":"Regular","w":48,"data":{"shapes":[{"ty":"gr","it":[{"ind":0,"ty":"sh","ix":1,"ks":{"a":0,"k":{"i":[[-3.067,0],[-3.534,2.567],[0,4.2],[1.066,1.734],[2.5,1.2],[4.533,1],[1.633,0.7],[0.7,0.9],[0,1.467],[-1.9,1.4],[-3.134,0],[-1.667,-0.666],[-1.867,-1.2],[-0.8,0],[-0.534,0.6],[0,0.867],[2.266,1.6],[2.433,0.7],[2.6,0],[2.833,-1.266],[1.6,-2.2],[0,-2.866],[-2.534,-2.133],[-5.867,-1.266],[-1.8,-0.7],[-0.734,-0.9],[0,-1.466],[2,-1.266],[3.6,0],[1.966,0.7],[2,1.2],[0.8,0],[0.5,-0.566],[0,-0.866],[-0.5,-0.7],[-1.2,-0.8],[-2.767,-0.733]],"o":[[5.8,0],[3.533,-2.566],[0,-2.666],[-1.067,-1.733],[-2.5,-1.2],[-3.067,-0.666],[-1.634,-0.7],[-0.7,-0.9],[0,-2.333],[1.9,-1.4],[2.466,0],[1.666,0.667],[1.6,1.134],[0.733,0],[0.533,-0.6],[0,-1.733],[-1.867,-1.266],[-2.434,-0.7],[-3.6,0],[-2.834,1.267],[-1.6,2.2],[0,3.667],[2.533,2.134],[3.466,0.734],[1.8,0.7],[0.733,0.9],[0,2.4],[-2,1.267],[-2.934,0],[-1.967,-0.7],[-1.534,-1],[-0.8,0],[-0.5,0.567],[0,1],[0.5,0.7],[2.133,1.334],[2.766,0.733]],"v":[[23.9,0.7],[37.9,-3.15],[43.2,-13.3],[41.6,-19.9],[36.25,-24.3],[25.7,-27.6],[18.65,-29.65],[15.15,-32.05],[14.1,-35.6],[16.95,-41.2],[24.5,-43.3],[30.7,-42.3],[36,-39.5],[39.6,-37.8],[41.5,-38.7],[42.3,-40.9],[38.9,-45.9],[32.45,-48.85],[24.9,-49.9],[15.25,-48],[8.6,-42.8],[6.2,-35.2],[10,-26.5],[22.6,-21.4],[30.5,-19.25],[34.3,-16.85],[35.4,-13.3],[32.4,-7.8],[24,-5.9],[16.65,-6.95],[10.7,-9.8],[7.2,-11.3],[5.25,-10.45],[4.5,-8.3],[5.25,-5.75],[7.8,-3.5],[15.15,-0.4]],"c":true},"ix":2},"nm":"s","mn":"ADBE Vector Shape - Group","hd":false}],"nm":"s","np":3,"cix":2,"bm":0,"ix":1,"mn":"ADBE Vector Group","hd":false}]},"fFamily":"Nunito"},{"ch":"(","size":62,"style":"Regular","w":31.4,"data":{"shapes":[{"ty":"gr","it":[{"ind":0,"ty":"sh","ix":1,"ks":{"a":0,"k":{"i":[[-7.067,-13.534],[-1.467,0],[-0.567,0.5],[0,0.866],[0.2,0.6],[0,13.934],[-5.6,13.2],[0,0.467],[0.566,0.534],[0.8,0],[0.866,-1.533],[0,-14.933]],"o":[[0.866,1.533],[0.8,0],[0.566,-0.5],[0,-0.4],[-5.6,-13.2],[0,-13.933],[0.2,-0.533],[0,-0.8],[-0.567,-0.533],[-1.467,0],[-7.067,13.534],[0,14.934]],"v":[[20.9,16.4],[24.4,18.7],[26.45,17.95],[27.3,15.9],[27,14.4],[18.6,-26.3],[27,-67],[27.3,-68.5],[26.45,-70.5],[24.4,-71.3],[20.9,-69],[10.3,-26.3]],"c":true},"ix":2},"nm":"(","mn":"ADBE Vector Shape - Group","hd":false}],"nm":"(","np":3,"cix":2,"bm":0,"ix":1,"mn":"ADBE Vector Group","hd":false}]},"fFamily":"Nunito"},{"ch":"2","size":62,"style":"Regular","w":60,"data":{"shapes":[{"ty":"gr","it":[{"ind":0,"ty":"sh","ix":1,"ks":{"a":0,"k":{"i":[[1.2,0],[0,0],[0,0],[-1.834,3.734],[0,4.067],[3.766,3.334],[6.333,0],[3.933,-1.466],[2.733,-2.533],[0,-1.4],[-0.534,-0.7],[-0.734,0],[-1,0.8],[-2.934,1.167],[-3.2,0],[-2.234,-2.066],[0,-3.866],[1.5,-2.966],[3.333,-3.733],[0,0],[0,-1.266],[-0.734,-0.7],[-1.134,0],[0,0],[0,2.334],[0.666,0.6]],"o":[[0,0],[0,0],[4.2,-4.6],[1.833,-3.733],[0,-5.666],[-3.767,-3.333],[-4.134,0],[-3.934,1.467],[-1.067,0.867],[0,1],[0.533,0.7],[0.866,0],[2.933,-2.4],[2.933,-1.166],[4.066,0],[2.233,2.067],[0,3],[-1.5,2.967],[0,0],[-0.934,0.934],[0,1],[0.733,0.7],[0,0],[2.533,0],[0,-1.066],[-0.667,-0.6]],"v":[[50.8,-6.9],[19.1,-6.9],[39.1,-28.6],[48.15,-41.1],[50.9,-52.8],[45.25,-66.3],[30.1,-71.3],[18,-69.1],[8,-63.1],[6.4,-59.7],[7.2,-57.15],[9.1,-56.1],[11.9,-57.3],[20.7,-62.65],[29.9,-64.4],[39.35,-61.3],[42.7,-52.4],[40.45,-43.45],[33.2,-33.4],[9.1,-6.9],[7.7,-3.6],[8.8,-1.05],[11.6,0],[50.8,0],[54.6,-3.5],[53.6,-6]],"c":true},"ix":2},"nm":"2","mn":"ADBE Vector Shape - Group","hd":false}],"nm":"2","np":3,"cix":2,"bm":0,"ix":1,"mn":"ADBE Vector Group","hd":false}]},"fFamily":"Nunito"},{"ch":"0","size":62,"style":"Regular","w":60,"data":{"shapes":[{"ty":"gr","it":[{"ind":0,"ty":"sh","ix":1,"ks":{"a":0,"k":{"i":[[-8.067,0],[-4.2,6.134],[0,11.8],[4.2,6.1],[8.066,0],[4.2,-6.133],[0,-11.8],[-4.2,-6.133]],"o":[[8.066,0],[4.2,-6.133],[0,-11.8],[-4.2,-6.1],[-8.067,0],[-4.2,6.134],[0,11.734],[4.2,6.134]],"v":[[30,0.8],[48.4,-8.4],[54.7,-35.3],[48.4,-62.15],[30,-71.3],[11.6,-62.1],[5.3,-35.2],[11.6,-8.4]],"c":true},"ix":2},"nm":"0","mn":"ADBE Vector Shape - Group","hd":false},{"ind":1,"ty":"sh","ix":2,"ks":{"a":0,"k":{"i":[[5.6,0],[2.666,4.734],[0,10],[-2.667,4.7],[-5.6,0],[-2.634,-4.666],[0,-10.066],[2.666,-4.733]],"o":[[-5.6,0],[-2.667,-4.733],[0,-10],[2.666,-4.7],[5.666,0],[2.633,4.667],[0,10],[-2.667,4.734]],"v":[[30,-6.1],[17.6,-13.2],[13.6,-35.3],[17.6,-57.35],[30,-64.4],[42.45,-57.4],[46.4,-35.3],[42.4,-13.2]],"c":true},"ix":2},"nm":"0","mn":"ADBE Vector Shape - Group","hd":false}],"nm":"0","np":5,"cix":2,"bm":0,"ix":1,"mn":"ADBE Vector Group","hd":false}]},"fFamily":"Nunito"},{"ch":"1","size":62,"style":"Regular","w":60,"data":{"shapes":[{"ty":"gr","it":[{"ind":0,"ty":"sh","ix":1,"ks":{"a":0,"k":{"i":[[1.2,0],[0,0],[0,0],[0.733,0.734],[1.133,0],[1.133,-0.733],[0,0],[0,-1.4],[-0.7,-0.866],[-0.934,0],[-0.534,0.334],[0,0],[0,0],[0,0],[0.666,-0.6],[0,-1.066],[-0.634,-0.6],[-1.267,0],[0,0],[-0.634,0.6],[0,1.134],[0.666,0.6]],"o":[[0,0],[0,0],[0,-1.333],[-0.734,-0.733],[-1.2,0],[0,0],[-1.067,0.6],[0,1],[0.7,0.867],[0.533,0],[0,0],[0,0],[0,0],[-1.2,0],[-0.667,0.6],[0,1.134],[0.633,0.6],[0,0],[1.266,0],[0.633,-0.6],[0,-1.066],[-0.667,-0.6]],"v":[[49.2,-6.9],[36.7,-6.9],[36.7,-66.8],[35.6,-69.9],[32.8,-71],[29.3,-69.9],[14.1,-60],[12.5,-57],[13.55,-54.2],[16,-52.9],[17.6,-53.4],[28.5,-60.5],[28.5,-6.9],[16.1,-6.9],[13.3,-6],[12.3,-3.5],[13.25,-0.9],[16.1,0],[49.2,0],[52.05,-0.9],[53,-3.5],[52,-6]],"c":true},"ix":2},"nm":"1","mn":"ADBE Vector Shape - Group","hd":false}],"nm":"1","np":3,"cix":2,"bm":0,"ix":1,"mn":"ADBE Vector Group","hd":false}]},"fFamily":"Nunito"},{"ch":")","size":62,"style":"Regular","w":31.4,"data":{"shapes":[{"ty":"gr","it":[{"ind":0,"ty":"sh","ix":1,"ks":{"a":0,"k":{"i":[[-0.867,1.533],[0,14.867],[7,13.6],[1.533,0],[0.566,-0.5],[0,-0.8],[-0.267,-0.8],[0,-13.866],[5.533,-13.267],[0,-0.267],[-0.567,-0.5],[-0.8,0]],"o":[[7,-13.6],[0,-14.866],[-0.867,-1.533],[-0.8,0],[-0.567,0.5],[0,0.267],[5.533,13.267],[0,13.867],[-0.267,0.8],[0,0.8],[0.566,0.5],[1.533,0]],"v":[[10.6,16.4],[21.1,-26.3],[10.6,-69],[7,-71.3],[4.95,-70.55],[4.1,-68.6],[4.5,-67],[12.8,-26.3],[4.5,14.4],[4.1,16],[4.95,17.95],[7,18.7]],"c":true},"ix":2},"nm":")","mn":"ADBE Vector Shape - Group","hd":false}],"nm":")","np":3,"cix":2,"bm":0,"ix":1,"mn":"ADBE Vector Group","hd":false}]},"fFamily":"Nunito"}]}