{"nm":"Frame 48","ddd":0,"h":87.68,"w":57.15,"meta":{"g":"LottieFiles Figma v46"},"layers":[{"ty":0,"nm":"Lapin","sr":1,"st":0,"op":241,"ip":0,"hd":false,"ddd":0,"bm":0,"hasMask":true,"ao":0,"ks":{"a":{"a":1,"k":[{"o":{"x":0,"y":0},"i":{"x":0.58,"y":1},"s":[28.58,43.84],"t":0},{"o":{"x":0,"y":0},"i":{"x":0.58,"y":1},"s":[28.58,43.84],"t":60},{"o":{"x":0,"y":0},"i":{"x":0.58,"y":1},"s":[28.58,43.84],"t":120},{"o":{"x":0,"y":0},"i":{"x":0.58,"y":1},"s":[28.58,43.84],"t":180},{"s":[28.58,43.84],"t":240}]},"s":{"a":1,"k":[{"o":{"x":0,"y":0},"i":{"x":0.58,"y":1},"s":[100,100],"t":0},{"o":{"x":0,"y":0},"i":{"x":0.58,"y":1},"s":[100,100],"t":60},{"o":{"x":0,"y":0},"i":{"x":0.58,"y":1},"s":[100,100],"t":120},{"o":{"x":0,"y":0},"i":{"x":0.58,"y":1},"s":[100,100],"t":180},{"s":[100,100],"t":240}]},"sk":{"a":0,"k":0},"p":{"a":1,"k":[{"o":{"x":0,"y":0},"i":{"x":0.58,"y":1},"s":[28.58,43.84],"t":0},{"o":{"x":0,"y":0},"i":{"x":0.58,"y":1},"s":[28.58,43.84],"t":60},{"o":{"x":0,"y":0},"i":{"x":0.58,"y":1},"s":[28.58,43.84],"t":120},{"o":{"x":0,"y":0},"i":{"x":0.58,"y":1},"s":[28.58,43.84],"t":180},{"s":[28.58,43.84],"t":240}]},"r":{"a":1,"k":[{"o":{"x":0,"y":0},"i":{"x":0.58,"y":1},"s":[0],"t":0},{"o":{"x":0,"y":0},"i":{"x":0.58,"y":1},"s":[0],"t":60},{"o":{"x":0,"y":0},"i":{"x":0.58,"y":1},"s":[0],"t":120},{"o":{"x":0,"y":0},"i":{"x":0.58,"y":1},"s":[0],"t":180},{"s":[0],"t":240}]},"sa":{"a":0,"k":0},"o":{"a":1,"k":[{"o":{"x":0,"y":0},"i":{"x":0.58,"y":1},"s":[100],"t":0},{"o":{"x":0,"y":0},"i":{"x":0.58,"y":1},"s":[100],"t":60},{"o":{"x":0,"y":0},"i":{"x":0.58,"y":1},"s":[100],"t":120},{"o":{"x":0,"y":0},"i":{"x":0.58,"y":1},"s":[100],"t":180},{"s":[100],"t":240}]}},"masksProperties":[{"nm":"","inv":false,"mode":"a","x":{"a":0,"k":0},"o":{"a":0,"k":100},"pt":{"a":1,"k":[{"o":{"x":0,"y":0},"i":{"x":0.58,"y":1},"s":[{"c":true,"i":[[0,0],[0,0],[0,0],[0,0]],"o":[[0,0],[0,0],[0,0],[0,0]],"v":[[0,0],[57.15,0],[57.15,87.68],[0,87.68]]}],"t":0},{"o":{"x":0,"y":0},"i":{"x":0.58,"y":1},"s":[{"c":true,"i":[[0,0],[0,0],[0,0],[0,0]],"o":[[0,0],[0,0],[0,0],[0,0]],"v":[[0,0],[57.15,0],[57.15,87.68],[0,87.68]]}],"t":60},{"o":{"x":0,"y":0},"i":{"x":0.58,"y":1},"s":[{"c":true,"i":[[0,0],[0,0],[0,0],[0,0]],"o":[[0,0],[0,0],[0,0],[0,0]],"v":[[0,0],[57.15,0],[57.15,87.68],[0,87.68]]}],"t":120},{"o":{"x":0,"y":0},"i":{"x":0.58,"y":1},"s":[{"c":true,"i":[[0,0],[0,0],[0,0],[0,0]],"o":[[0,0],[0,0],[0,0],[0,0]],"v":[[0,0],[57.15,0],[57.15,87.68],[0,87.68]]}],"t":180},{"s":[{"c":true,"i":[[0,0],[0,0],[0,0],[0,0]],"o":[[0,0],[0,0],[0,0],[0,0]],"v":[[0,0],[57.15,0],[57.15,87.68],[0,87.68]]}],"t":240}]}}],"w":57.150001525878906,"h":87.68000030517578,"refId":"1","ind":1}],"v":"5.7.0","fr":60,"op":240,"ip":0,"assets":[{"nm":"[Asset] Lapin","id":"1","layers":[{"ty":4,"nm":"Vector","sr":1,"st":0,"op":241,"ip":0,"hd":false,"ddd":0,"bm":0,"hasMask":false,"ao":0,"ks":{"a":{"a":1,"k":[{"o":{"x":0,"y":0},"i":{"x":0.58,"y":1},"s":[1.71,1.71],"t":0},{"o":{"x":0,"y":0},"i":{"x":0.58,"y":1},"s":[1.5,0.5],"t":60},{"o":{"x":0,"y":0},"i":{"x":0.58,"y":1},"s":[1.71,1.71],"t":120},{"o":{"x":0,"y":0},"i":{"x":0.58,"y":1},"s":[1.71,1.71],"t":180},{"s":[1.71,1.71],"t":240}]},"s":{"a":1,"k":[{"o":{"x":0,"y":0},"i":{"x":0.58,"y":1},"s":[100,100],"t":0},{"o":{"x":0,"y":0},"i":{"x":0.58,"y":1},"s":[100,-100],"t":60},{"o":{"x":0,"y":0},"i":{"x":0.58,"y":1},"s":[100,100],"t":120},{"o":{"x":0,"y":0},"i":{"x":0.58,"y":1},"s":[100,100],"t":180},{"s":[100,100],"t":240}]},"sk":{"a":0,"k":0},"p":{"a":1,"k":[{"o":{"x":0,"y":0},"i":{"x":0.58,"y":1},"s":[47.29,36.6],"t":0},{"o":{"x":0,"y":0},"i":{"x":0.58,"y":1},"s":[47.5,37.5],"t":60},{"o":{"x":0,"y":0},"i":{"x":0.58,"y":1},"s":[47.29,36.6],"t":120},{"o":{"x":0,"y":0},"i":{"x":0.58,"y":1},"s":[47.29,36.6],"t":180},{"s":[47.29,36.6],"t":240}]},"r":{"a":1,"k":[{"o":{"x":0,"y":0},"i":{"x":0.58,"y":1},"s":[0],"t":0},{"o":{"x":0,"y":0},"i":{"x":0.58,"y":1},"s":[0],"t":60},{"o":{"x":0,"y":0},"i":{"x":0.58,"y":1},"s":[0],"t":120},{"o":{"x":0,"y":0},"i":{"x":0.58,"y":1},"s":[0],"t":180},{"s":[0],"t":240}]},"sa":{"a":0,"k":0},"o":{"a":1,"k":[{"o":{"x":0,"y":0},"i":{"x":0.58,"y":1},"s":[100],"t":0},{"o":{"x":0,"y":0},"i":{"x":0.58,"y":1},"s":[100],"t":60},{"o":{"x":0,"y":0},"i":{"x":0.58,"y":1},"s":[100],"t":120},{"o":{"x":0,"y":0},"i":{"x":0.58,"y":1},"s":[100],"t":180},{"s":[100],"t":240}]}},"ef":[],"shapes":[{"ty":"sh","bm":0,"hd":false,"nm":"","d":1,"ks":{"a":1,"k":[{"o":{"x":0,"y":0},"i":{"x":0.58,"y":1},"s":[{"c":true,"i":[[0,0],[0,0.94],[0.94,0],[0,-0.94],[-0.94,0]],"o":[[0.94,0],[0,-0.94],[-0.94,0],[0,0.94],[0,0]],"v":[[1.71,3.42],[3.42,1.71],[1.71,0],[0,1.71],[1.71,3.42]]}],"t":0},{"o":{"x":0,"y":0},"i":{"x":0.58,"y":1},"s":[{"c":true,"i":[[0,0],[0,0.28],[0.83,0],[0,-0.28],[-0.83,0]],"o":[[0.83,0],[0,-0.28],[-0.83,0],[0,0.28],[0,0]],"v":[[1.5,1],[3,0.5],[1.5,0],[0,0.5],[1.5,1]]}],"t":60},{"o":{"x":0,"y":0},"i":{"x":0.58,"y":1},"s":[{"c":true,"i":[[0,0],[0,0.94],[0.94,0],[0,-0.94],[-0.94,0]],"o":[[0.94,0],[0,-0.94],[-0.94,0],[0,0.94],[0,0]],"v":[[1.71,3.42],[3.42,1.71],[1.71,0],[0,1.71],[1.71,3.42]]}],"t":120},{"o":{"x":0,"y":0},"i":{"x":0.58,"y":1},"s":[{"c":true,"i":[[0,0],[0,0.94],[0.94,0],[0,-0.94],[-0.94,0]],"o":[[0.94,0],[0,-0.94],[-0.94,0],[0,0.94],[0,0]],"v":[[1.71,3.42],[3.42,1.71],[1.71,0],[0,1.71],[1.71,3.42]]}],"t":180},{"s":[{"c":true,"i":[[0,0],[0,0.94],[0.94,0],[0,-0.94],[-0.94,0]],"o":[[0.94,0],[0,-0.94],[-0.94,0],[0,0.94],[0,0]],"v":[[1.71,3.42],[3.42,1.71],[1.71,0],[0,1.71],[1.71,3.42]]}],"t":240}]}},{"ty":"fl","bm":0,"hd":false,"nm":"","c":{"a":1,"k":[{"o":{"x":0,"y":0},"i":{"x":0.58,"y":1},"s":[0.6471,0.6431,0.6431],"t":0},{"o":{"x":0,"y":0},"i":{"x":0.58,"y":1},"s":[0.6471,0.6431,0.6431],"t":60},{"o":{"x":0,"y":0},"i":{"x":0.58,"y":1},"s":[0.6471,0.6431,0.6431],"t":120},{"o":{"x":0,"y":0},"i":{"x":0.58,"y":1},"s":[0.6471,0.6431,0.6431],"t":180},{"s":[0.6471,0.6431,0.6431],"t":240}]},"r":1,"o":{"a":1,"k":[{"o":{"x":0,"y":0},"i":{"x":0.58,"y":1},"s":[100],"t":0},{"o":{"x":0,"y":0},"i":{"x":0.58,"y":1},"s":[100],"t":60},{"o":{"x":0,"y":0},"i":{"x":0.58,"y":1},"s":[100],"t":120},{"o":{"x":0,"y":0},"i":{"x":0.58,"y":1},"s":[100],"t":180},{"s":[100],"t":240}]}}],"ind":1},{"ty":4,"nm":"Vector","sr":1,"st":0,"op":241,"ip":0,"hd":false,"ddd":0,"bm":0,"hasMask":false,"ao":0,"ks":{"a":{"a":1,"k":[{"o":{"x":0,"y":0},"i":{"x":0.58,"y":1},"s":[4.17,4.17],"t":0},{"o":{"x":0,"y":0},"i":{"x":0.58,"y":1},"s":[4.17,4.17],"t":60},{"o":{"x":0,"y":0},"i":{"x":0.58,"y":1},"s":[4.17,4.17],"t":120},{"o":{"x":0,"y":0},"i":{"x":0.58,"y":1},"s":[4.17,4.17],"t":180},{"s":[4.17,4.17],"t":240}]},"s":{"a":1,"k":[{"o":{"x":0,"y":0},"i":{"x":0.58,"y":1},"s":[100,100],"t":0},{"o":{"x":0,"y":0},"i":{"x":0.58,"y":1},"s":[100,100],"t":60},{"o":{"x":0,"y":0},"i":{"x":0.58,"y":1},"s":[100,100],"t":120},{"o":{"x":0,"y":0},"i":{"x":0.58,"y":1},"s":[100,100],"t":180},{"s":[100,100],"t":240}]},"sk":{"a":0,"k":0},"p":{"a":1,"k":[{"o":{"x":0,"y":0},"i":{"x":0.58,"y":1},"s":[4.17,83.52],"t":0},{"o":{"x":0,"y":0},"i":{"x":0.58,"y":1},"s":[4.17,83.52],"t":60},{"o":{"x":0,"y":0},"i":{"x":0.58,"y":1},"s":[4.17,83.52],"t":120},{"o":{"x":0,"y":0},"i":{"x":0.58,"y":1},"s":[6.17,78.17],"t":180},{"s":[4.17,83.52],"t":240}]},"r":{"a":1,"k":[{"o":{"x":0,"y":0},"i":{"x":0.58,"y":1},"s":[0],"t":0},{"o":{"x":0,"y":0},"i":{"x":0.58,"y":1},"s":[0],"t":60},{"o":{"x":0,"y":0},"i":{"x":0.58,"y":1},"s":[0],"t":120},{"o":{"x":0,"y":0},"i":{"x":0.58,"y":1},"s":[0],"t":180},{"s":[0],"t":240}]},"sa":{"a":0,"k":0},"o":{"a":1,"k":[{"o":{"x":0,"y":0},"i":{"x":0.58,"y":1},"s":[100],"t":0},{"o":{"x":0,"y":0},"i":{"x":0.58,"y":1},"s":[100],"t":60},{"o":{"x":0,"y":0},"i":{"x":0.58,"y":1},"s":[100],"t":120},{"o":{"x":0,"y":0},"i":{"x":0.58,"y":1},"s":[100],"t":180},{"s":[100],"t":240}]}},"ef":[],"shapes":[{"ty":"sh","bm":0,"hd":false,"nm":"","d":1,"ks":{"a":1,"k":[{"o":{"x":0,"y":0},"i":{"x":0.58,"y":1},"s":[{"c":true,"i":[[0,0],[0,2.3],[2.3,0],[0,-2.3],[-2.3,0]],"o":[[2.3,0],[0,-2.3],[-2.3,0],[0,2.3],[0,0]],"v":[[4.17,8.34],[8.34,4.17],[4.17,0],[0,4.17],[4.17,8.34]]}],"t":0},{"o":{"x":0,"y":0},"i":{"x":0.58,"y":1},"s":[{"c":true,"i":[[0,0],[0,2.3],[2.3,0],[0,-2.3],[-2.3,0]],"o":[[2.3,0],[0,-2.3],[-2.3,0],[0,2.3],[0,0]],"v":[[4.17,8.34],[8.34,4.17],[4.17,0],[0,4.17],[4.17,8.34]]}],"t":60},{"o":{"x":0,"y":0},"i":{"x":0.58,"y":1},"s":[{"c":true,"i":[[0,0],[0,2.3],[2.3,0],[0,-2.3],[-2.3,0]],"o":[[2.3,0],[0,-2.3],[-2.3,0],[0,2.3],[0,0]],"v":[[4.17,8.34],[8.34,4.17],[4.17,0],[0,4.17],[4.17,8.34]]}],"t":120},{"o":{"x":0,"y":0},"i":{"x":0.58,"y":1},"s":[{"c":true,"i":[[0,0],[0,2.3],[2.3,0],[0,-2.3],[-2.3,0]],"o":[[2.3,0],[0,-2.3],[-2.3,0],[0,2.3],[0,0]],"v":[[4.17,8.34],[8.34,4.17],[4.17,0],[0,4.17],[4.17,8.34]]}],"t":180},{"s":[{"c":true,"i":[[0,0],[0,2.3],[2.3,0],[0,-2.3],[-2.3,0]],"o":[[2.3,0],[0,-2.3],[-2.3,0],[0,2.3],[0,0]],"v":[[4.17,8.34],[8.34,4.17],[4.17,0],[0,4.17],[4.17,8.34]]}],"t":240}]}},{"ty":"fl","bm":0,"hd":false,"nm":"","c":{"a":1,"k":[{"o":{"x":0,"y":0},"i":{"x":0.58,"y":1},"s":[1,0.9922,0.9961],"t":0},{"o":{"x":0,"y":0},"i":{"x":0.58,"y":1},"s":[1,0.9922,0.9961],"t":60},{"o":{"x":0,"y":0},"i":{"x":0.58,"y":1},"s":[1,0.9922,0.9961],"t":120},{"o":{"x":0,"y":0},"i":{"x":0.58,"y":1},"s":[1,0.9922,0.9961],"t":180},{"s":[1,0.9922,0.9961],"t":240}]},"r":1,"o":{"a":1,"k":[{"o":{"x":0,"y":0},"i":{"x":0.58,"y":1},"s":[100],"t":0},{"o":{"x":0,"y":0},"i":{"x":0.58,"y":1},"s":[100],"t":60},{"o":{"x":0,"y":0},"i":{"x":0.58,"y":1},"s":[100],"t":120},{"o":{"x":0,"y":0},"i":{"x":0.58,"y":1},"s":[100],"t":180},{"s":[100],"t":240}]}}],"ind":2},{"ty":4,"nm":"Vector","sr":1,"st":0,"op":241,"ip":0,"hd":false,"ddd":0,"bm":0,"hasMask":false,"ao":0,"ks":{"a":{"a":1,"k":[{"o":{"x":0,"y":0},"i":{"x":0.58,"y":1},"s":[10.17,10.02],"t":0},{"o":{"x":0,"y":0},"i":{"x":0.58,"y":1},"s":[10.17,10.02],"t":60},{"o":{"x":0,"y":0},"i":{"x":0.58,"y":1},"s":[10.17,10.02],"t":120},{"o":{"x":0,"y":0},"i":{"x":0.58,"y":1},"s":[10.17,10.02],"t":180},{"s":[10.17,10.02],"t":240}]},"s":{"a":1,"k":[{"o":{"x":0,"y":0},"i":{"x":0.58,"y":1},"s":[100,100],"t":0},{"o":{"x":0,"y":0},"i":{"x":0.58,"y":1},"s":[100,100],"t":60},{"o":{"x":0,"y":0},"i":{"x":0.58,"y":1},"s":[100,100],"t":120},{"o":{"x":0,"y":0},"i":{"x":0.58,"y":1},"s":[100,100],"t":180},{"s":[100,100],"t":240}]},"sk":{"a":0,"k":0},"p":{"a":1,"k":[{"o":{"x":0,"y":0},"i":{"x":0.58,"y":1},"s":[28.41,20.93],"t":0},{"o":{"x":0,"y":0},"i":{"x":0.58,"y":1},"s":[28.41,20.93],"t":60},{"o":{"x":0,"y":0},"i":{"x":0.58,"y":1},"s":[28.41,20.93],"t":120},{"o":{"x":0,"y":0},"i":{"x":0.58,"y":1},"s":[28.41,20.93],"t":180},{"s":[28.41,20.93],"t":240}]},"r":{"a":1,"k":[{"o":{"x":0,"y":0},"i":{"x":0.58,"y":1},"s":[0],"t":0},{"o":{"x":0,"y":0},"i":{"x":0.58,"y":1},"s":[0],"t":60},{"o":{"x":0,"y":0},"i":{"x":0.58,"y":1},"s":[0],"t":120},{"o":{"x":0,"y":0},"i":{"x":0.58,"y":1},"s":[0],"t":180},{"s":[0],"t":240}]},"sa":{"a":0,"k":0},"o":{"a":1,"k":[{"o":{"x":0,"y":0},"i":{"x":0.58,"y":1},"s":[100],"t":0},{"o":{"x":0,"y":0},"i":{"x":0.58,"y":1},"s":[100],"t":60},{"o":{"x":0,"y":0},"i":{"x":0.58,"y":1},"s":[100],"t":120},{"o":{"x":0,"y":0},"i":{"x":0.58,"y":1},"s":[100],"t":180},{"s":[100],"t":240}]}},"ef":[],"shapes":[],"ind":3},{"ty":4,"nm":"Vector","sr":1,"st":0,"op":241,"ip":0,"hd":false,"ddd":0,"bm":0,"hasMask":false,"ao":0,"ks":{"a":{"a":1,"k":[{"o":{"x":0,"y":0},"i":{"x":0.58,"y":1},"s":[3.99,14.39],"t":0},{"o":{"x":0,"y":0},"i":{"x":0.58,"y":1},"s":[3.99,14.39],"t":60},{"o":{"x":0,"y":0},"i":{"x":0.58,"y":1},"s":[3.99,14.39],"t":120},{"o":{"x":0,"y":0},"i":{"x":0.58,"y":1},"s":[3.99,14.39],"t":180},{"s":[3.99,14.39],"t":240}]},"s":{"a":1,"k":[{"o":{"x":0,"y":0},"i":{"x":0.58,"y":1},"s":[100,100],"t":0},{"o":{"x":0,"y":0},"i":{"x":0.58,"y":1},"s":[100,100],"t":60},{"o":{"x":0,"y":0},"i":{"x":0.58,"y":1},"s":[100,100],"t":120},{"o":{"x":0,"y":0},"i":{"x":0.58,"y":1},"s":[100,100],"t":180},{"s":[100,100],"t":240}]},"sk":{"a":0,"k":0},"p":{"a":1,"k":[{"o":{"x":0,"y":0},"i":{"x":0.58,"y":1},"s":[40.58,14.39],"t":0},{"o":{"x":0,"y":0},"i":{"x":0.58,"y":1},"s":[33.53,20.51],"t":60},{"o":{"x":0,"y":0},"i":{"x":0.58,"y":1},"s":[40.58,14.39],"t":120},{"o":{"x":0,"y":0},"i":{"x":0.58,"y":1},"s":[48.23,19.87],"t":180},{"s":[40.58,14.39],"t":240}]},"r":{"a":1,"k":[{"o":{"x":0,"y":0},"i":{"x":0.58,"y":1},"s":[0],"t":0},{"o":{"x":0,"y":0},"i":{"x":0.58,"y":1},"s":[-29.05],"t":60},{"o":{"x":0,"y":0},"i":{"x":0.58,"y":1},"s":[0],"t":120},{"o":{"x":0,"y":0},"i":{"x":0.58,"y":1},"s":[20.64],"t":180},{"s":[0],"t":240}]},"sa":{"a":0,"k":0},"o":{"a":1,"k":[{"o":{"x":0,"y":0},"i":{"x":0.58,"y":1},"s":[100],"t":0},{"o":{"x":0,"y":0},"i":{"x":0.58,"y":1},"s":[100],"t":60},{"o":{"x":0,"y":0},"i":{"x":0.58,"y":1},"s":[100],"t":120},{"o":{"x":0,"y":0},"i":{"x":0.58,"y":1},"s":[100],"t":180},{"s":[100],"t":240}]}},"ef":[],"shapes":[{"ty":"sh","bm":0,"hd":false,"nm":"","d":1,"ks":{"a":1,"k":[{"o":{"x":0,"y":0},"i":{"x":0.58,"y":1},"s":[{"c":true,"i":[[0,0],[0,0],[0,6.07],[-4.8,2.98],[0,0]],"o":[[0,0],[-4.8,-2.99],[0,-6.07],[0,0],[0,0]],"v":[[7.98,0],[7.98,28.77],[0,14.39],[7.98,0.01],[7.98,0]]}],"t":0},{"o":{"x":0,"y":0},"i":{"x":0.58,"y":1},"s":[{"c":true,"i":[[0,0],[0,0],[0,6.07],[-4.8,2.98],[0,0]],"o":[[0,0],[-4.8,-2.99],[0,-6.07],[0,0],[0,0]],"v":[[7.98,0],[7.98,28.77],[0,14.39],[7.98,0.01],[7.98,0]]}],"t":60},{"o":{"x":0,"y":0},"i":{"x":0.58,"y":1},"s":[{"c":true,"i":[[0,0],[0,0],[0,6.07],[-4.8,2.98],[0,0]],"o":[[0,0],[-4.8,-2.99],[0,-6.07],[0,0],[0,0]],"v":[[7.98,0],[7.98,28.77],[0,14.39],[7.98,0.01],[7.98,0]]}],"t":120},{"o":{"x":0,"y":0},"i":{"x":0.58,"y":1},"s":[{"c":true,"i":[[0,0],[0,0],[0,6.07],[-4.8,2.98],[0,0]],"o":[[0,0],[-4.8,-2.99],[0,-6.07],[0,0],[0,0]],"v":[[7.98,0],[7.98,28.77],[0,14.39],[7.98,0.01],[7.98,0]]}],"t":180},{"s":[{"c":true,"i":[[0,0],[0,0],[0,6.07],[-4.8,2.98],[0,0]],"o":[[0,0],[-4.8,-2.99],[0,-6.07],[0,0],[0,0]],"v":[[7.98,0],[7.98,28.77],[0,14.39],[7.98,0.01],[7.98,0]]}],"t":240}]}},{"ty":"fl","bm":0,"hd":false,"nm":"","c":{"a":1,"k":[{"o":{"x":0,"y":0},"i":{"x":0.58,"y":1},"s":[1,0.9922,0.9961],"t":0},{"o":{"x":0,"y":0},"i":{"x":0.58,"y":1},"s":[1,0.9922,0.9961],"t":60},{"o":{"x":0,"y":0},"i":{"x":0.58,"y":1},"s":[1,0.9922,0.9961],"t":120},{"o":{"x":0,"y":0},"i":{"x":0.58,"y":1},"s":[1,0.9922,0.9961],"t":180},{"s":[1,0.9922,0.9961],"t":240}]},"r":1,"o":{"a":1,"k":[{"o":{"x":0,"y":0},"i":{"x":0.58,"y":1},"s":[100],"t":0},{"o":{"x":0,"y":0},"i":{"x":0.58,"y":1},"s":[100],"t":60},{"o":{"x":0,"y":0},"i":{"x":0.58,"y":1},"s":[100],"t":120},{"o":{"x":0,"y":0},"i":{"x":0.58,"y":1},"s":[100],"t":180},{"s":[100],"t":240}]}}],"ind":4},{"ty":4,"nm":"Vector","sr":1,"st":0,"op":241,"ip":0,"hd":false,"ddd":0,"bm":0,"hasMask":false,"ao":0,"ks":{"a":{"a":1,"k":[{"o":{"x":0,"y":0},"i":{"x":0.58,"y":1},"s":[10.36,10.23],"t":0},{"o":{"x":0,"y":0},"i":{"x":0.58,"y":1},"s":[10.36,10.23],"t":60},{"o":{"x":0,"y":0},"i":{"x":0.58,"y":1},"s":[10.36,10.23],"t":120},{"o":{"x":0,"y":0},"i":{"x":0.58,"y":1},"s":[10.36,10.23],"t":180},{"s":[10.36,10.23],"t":240}]},"s":{"a":1,"k":[{"o":{"x":0,"y":0},"i":{"x":0.58,"y":1},"s":[100,100],"t":0},{"o":{"x":0,"y":0},"i":{"x":0.58,"y":1},"s":[100,100],"t":60},{"o":{"x":0,"y":0},"i":{"x":0.58,"y":1},"s":[100,100],"t":120},{"o":{"x":0,"y":0},"i":{"x":0.58,"y":1},"s":[100,100],"t":180},{"s":[100,100],"t":240}]},"sk":{"a":0,"k":0},"p":{"a":1,"k":[{"o":{"x":0,"y":0},"i":{"x":0.58,"y":1},"s":[28.23,21.14],"t":0},{"o":{"x":0,"y":0},"i":{"x":0.58,"y":1},"s":[26.02,32.41],"t":60},{"o":{"x":0,"y":0},"i":{"x":0.58,"y":1},"s":[28.23,21.14],"t":120},{"o":{"x":0,"y":0},"i":{"x":0.58,"y":1},"s":[34.29,21.83],"t":180},{"s":[28.23,21.14],"t":240}]},"r":{"a":1,"k":[{"o":{"x":0,"y":0},"i":{"x":0.58,"y":1},"s":[0],"t":0},{"o":{"x":0,"y":0},"i":{"x":0.58,"y":1},"s":[-29.05],"t":60},{"o":{"x":0,"y":0},"i":{"x":0.58,"y":1},"s":[0],"t":120},{"o":{"x":0,"y":0},"i":{"x":0.58,"y":1},"s":[20.64],"t":180},{"s":[0],"t":240}]},"sa":{"a":0,"k":0},"o":{"a":1,"k":[{"o":{"x":0,"y":0},"i":{"x":0.58,"y":1},"s":[100],"t":0},{"o":{"x":0,"y":0},"i":{"x":0.58,"y":1},"s":[100],"t":60},{"o":{"x":0,"y":0},"i":{"x":0.58,"y":1},"s":[100],"t":120},{"o":{"x":0,"y":0},"i":{"x":0.58,"y":1},"s":[100],"t":180},{"s":[100],"t":240}]}},"ef":[],"shapes":[{"ty":"sh","bm":0,"hd":false,"nm":"","d":1,"ks":{"a":1,"k":[{"o":{"x":0,"y":0},"i":{"x":0.58,"y":1},"s":[{"c":true,"i":[[0,0],[1.28,0],[0,9.38],[-0.24,1.13],[0,0],[0,0]],"o":[[-1.2,0.27],[-9.37,0],[0,-1.19],[0,0],[0,0],[0,0]],"v":[[20.7,20.03],[16.97,20.45],[0,3.48],[0.36,0],[20.71,20.03],[20.7,20.03]]}],"t":0},{"o":{"x":0,"y":0},"i":{"x":0.58,"y":1},"s":[{"c":true,"i":[[0,0],[1.28,0],[0,9.38],[-0.24,1.13],[0,0],[0,0]],"o":[[-1.2,0.27],[-9.37,0],[0,-1.19],[0,0],[0,0],[0,0]],"v":[[20.7,20.03],[16.97,20.45],[0,3.48],[0.36,0],[20.71,20.03],[20.7,20.03]]}],"t":60},{"o":{"x":0,"y":0},"i":{"x":0.58,"y":1},"s":[{"c":true,"i":[[0,0],[1.28,0],[0,9.38],[-0.24,1.13],[0,0],[0,0]],"o":[[-1.2,0.27],[-9.37,0],[0,-1.19],[0,0],[0,0],[0,0]],"v":[[20.7,20.03],[16.97,20.45],[0,3.48],[0.36,0],[20.71,20.03],[20.7,20.03]]}],"t":120},{"o":{"x":0,"y":0},"i":{"x":0.58,"y":1},"s":[{"c":true,"i":[[0,0],[1.28,0],[0,9.38],[-0.24,1.13],[0,0],[0,0]],"o":[[-1.2,0.27],[-9.37,0],[0,-1.19],[0,0],[0,0],[0,0]],"v":[[20.7,20.03],[16.97,20.45],[0,3.48],[0.36,0],[20.71,20.03],[20.7,20.03]]}],"t":180},{"s":[{"c":true,"i":[[0,0],[1.28,0],[0,9.38],[-0.24,1.13],[0,0],[0,0]],"o":[[-1.2,0.27],[-9.37,0],[0,-1.19],[0,0],[0,0],[0,0]],"v":[[20.7,20.03],[16.97,20.45],[0,3.48],[0.36,0],[20.71,20.03],[20.7,20.03]]}],"t":240}]}},{"ty":"fl","bm":0,"hd":false,"nm":"","c":{"a":1,"k":[{"o":{"x":0,"y":0},"i":{"x":0.58,"y":1},"s":[1,0.9922,0.9961],"t":0},{"o":{"x":0,"y":0},"i":{"x":0.58,"y":1},"s":[1,0.9922,0.9961],"t":60},{"o":{"x":0,"y":0},"i":{"x":0.58,"y":1},"s":[1,0.9922,0.9961],"t":120},{"o":{"x":0,"y":0},"i":{"x":0.58,"y":1},"s":[1,0.9922,0.9961],"t":180},{"s":[1,0.9922,0.9961],"t":240}]},"r":1,"o":{"a":1,"k":[{"o":{"x":0,"y":0},"i":{"x":0.58,"y":1},"s":[100],"t":0},{"o":{"x":0,"y":0},"i":{"x":0.58,"y":1},"s":[100],"t":60},{"o":{"x":0,"y":0},"i":{"x":0.58,"y":1},"s":[100],"t":120},{"o":{"x":0,"y":0},"i":{"x":0.58,"y":1},"s":[100],"t":180},{"s":[100],"t":240}]}}],"ind":5},{"ty":4,"nm":"Vector","sr":1,"st":0,"op":241,"ip":0,"hd":false,"ddd":0,"bm":0,"hasMask":false,"ao":0,"ks":{"a":{"a":1,"k":[{"o":{"x":0,"y":0},"i":{"x":0.58,"y":1},"s":[24.41,29.13],"t":0},{"o":{"x":0,"y":0},"i":{"x":0.58,"y":1},"s":[24.41,29.13],"t":60},{"o":{"x":0,"y":0},"i":{"x":0.58,"y":1},"s":[24.41,29.13],"t":120},{"o":{"x":0,"y":0},"i":{"x":0.58,"y":1},"s":[24.41,29.13],"t":180},{"s":[24.41,29.13],"t":240}]},"s":{"a":1,"k":[{"o":{"x":0,"y":0},"i":{"x":0.58,"y":1},"s":[100,100],"t":0},{"o":{"x":0,"y":0},"i":{"x":0.58,"y":1},"s":[100,100],"t":60},{"o":{"x":0,"y":0},"i":{"x":0.58,"y":1},"s":[100,100],"t":120},{"o":{"x":0,"y":0},"i":{"x":0.58,"y":1},"s":[100,100],"t":180},{"s":[100,100],"t":240}]},"sk":{"a":0,"k":0},"p":{"a":1,"k":[{"o":{"x":0,"y":0},"i":{"x":0.58,"y":1},"s":[32.75,58],"t":0},{"o":{"x":0,"y":0},"i":{"x":0.58,"y":1},"s":[32.75,58],"t":60},{"o":{"x":0,"y":0},"i":{"x":0.58,"y":1},"s":[32.75,58],"t":120},{"o":{"x":0,"y":0},"i":{"x":0.58,"y":1},"s":[32.75,58],"t":180},{"s":[32.75,58],"t":240}]},"r":{"a":1,"k":[{"o":{"x":0,"y":0},"i":{"x":0.58,"y":1},"s":[0],"t":0},{"o":{"x":0,"y":0},"i":{"x":0.58,"y":1},"s":[0],"t":60},{"o":{"x":0,"y":0},"i":{"x":0.58,"y":1},"s":[0],"t":120},{"o":{"x":0,"y":0},"i":{"x":0.58,"y":1},"s":[0],"t":180},{"s":[0],"t":240}]},"sa":{"a":0,"k":0},"o":{"a":1,"k":[{"o":{"x":0,"y":0},"i":{"x":0.58,"y":1},"s":[100],"t":0},{"o":{"x":0,"y":0},"i":{"x":0.58,"y":1},"s":[100],"t":60},{"o":{"x":0,"y":0},"i":{"x":0.58,"y":1},"s":[100],"t":120},{"o":{"x":0,"y":0},"i":{"x":0.58,"y":1},"s":[100],"t":180},{"s":[100],"t":240}]}},"ef":[],"shapes":[{"ty":"sh","bm":0,"hd":false,"nm":"","d":1,"ks":{"a":1,"k":[{"o":{"x":0,"y":0},"i":{"x":0.58,"y":1},"s":[{"c":true,"i":[[0,0],[0,0],[0,0],[0,0],[0,0],[0,0],[3.31,-1.18],[0,0],[0,0],[0,0],[-12.56,0],[0,0],[-7.21,3.53],[-0.85,-0.14],[3.95,-3.95],[0,0],[0,0]],"o":[[0,0],[0,0],[0,0],[0,0],[0,0],[0,3.51],[0,0],[0,0],[0,0],[0,-12.56],[0,0],[0,0],[7.21,-3.53],[0.85,0.14],[-3.96,3.96],[0,0],[0,0]],"v":[[39.56,19.7],[39.56,58.27],[37.16,58.27],[31.65,44],[29.53,45.98],[29.53,47.19],[24.02,55.02],[26,58.27],[0,58.27],[0,41.79],[22.75,19.04],[27.27,10.66],[32.64,0.91],[46.35,5.43],[47.06,14.33],[39.57,19.7],[39.56,19.7]]}],"t":0},{"o":{"x":0,"y":0},"i":{"x":0.58,"y":1},"s":[{"c":true,"i":[[0,0],[0,0],[0,0],[0,0],[0,0],[0,0],[3.31,-1.18],[0,0],[0,0],[0,0],[-12.56,0],[0,0],[-7.21,3.53],[-0.85,-0.14],[3.95,-3.95],[0,0],[0,0]],"o":[[0,0],[0,0],[0,0],[0,0],[0,0],[0,3.51],[0,0],[0,0],[0,0],[0,-12.56],[0,0],[0,0],[7.21,-3.53],[0.85,0.14],[-3.96,3.96],[0,0],[0,0]],"v":[[39.56,19.7],[39.56,58.27],[37.16,58.27],[31.65,44],[29.53,45.98],[29.53,47.19],[24.02,55.02],[26,58.27],[0,58.27],[0,41.79],[22.75,19.04],[27.27,10.66],[32.64,0.91],[46.35,5.43],[47.06,14.33],[39.57,19.7],[39.56,19.7]]}],"t":60},{"o":{"x":0,"y":0},"i":{"x":0.58,"y":1},"s":[{"c":true,"i":[[0,0],[0,0],[0,0],[0,0],[0,0],[0,0],[3.31,-1.18],[0,0],[0,0],[0,0],[-12.56,0],[0,0],[-7.21,3.53],[-0.85,-0.14],[3.95,-3.95],[0,0],[0,0]],"o":[[0,0],[0,0],[0,0],[0,0],[0,0],[0,3.51],[0,0],[0,0],[0,0],[0,-12.56],[0,0],[0,0],[7.21,-3.53],[0.85,0.14],[-3.96,3.96],[0,0],[0,0]],"v":[[39.56,19.7],[39.56,58.27],[37.16,58.27],[31.65,44],[29.53,45.98],[29.53,47.19],[24.02,55.02],[26,58.27],[0,58.27],[0,41.79],[22.75,19.04],[27.27,10.66],[32.64,0.91],[46.35,5.43],[47.06,14.33],[39.57,19.7],[39.56,19.7]]}],"t":120},{"o":{"x":0,"y":0},"i":{"x":0.58,"y":1},"s":[{"c":true,"i":[[0,0],[0,0],[0,0],[0,0],[0,0],[0,0],[3.31,-1.18],[0,0],[0,0],[0,0],[-12.56,0],[0,0],[-7.21,3.53],[-0.85,-0.14],[3.95,-3.95],[0,0],[0,0]],"o":[[0,0],[0,0],[0,0],[0,0],[0,0],[0,3.51],[0,0],[0,0],[0,0],[0,-12.56],[0,0],[0,0],[7.21,-3.53],[0.85,0.14],[-3.96,3.96],[0,0],[0,0]],"v":[[39.56,19.7],[39.56,58.27],[37.16,58.27],[31.65,44],[29.53,45.98],[29.53,47.19],[24.02,55.02],[26,58.27],[0,58.27],[0,41.79],[22.75,19.04],[27.27,10.66],[32.64,0.91],[46.35,5.43],[47.06,14.33],[39.57,19.7],[39.56,19.7]]}],"t":180},{"s":[{"c":true,"i":[[0,0],[0,0],[0,0],[0,0],[0,0],[0,0],[3.31,-1.18],[0,0],[0,0],[0,0],[-12.56,0],[0,0],[-7.21,3.53],[-0.85,-0.14],[3.95,-3.95],[0,0],[0,0]],"o":[[0,0],[0,0],[0,0],[0,0],[0,0],[0,3.51],[0,0],[0,0],[0,0],[0,-12.56],[0,0],[0,0],[7.21,-3.53],[0.85,0.14],[-3.96,3.96],[0,0],[0,0]],"v":[[39.56,19.7],[39.56,58.27],[37.16,58.27],[31.65,44],[29.53,45.98],[29.53,47.19],[24.02,55.02],[26,58.27],[0,58.27],[0,41.79],[22.75,19.04],[27.27,10.66],[32.64,0.91],[46.35,5.43],[47.06,14.33],[39.57,19.7],[39.56,19.7]]}],"t":240}]}},{"ty":"fl","bm":0,"hd":false,"nm":"","c":{"a":1,"k":[{"o":{"x":0,"y":0},"i":{"x":0.58,"y":1},"s":[1,0.9922,0.9961],"t":0},{"o":{"x":0,"y":0},"i":{"x":0.58,"y":1},"s":[1,0.9922,0.9961],"t":60},{"o":{"x":0,"y":0},"i":{"x":0.58,"y":1},"s":[1,0.9922,0.9961],"t":120},{"o":{"x":0,"y":0},"i":{"x":0.58,"y":1},"s":[1,0.9922,0.9961],"t":180},{"s":[1,0.9922,0.9961],"t":240}]},"r":1,"o":{"a":1,"k":[{"o":{"x":0,"y":0},"i":{"x":0.58,"y":1},"s":[100],"t":0},{"o":{"x":0,"y":0},"i":{"x":0.58,"y":1},"s":[100],"t":60},{"o":{"x":0,"y":0},"i":{"x":0.58,"y":1},"s":[100],"t":120},{"o":{"x":0,"y":0},"i":{"x":0.58,"y":1},"s":[100],"t":180},{"s":[100],"t":240}]}}],"ind":6},{"ty":4,"nm":"Lapin Bg","sr":1,"st":0,"op":241,"ip":0,"hd":false,"ddd":0,"bm":0,"hasMask":false,"ao":0,"ks":{"a":{"a":1,"k":[{"o":{"x":0,"y":0},"i":{"x":0.58,"y":1},"s":[28.58,43.84],"t":0},{"o":{"x":0,"y":0},"i":{"x":0.58,"y":1},"s":[28.58,43.84],"t":60},{"o":{"x":0,"y":0},"i":{"x":0.58,"y":1},"s":[28.58,43.84],"t":120},{"o":{"x":0,"y":0},"i":{"x":0.58,"y":1},"s":[28.58,43.84],"t":180},{"s":[28.58,43.84],"t":240}]},"s":{"a":1,"k":[{"o":{"x":0,"y":0},"i":{"x":0.58,"y":1},"s":[100,100],"t":0},{"o":{"x":0,"y":0},"i":{"x":0.58,"y":1},"s":[100,100],"t":60},{"o":{"x":0,"y":0},"i":{"x":0.58,"y":1},"s":[100,100],"t":120},{"o":{"x":0,"y":0},"i":{"x":0.58,"y":1},"s":[100,100],"t":180},{"s":[100,100],"t":240}]},"sk":{"a":0,"k":0},"p":{"a":1,"k":[{"o":{"x":0,"y":0},"i":{"x":0.58,"y":1},"s":[28.58,43.84],"t":0},{"o":{"x":0,"y":0},"i":{"x":0.58,"y":1},"s":[28.58,43.84],"t":60},{"o":{"x":0,"y":0},"i":{"x":0.58,"y":1},"s":[28.58,43.84],"t":120},{"o":{"x":0,"y":0},"i":{"x":0.58,"y":1},"s":[28.58,43.84],"t":180},{"s":[28.58,43.84],"t":240}]},"r":{"a":1,"k":[{"o":{"x":0,"y":0},"i":{"x":0.58,"y":1},"s":[0],"t":0},{"o":{"x":0,"y":0},"i":{"x":0.58,"y":1},"s":[0],"t":60},{"o":{"x":0,"y":0},"i":{"x":0.58,"y":1},"s":[0],"t":120},{"o":{"x":0,"y":0},"i":{"x":0.58,"y":1},"s":[0],"t":180},{"s":[0],"t":240}]},"sa":{"a":0,"k":0},"o":{"a":1,"k":[{"o":{"x":0,"y":0},"i":{"x":0.58,"y":1},"s":[100],"t":0},{"o":{"x":0,"y":0},"i":{"x":0.58,"y":1},"s":[100],"t":60},{"o":{"x":0,"y":0},"i":{"x":0.58,"y":1},"s":[100],"t":120},{"o":{"x":0,"y":0},"i":{"x":0.58,"y":1},"s":[100],"t":180},{"s":[100],"t":240}]}},"ef":[],"shapes":[{"ty":"sh","bm":0,"hd":false,"nm":"","d":1,"ks":{"a":1,"k":[{"o":{"x":0,"y":0},"i":{"x":0.58,"y":1},"s":[{"c":true,"i":[[0,0],[0,0],[0,0],[0,0]],"o":[[0,0],[0,0],[0,0],[0,0]],"v":[[0,0],[57.15,0],[57.15,87.68],[0,87.68]]}],"t":0},{"o":{"x":0,"y":0},"i":{"x":0.58,"y":1},"s":[{"c":true,"i":[[0,0],[0,0],[0,0],[0,0]],"o":[[0,0],[0,0],[0,0],[0,0]],"v":[[0,0],[57.15,0],[57.15,87.68],[0,87.68]]}],"t":60},{"o":{"x":0,"y":0},"i":{"x":0.58,"y":1},"s":[{"c":true,"i":[[0,0],[0,0],[0,0],[0,0]],"o":[[0,0],[0,0],[0,0],[0,0]],"v":[[0,0],[57.15,0],[57.15,87.68],[0,87.68]]}],"t":120},{"o":{"x":0,"y":0},"i":{"x":0.58,"y":1},"s":[{"c":true,"i":[[0,0],[0,0],[0,0],[0,0]],"o":[[0,0],[0,0],[0,0],[0,0]],"v":[[0,0],[57.15,0],[57.15,87.68],[0,87.68]]}],"t":180},{"s":[{"c":true,"i":[[0,0],[0,0],[0,0],[0,0]],"o":[[0,0],[0,0],[0,0],[0,0]],"v":[[0,0],[57.15,0],[57.15,87.68],[0,87.68]]}],"t":240}]}},{"ty":"fl","bm":0,"hd":false,"nm":"","c":{"a":1,"k":[{"o":{"x":0,"y":0},"i":{"x":0.58,"y":1},"s":[1,1,1],"t":0},{"o":{"x":0,"y":0},"i":{"x":0.58,"y":1},"s":[1,1,1],"t":60},{"o":{"x":0,"y":0},"i":{"x":0.58,"y":1},"s":[1,1,1],"t":120},{"o":{"x":0,"y":0},"i":{"x":0.58,"y":1},"s":[1,1,1],"t":180},{"s":[1,1,1],"t":240}]},"r":1,"o":{"a":1,"k":[{"o":{"x":0,"y":0},"i":{"x":0.58,"y":1},"s":[0],"t":0},{"o":{"x":0,"y":0},"i":{"x":0.58,"y":1},"s":[0],"t":60},{"o":{"x":0,"y":0},"i":{"x":0.58,"y":1},"s":[0],"t":120},{"o":{"x":0,"y":0},"i":{"x":0.58,"y":1},"s":[0],"t":180},{"s":[0],"t":240}]}}],"ind":7}]}]}