{"nm":"Frame 79","ddd":0,"h":366,"w":344,"meta":{"g":"LottieFiles Figma v45"},"layers":[{"ty":0,"nm":"Mais","sr":1,"st":0,"op":181,"ip":0,"hd":false,"ddd":0,"bm":0,"hasMask":true,"ao":0,"ks":{"a":{"a":1,"k":[{"o":{"x":0,"y":0},"i":{"x":0.58,"y":1},"s":[63.46,72.5],"t":0},{"o":{"x":0,"y":0},"i":{"x":0.58,"y":1},"s":[63.46,72.5],"t":60},{"o":{"x":0,"y":0},"i":{"x":0.58,"y":1},"s":[63.46,72.5],"t":120},{"s":[63.46,72.5],"t":180}]},"s":{"a":1,"k":[{"o":{"x":0,"y":0},"i":{"x":0.58,"y":1},"s":[100,100],"t":0},{"o":{"x":0,"y":0},"i":{"x":0.58,"y":1},"s":[100,100],"t":60},{"o":{"x":0,"y":0},"i":{"x":0.58,"y":1},"s":[100,100],"t":120},{"s":[100,100],"t":180}]},"sk":{"a":0,"k":0},"p":{"a":1,"k":[{"o":{"x":0,"y":0},"i":{"x":0.58,"y":1},"s":[172.46,269.5],"t":0},{"o":{"x":0,"y":0},"i":{"x":0.58,"y":1},"s":[172.46,269.5],"t":60},{"o":{"x":0,"y":0},"i":{"x":0.58,"y":1},"s":[172.46,269.5],"t":120},{"s":[172.46,269.5],"t":180}]},"r":{"a":1,"k":[{"o":{"x":0,"y":0},"i":{"x":0.58,"y":1},"s":[0],"t":0},{"o":{"x":0,"y":0},"i":{"x":0.58,"y":1},"s":[0],"t":60},{"o":{"x":0,"y":0},"i":{"x":0.58,"y":1},"s":[0],"t":120},{"s":[0],"t":180}]},"sa":{"a":0,"k":0},"o":{"a":1,"k":[{"o":{"x":0,"y":0},"i":{"x":0.58,"y":1},"s":[100],"t":0},{"o":{"x":0,"y":0},"i":{"x":0.58,"y":1},"s":[100],"t":60},{"o":{"x":0,"y":0},"i":{"x":0.58,"y":1},"s":[100],"t":120},{"s":[100],"t":180}]}},"masksProperties":[{"nm":"","inv":false,"mode":"a","x":{"a":0,"k":0},"o":{"a":0,"k":100},"pt":{"a":1,"k":[{"o":{"x":0,"y":0},"i":{"x":0.58,"y":1},"s":[{"c":true,"i":[[0,0],[0,0],[0,0],[0,0]],"o":[[0,0],[0,0],[0,0],[0,0]],"v":[[0,0],[126.91000366210938,0],[126.91000366210938,144.99000549316406],[0,144.99000549316406]]}],"t":0},{"o":{"x":0,"y":0},"i":{"x":0.58,"y":1},"s":[{"c":true,"i":[[0,0],[0,0],[0,0],[0,0]],"o":[[0,0],[0,0],[0,0],[0,0]],"v":[[0,0],[126.91000366210938,0],[126.91000366210938,144.99000549316406],[0,144.99000549316406]]}],"t":60},{"o":{"x":0,"y":0},"i":{"x":0.58,"y":1},"s":[{"c":true,"i":[[0,0],[0,0],[0,0],[0,0]],"o":[[0,0],[0,0],[0,0],[0,0]],"v":[[0,0],[126.91000366210938,0],[126.91000366210938,144.99000549316406],[0,144.99000549316406]]}],"t":120},{"s":[{"c":true,"i":[[0,0],[0,0],[0,0],[0,0]],"o":[[0,0],[0,0],[0,0],[0,0]],"v":[[0,0],[126.91000366210938,0],[126.91000366210938,144.99000549316406],[0,144.99000549316406]]}],"t":180}]}}],"w":126.91,"h":144.99,"refId":"1","ind":1}],"v":"5.7.0","fr":60,"op":180,"ip":0,"assets":[{"nm":"[Asset] Mais","id":"1","layers":[{"ty":4,"nm":"Group","sr":1,"st":0,"op":181,"ip":0,"hd":false,"ddd":0,"bm":0,"hasMask":false,"ao":0,"ks":{"a":{"a":1,"k":[{"o":{"x":0,"y":0},"i":{"x":0.58,"y":1},"s":[18.37,0.5],"t":0},{"o":{"x":0,"y":0},"i":{"x":0.58,"y":1},"s":[18.37,0.5],"t":60},{"o":{"x":0,"y":0},"i":{"x":0.58,"y":1},"s":[18.38,72.49],"t":120},{"s":[18.38,72.49],"t":180}]},"s":{"a":1,"k":[{"o":{"x":0,"y":0},"i":{"x":0.58,"y":1},"s":[100,100],"t":0},{"o":{"x":0,"y":0},"i":{"x":0.58,"y":1},"s":[100,100],"t":60},{"o":{"x":0,"y":0},"i":{"x":0.58,"y":1},"s":[100,100],"t":120},{"s":[100,100],"t":180}]},"sk":{"a":0,"k":0},"p":{"a":1,"k":[{"o":{"x":0,"y":0},"i":{"x":0.58,"y":1},"s":[108.54,144.5],"t":0},{"o":{"x":0,"y":0},"i":{"x":0.58,"y":1},"s":[108.54,144.5],"t":60},{"o":{"x":0,"y":0},"i":{"x":0.58,"y":1},"s":[108.54,72.49],"t":120},{"s":[108.54,72.49],"t":180}]},"r":{"a":1,"k":[{"o":{"x":0,"y":0},"i":{"x":0.58,"y":1},"s":[0],"t":0},{"o":{"x":0,"y":0},"i":{"x":0.58,"y":1},"s":[0],"t":60},{"o":{"x":0,"y":0},"i":{"x":0.58,"y":1},"s":[0],"t":120},{"s":[0],"t":180}]},"sa":{"a":0,"k":0},"o":{"a":1,"k":[{"o":{"x":0,"y":0},"i":{"x":0.58,"y":1},"s":[100],"t":0},{"o":{"x":0,"y":0},"i":{"x":0.58,"y":1},"s":[100],"t":60},{"o":{"x":0,"y":0},"i":{"x":0.58,"y":1},"s":[100],"t":120},{"s":[100],"t":180}]}},"ef":[],"shapes":[],"ind":1},{"ty":4,"nm":"Vector","sr":1,"st":0,"op":181,"ip":0,"hd":false,"ddd":0,"bm":0,"hasMask":false,"ao":0,"ks":{"a":{"a":1,"k":[{"o":{"x":0,"y":0},"i":{"x":0.58,"y":1},"s":[1.3,0.3],"t":0},{"o":{"x":0,"y":0},"i":{"x":0.58,"y":1},"s":[1.3,0.3],"t":60},{"o":{"x":0,"y":0},"i":{"x":0.58,"y":1},"s":[1.3,44.17],"t":120},{"s":[1.3,44.17],"t":180}]},"s":{"a":1,"k":[{"o":{"x":0,"y":0},"i":{"x":0.58,"y":1},"s":[100,100],"t":0},{"o":{"x":0,"y":0},"i":{"x":0.58,"y":1},"s":[100,100],"t":60},{"o":{"x":0,"y":0},"i":{"x":0.58,"y":1},"s":[100,100],"t":120},{"s":[100,100],"t":180}]},"sk":{"a":0,"k":0},"p":{"a":1,"k":[{"o":{"x":0,"y":0},"i":{"x":0.58,"y":1},"s":[18.43,0.69],"t":0},{"o":{"x":0,"y":0},"i":{"x":0.58,"y":1},"s":[18.43,0.69],"t":60},{"o":{"x":0,"y":0},"i":{"x":0.58,"y":1},"s":[18.43,100.82],"t":120},{"s":[18.43,100.82],"t":180}]},"r":{"a":1,"k":[{"o":{"x":0,"y":0},"i":{"x":0.58,"y":1},"s":[0],"t":0},{"o":{"x":0,"y":0},"i":{"x":0.58,"y":1},"s":[0],"t":60},{"o":{"x":0,"y":0},"i":{"x":0.58,"y":1},"s":[0],"t":120},{"s":[0],"t":180}]},"sa":{"a":0,"k":0},"o":{"a":1,"k":[{"o":{"x":0,"y":0},"i":{"x":0.58,"y":1},"s":[100],"t":0},{"o":{"x":0,"y":0},"i":{"x":0.58,"y":1},"s":[100],"t":60},{"o":{"x":0,"y":0},"i":{"x":0.58,"y":1},"s":[100],"t":120},{"s":[100],"t":180}]}},"ef":[],"shapes":[{"ty":"sh","bm":0,"hd":false,"nm":"","d":1,"ks":{"a":1,"k":[{"o":{"x":0,"y":0},"i":{"x":0.58,"y":1},"s":[{"c":true,"i":[[0,0],[0,0],[0,0],[0,0],[0,0]],"o":[[0,0],[0,0],[0,0],[0,0],[0,0]],"v":[[0,0],[2.6,0],[2.6,0.6],[0,0.6],[0,0]]}],"t":0},{"o":{"x":0,"y":0},"i":{"x":0.58,"y":1},"s":[{"c":true,"i":[[0,0],[0,0],[0,0],[0,0],[0,0]],"o":[[0,0],[0,0],[0,0],[0,0],[0,0]],"v":[[0,0],[2.6,0],[2.6,0.6],[0,0.6],[0,0]]}],"t":60},{"o":{"x":0,"y":0},"i":{"x":0.58,"y":1},"s":[{"c":true,"i":[[0,0],[0,0],[0,0],[0,0],[0,0]],"o":[[0,0],[0,0],[0,0],[0,0],[0,0]],"v":[[0,0],[2.6,0],[2.6,88.34],[0,88.34],[0,0]]}],"t":120},{"s":[{"c":true,"i":[[0,0],[0,0],[0,0],[0,0],[0,0]],"o":[[0,0],[0,0],[0,0],[0,0],[0,0]],"v":[[0,0],[2.6,0],[2.6,88.34],[0,88.34],[0,0]]}],"t":180}]}},{"ty":"fl","bm":0,"hd":false,"nm":"","c":{"a":1,"k":[{"o":{"x":0,"y":0},"i":{"x":0.58,"y":1},"s":[0.3255,0.4745,0.4942],"t":0},{"o":{"x":0,"y":0},"i":{"x":0.58,"y":1},"s":[0.3255,0.4745,0.4942],"t":60},{"o":{"x":0,"y":0},"i":{"x":0.58,"y":1},"s":[0.3255,0.4745,0.4942],"t":120},{"s":[0.3255,0.4745,0.4942],"t":180}]},"r":1,"o":{"a":1,"k":[{"o":{"x":0,"y":0},"i":{"x":0.58,"y":1},"s":[100],"t":0},{"o":{"x":0,"y":0},"i":{"x":0.58,"y":1},"s":[100],"t":60},{"o":{"x":0,"y":0},"i":{"x":0.58,"y":1},"s":[100],"t":120},{"s":[100],"t":180}]}}],"ind":2,"parent":1},{"ty":4,"nm":"Vector","sr":1,"st":0,"op":181,"ip":0,"hd":false,"ddd":0,"bm":0,"hasMask":false,"ao":0,"ks":{"a":{"a":1,"k":[{"o":{"x":0,"y":0},"i":{"x":0.58,"y":1},"s":[8.97,0.11],"t":0},{"o":{"x":0,"y":0},"i":{"x":0.58,"y":1},"s":[8.97,0.11],"t":60},{"o":{"x":0,"y":0},"i":{"x":0.58,"y":1},"s":[8.97,16.73],"t":120},{"s":[8.97,16.73],"t":180}]},"s":{"a":1,"k":[{"o":{"x":0,"y":0},"i":{"x":0.58,"y":1},"s":[100,100],"t":0},{"o":{"x":0,"y":0},"i":{"x":0.58,"y":1},"s":[100,100],"t":60},{"o":{"x":0,"y":0},"i":{"x":0.58,"y":1},"s":[100,100],"t":120},{"s":[100,100],"t":180}]},"sk":{"a":0,"k":0},"p":{"a":1,"k":[{"o":{"x":0,"y":0},"i":{"x":0.58,"y":1},"s":[26.88,0.6],"t":0},{"o":{"x":0,"y":0},"i":{"x":0.58,"y":1},"s":[26.88,0.6],"t":60},{"o":{"x":0,"y":0},"i":{"x":0.58,"y":1},"s":[26.88,87.54],"t":120},{"s":[26.88,87.54],"t":180}]},"r":{"a":1,"k":[{"o":{"x":0,"y":0},"i":{"x":0.58,"y":1},"s":[0],"t":0},{"o":{"x":0,"y":0},"i":{"x":0.58,"y":1},"s":[0],"t":60},{"o":{"x":0,"y":0},"i":{"x":0.58,"y":1},"s":[0],"t":120},{"s":[0],"t":180}]},"sa":{"a":0,"k":0},"o":{"a":1,"k":[{"o":{"x":0,"y":0},"i":{"x":0.58,"y":1},"s":[100],"t":0},{"o":{"x":0,"y":0},"i":{"x":0.58,"y":1},"s":[100],"t":60},{"o":{"x":0,"y":0},"i":{"x":0.58,"y":1},"s":[100],"t":120},{"s":[100],"t":180}]}},"ef":[],"shapes":[{"ty":"sh","bm":0,"hd":false,"nm":"","d":1,"ks":{"a":1,"k":[{"o":{"x":0,"y":0},"i":{"x":0.58,"y":1},"s":[{"c":true,"i":[[0,0],[0,0],[9.9,0],[0,0],[-9.9,0]],"o":[[0,0],[0,0.07],[0,0],[0,-0.07],[0,0]],"v":[[17.93,0],[17.93,0.11],[0,0.23],[0,0.12],[17.93,0]]}],"t":0},{"o":{"x":0,"y":0},"i":{"x":0.58,"y":1},"s":[{"c":true,"i":[[0,0],[0,0],[9.9,0],[0,0],[-9.9,0]],"o":[[0,0],[0,0.07],[0,0],[0,-0.07],[0,0]],"v":[[17.93,0],[17.93,0.11],[0,0.23],[0,0.12],[17.93,0]]}],"t":60},{"o":{"x":0,"y":0},"i":{"x":0.58,"y":1},"s":[{"c":true,"i":[[0,0],[0,0],[9.9,0],[0,0],[-9.9,0]],"o":[[0,0],[0,9.89],[0,0],[0,-9.89],[0,0]],"v":[[17.93,0],[17.93,15.52],[0,33.46],[0,17.93],[17.93,0]]}],"t":120},{"s":[{"c":true,"i":[[0,0],[0,0],[9.9,0],[0,0],[-9.9,0]],"o":[[0,0],[0,9.89],[0,0],[0,-9.89],[0,0]],"v":[[17.93,0],[17.93,15.52],[0,33.46],[0,17.93],[17.93,0]]}],"t":180}]}},{"ty":"fl","bm":0,"hd":false,"nm":"","c":{"a":1,"k":[{"o":{"x":0,"y":0},"i":{"x":0.58,"y":1},"s":[0.451,0.5687,0.5765],"t":0},{"o":{"x":0,"y":0},"i":{"x":0.58,"y":1},"s":[0.451,0.5687,0.5765],"t":60},{"o":{"x":0,"y":0},"i":{"x":0.58,"y":1},"s":[0.451,0.5687,0.5765],"t":120},{"s":[0.451,0.5687,0.5765],"t":180}]},"r":1,"o":{"a":1,"k":[{"o":{"x":0,"y":0},"i":{"x":0.58,"y":1},"s":[100],"t":0},{"o":{"x":0,"y":0},"i":{"x":0.58,"y":1},"s":[100],"t":60},{"o":{"x":0,"y":0},"i":{"x":0.58,"y":1},"s":[100],"t":120},{"s":[100],"t":180}]}}],"ind":3,"parent":1},{"ty":4,"nm":"Vector","sr":1,"st":0,"op":181,"ip":0,"hd":false,"ddd":0,"bm":0,"hasMask":false,"ao":0,"ks":{"a":{"a":1,"k":[{"o":{"x":0,"y":0},"i":{"x":0.58,"y":1},"s":[8.97,0.11],"t":0},{"o":{"x":0,"y":0},"i":{"x":0.58,"y":1},"s":[8.97,0.11],"t":60},{"o":{"x":0,"y":0},"i":{"x":0.58,"y":1},"s":[8.97,16.73],"t":120},{"s":[8.97,16.73],"t":180}]},"s":{"a":1,"k":[{"o":{"x":0,"y":0},"i":{"x":0.58,"y":1},"s":[100,100],"t":0},{"o":{"x":0,"y":0},"i":{"x":0.58,"y":1},"s":[100,100],"t":60},{"o":{"x":0,"y":0},"i":{"x":0.58,"y":1},"s":[100,100],"t":120},{"s":[100,100],"t":180}]},"sk":{"a":0,"k":0},"p":{"a":1,"k":[{"o":{"x":0,"y":0},"i":{"x":0.58,"y":1},"s":[27.78,0.36],"t":0},{"o":{"x":0,"y":0},"i":{"x":0.58,"y":1},"s":[27.78,0.36],"t":60},{"o":{"x":0,"y":0},"i":{"x":0.58,"y":1},"s":[27.79,52.13],"t":120},{"s":[27.79,52.13],"t":180}]},"r":{"a":1,"k":[{"o":{"x":0,"y":0},"i":{"x":0.58,"y":1},"s":[0],"t":0},{"o":{"x":0,"y":0},"i":{"x":0.58,"y":1},"s":[0],"t":60},{"o":{"x":0,"y":0},"i":{"x":0.58,"y":1},"s":[0],"t":120},{"s":[0],"t":180}]},"sa":{"a":0,"k":0},"o":{"a":1,"k":[{"o":{"x":0,"y":0},"i":{"x":0.58,"y":1},"s":[100],"t":0},{"o":{"x":0,"y":0},"i":{"x":0.58,"y":1},"s":[100],"t":60},{"o":{"x":0,"y":0},"i":{"x":0.58,"y":1},"s":[100],"t":120},{"s":[100],"t":180}]}},"ef":[],"shapes":[{"ty":"sh","bm":0,"hd":false,"nm":"","d":1,"ks":{"a":1,"k":[{"o":{"x":0,"y":0},"i":{"x":0.58,"y":1},"s":[{"c":true,"i":[[0,0],[0,0],[9.9,0],[0,0],[-9.9,0]],"o":[[0,0],[0,0.07],[0,0],[0,-0.07],[0,0]],"v":[[17.93,0],[17.93,0.11],[0,0.23],[0,0.12],[17.93,0]]}],"t":0},{"o":{"x":0,"y":0},"i":{"x":0.58,"y":1},"s":[{"c":true,"i":[[0,0],[0,0],[9.9,0],[0,0],[-9.9,0]],"o":[[0,0],[0,0.07],[0,0],[0,-0.07],[0,0]],"v":[[17.93,0],[17.93,0.11],[0,0.23],[0,0.12],[17.93,0]]}],"t":60},{"o":{"x":0,"y":0},"i":{"x":0.58,"y":1},"s":[{"c":true,"i":[[0,0],[0,0],[9.9,0],[0,0],[-9.9,0]],"o":[[0,0],[0,9.89],[0,0],[0,-9.89],[0,0]],"v":[[17.93,0],[17.93,15.52],[0,33.46],[0,17.93],[17.93,0]]}],"t":120},{"s":[{"c":true,"i":[[0,0],[0,0],[9.9,0],[0,0],[-9.9,0]],"o":[[0,0],[0,9.89],[0,0],[0,-9.89],[0,0]],"v":[[17.93,0],[17.93,15.52],[0,33.46],[0,17.93],[17.93,0]]}],"t":180}]}},{"ty":"fl","bm":0,"hd":false,"nm":"","c":{"a":1,"k":[{"o":{"x":0,"y":0},"i":{"x":0.58,"y":1},"s":[0.3255,0.4745,0.4942],"t":0},{"o":{"x":0,"y":0},"i":{"x":0.58,"y":1},"s":[0.3255,0.4745,0.4942],"t":60},{"o":{"x":0,"y":0},"i":{"x":0.58,"y":1},"s":[0.3255,0.4745,0.4942],"t":120},{"s":[0.3255,0.4745,0.4942],"t":180}]},"r":1,"o":{"a":1,"k":[{"o":{"x":0,"y":0},"i":{"x":0.58,"y":1},"s":[100],"t":0},{"o":{"x":0,"y":0},"i":{"x":0.58,"y":1},"s":[100],"t":60},{"o":{"x":0,"y":0},"i":{"x":0.58,"y":1},"s":[100],"t":120},{"s":[100],"t":180}]}}],"ind":4,"parent":1},{"ty":4,"nm":"Vector","sr":1,"st":0,"op":181,"ip":0,"hd":false,"ddd":0,"bm":0,"hasMask":false,"ao":0,"ks":{"a":{"a":1,"k":[{"o":{"x":0,"y":0},"i":{"x":0.58,"y":1},"s":[8.96,0.11],"t":0},{"o":{"x":0,"y":0},"i":{"x":0.58,"y":1},"s":[8.96,0.11],"t":60},{"o":{"x":0,"y":0},"i":{"x":0.58,"y":1},"s":[8.96,16.73],"t":120},{"s":[8.96,16.73],"t":180}]},"s":{"a":1,"k":[{"o":{"x":0,"y":0},"i":{"x":0.58,"y":1},"s":[100,100],"t":0},{"o":{"x":0,"y":0},"i":{"x":0.58,"y":1},"s":[100,100],"t":60},{"o":{"x":0,"y":0},"i":{"x":0.58,"y":1},"s":[100,100],"t":120},{"s":[100,100],"t":180}]},"sk":{"a":0,"k":0},"p":{"a":1,"k":[{"o":{"x":0,"y":0},"i":{"x":0.58,"y":1},"s":[8.96,0.79],"t":0},{"o":{"x":0,"y":0},"i":{"x":0.58,"y":1},"s":[8.96,0.79],"t":60},{"o":{"x":0,"y":0},"i":{"x":0.58,"y":1},"s":[8.96,115.93],"t":120},{"s":[8.96,115.93],"t":180}]},"r":{"a":1,"k":[{"o":{"x":0,"y":0},"i":{"x":0.58,"y":1},"s":[0],"t":0},{"o":{"x":0,"y":0},"i":{"x":0.58,"y":1},"s":[0],"t":60},{"o":{"x":0,"y":0},"i":{"x":0.58,"y":1},"s":[0],"t":120},{"s":[0],"t":180}]},"sa":{"a":0,"k":0},"o":{"a":1,"k":[{"o":{"x":0,"y":0},"i":{"x":0.58,"y":1},"s":[100],"t":0},{"o":{"x":0,"y":0},"i":{"x":0.58,"y":1},"s":[100],"t":60},{"o":{"x":0,"y":0},"i":{"x":0.58,"y":1},"s":[100],"t":120},{"s":[100],"t":180}]}},"ef":[],"shapes":[{"ty":"sh","bm":0,"hd":false,"nm":"","d":1,"ks":{"a":1,"k":[{"o":{"x":0,"y":0},"i":{"x":0.58,"y":1},"s":[{"c":true,"i":[[0,0],[0,-0.07],[0,0],[0,0.07],[0,0]],"o":[[9.89,0],[0,0],[-9.89,0],[0,0],[0,0]],"v":[[0,0],[17.93,0.12],[17.93,0.23],[0,0.11],[0,0]]}],"t":0},{"o":{"x":0,"y":0},"i":{"x":0.58,"y":1},"s":[{"c":true,"i":[[0,0],[0,-0.07],[0,0],[0,0.07],[0,0]],"o":[[9.89,0],[0,0],[-9.89,0],[0,0],[0,0]],"v":[[0,0],[17.93,0.12],[17.93,0.23],[0,0.11],[0,0]]}],"t":60},{"o":{"x":0,"y":0},"i":{"x":0.58,"y":1},"s":[{"c":true,"i":[[0,0],[0,-9.9],[0,0],[0,9.9],[0,0]],"o":[[9.89,0],[0,0],[-9.89,0],[0,0],[0,0]],"v":[[0,0],[17.93,17.93],[17.93,33.46],[0,15.52],[0,0]]}],"t":120},{"s":[{"c":true,"i":[[0,0],[0,-9.9],[0,0],[0,9.9],[0,0]],"o":[[9.89,0],[0,0],[-9.89,0],[0,0],[0,0]],"v":[[0,0],[17.93,17.93],[17.93,33.46],[0,15.52],[0,0]]}],"t":180}]}},{"ty":"fl","bm":0,"hd":false,"nm":"","c":{"a":1,"k":[{"o":{"x":0,"y":0},"i":{"x":0.58,"y":1},"s":[0.451,0.5687,0.5765],"t":0},{"o":{"x":0,"y":0},"i":{"x":0.58,"y":1},"s":[0.451,0.5687,0.5765],"t":60},{"o":{"x":0,"y":0},"i":{"x":0.58,"y":1},"s":[0.451,0.5687,0.5765],"t":120},{"s":[0.451,0.5687,0.5765],"t":180}]},"r":1,"o":{"a":1,"k":[{"o":{"x":0,"y":0},"i":{"x":0.58,"y":1},"s":[100],"t":0},{"o":{"x":0,"y":0},"i":{"x":0.58,"y":1},"s":[100],"t":60},{"o":{"x":0,"y":0},"i":{"x":0.58,"y":1},"s":[100],"t":120},{"s":[100],"t":180}]}}],"ind":5,"parent":1},{"ty":4,"nm":"Vector","sr":1,"st":0,"op":181,"ip":0,"hd":false,"ddd":0,"bm":0,"hasMask":false,"ao":0,"ks":{"a":{"a":1,"k":[{"o":{"x":0,"y":0},"i":{"x":0.58,"y":1},"s":[8.97,0.11],"t":0},{"o":{"x":0,"y":0},"i":{"x":0.58,"y":1},"s":[8.97,0.11],"t":60},{"o":{"x":0,"y":0},"i":{"x":0.58,"y":1},"s":[8.97,16.73],"t":120},{"s":[8.97,16.73],"t":180}]},"s":{"a":1,"k":[{"o":{"x":0,"y":0},"i":{"x":0.58,"y":1},"s":[100,100],"t":0},{"o":{"x":0,"y":0},"i":{"x":0.58,"y":1},"s":[100,100],"t":60},{"o":{"x":0,"y":0},"i":{"x":0.58,"y":1},"s":[100,100],"t":120},{"s":[100,100],"t":180}]},"sk":{"a":0,"k":0},"p":{"a":1,"k":[{"o":{"x":0,"y":0},"i":{"x":0.58,"y":1},"s":[9.86,0.36],"t":0},{"o":{"x":0,"y":0},"i":{"x":0.58,"y":1},"s":[9.86,0.36],"t":60},{"o":{"x":0,"y":0},"i":{"x":0.58,"y":1},"s":[9.87,52.13],"t":120},{"s":[9.87,52.13],"t":180}]},"r":{"a":1,"k":[{"o":{"x":0,"y":0},"i":{"x":0.58,"y":1},"s":[0],"t":0},{"o":{"x":0,"y":0},"i":{"x":0.58,"y":1},"s":[0],"t":60},{"o":{"x":0,"y":0},"i":{"x":0.58,"y":1},"s":[0],"t":120},{"s":[0],"t":180}]},"sa":{"a":0,"k":0},"o":{"a":1,"k":[{"o":{"x":0,"y":0},"i":{"x":0.58,"y":1},"s":[100],"t":0},{"o":{"x":0,"y":0},"i":{"x":0.58,"y":1},"s":[100],"t":60},{"o":{"x":0,"y":0},"i":{"x":0.58,"y":1},"s":[100],"t":120},{"s":[100],"t":180}]}},"ef":[],"shapes":[{"ty":"sh","bm":0,"hd":false,"nm":"","d":1,"ks":{"a":1,"k":[{"o":{"x":0,"y":0},"i":{"x":0.58,"y":1},"s":[{"c":true,"i":[[0,0],[0,-0.07],[0,0],[0,0.07],[0,0]],"o":[[9.89,0],[0,0],[-9.89,0],[0,0],[0,0]],"v":[[0,0],[17.93,0.12],[17.93,0.23],[0,0.11],[0,0]]}],"t":0},{"o":{"x":0,"y":0},"i":{"x":0.58,"y":1},"s":[{"c":true,"i":[[0,0],[0,-0.07],[0,0],[0,0.07],[0,0]],"o":[[9.89,0],[0,0],[-9.89,0],[0,0],[0,0]],"v":[[0,0],[17.93,0.12],[17.93,0.23],[0,0.11],[0,0]]}],"t":60},{"o":{"x":0,"y":0},"i":{"x":0.58,"y":1},"s":[{"c":true,"i":[[0,0],[0,-9.9],[0,0],[0,9.9],[0,0]],"o":[[9.89,0],[0,0],[-9.89,0],[0,0],[0,0]],"v":[[0,0],[17.93,17.93],[17.93,33.46],[0,15.52],[0,0]]}],"t":120},{"s":[{"c":true,"i":[[0,0],[0,-9.9],[0,0],[0,9.9],[0,0]],"o":[[9.89,0],[0,0],[-9.89,0],[0,0],[0,0]],"v":[[0,0],[17.93,17.93],[17.93,33.46],[0,15.52],[0,0]]}],"t":180}]}},{"ty":"fl","bm":0,"hd":false,"nm":"","c":{"a":1,"k":[{"o":{"x":0,"y":0},"i":{"x":0.58,"y":1},"s":[0.3255,0.4745,0.4942],"t":0},{"o":{"x":0,"y":0},"i":{"x":0.58,"y":1},"s":[0.3255,0.4745,0.4942],"t":60},{"o":{"x":0,"y":0},"i":{"x":0.58,"y":1},"s":[0.3255,0.4745,0.4942],"t":120},{"s":[0.3255,0.4745,0.4942],"t":180}]},"r":1,"o":{"a":1,"k":[{"o":{"x":0,"y":0},"i":{"x":0.58,"y":1},"s":[100],"t":0},{"o":{"x":0,"y":0},"i":{"x":0.58,"y":1},"s":[100],"t":60},{"o":{"x":0,"y":0},"i":{"x":0.58,"y":1},"s":[100],"t":120},{"s":[100],"t":180}]}}],"ind":6,"parent":1},{"ty":4,"nm":"Vector","sr":1,"st":0,"op":181,"ip":0,"hd":false,"ddd":0,"bm":0,"hasMask":false,"ao":0,"ks":{"a":{"a":1,"k":[{"o":{"x":0,"y":0},"i":{"x":0.58,"y":1},"s":[14.28,0.18],"t":0},{"o":{"x":0,"y":0},"i":{"x":0.58,"y":1},"s":[14.28,0.18],"t":60},{"o":{"x":0,"y":0},"i":{"x":0.58,"y":1},"s":[14.28,26.79],"t":120},{"s":[14.28,26.79],"t":180}]},"s":{"a":1,"k":[{"o":{"x":0,"y":0},"i":{"x":0.58,"y":1},"s":[100,100],"t":0},{"o":{"x":0,"y":0},"i":{"x":0.58,"y":1},"s":[100,100],"t":60},{"o":{"x":0,"y":0},"i":{"x":0.58,"y":1},"s":[100,100],"t":120},{"s":[100,100],"t":180}]},"sk":{"a":0,"k":0},"p":{"a":1,"k":[{"o":{"x":0,"y":0},"i":{"x":0.58,"y":1},"s":[18.82,0.18],"t":0},{"o":{"x":0,"y":0},"i":{"x":0.58,"y":1},"s":[18.82,0.18],"t":60},{"o":{"x":0,"y":0},"i":{"x":0.58,"y":1},"s":[18.82,26.79],"t":120},{"s":[18.82,26.79],"t":180}]},"r":{"a":1,"k":[{"o":{"x":0,"y":0},"i":{"x":0.58,"y":1},"s":[0],"t":0},{"o":{"x":0,"y":0},"i":{"x":0.58,"y":1},"s":[0],"t":60},{"o":{"x":0,"y":0},"i":{"x":0.58,"y":1},"s":[0],"t":120},{"s":[0],"t":180}]},"sa":{"a":0,"k":0},"o":{"a":1,"k":[{"o":{"x":0,"y":0},"i":{"x":0.58,"y":1},"s":[100],"t":0},{"o":{"x":0,"y":0},"i":{"x":0.58,"y":1},"s":[100],"t":60},{"o":{"x":0,"y":0},"i":{"x":0.58,"y":1},"s":[100],"t":120},{"s":[100],"t":180}]}},"ef":[],"shapes":[{"ty":"sh","bm":0,"hd":false,"nm":"","d":1,"ks":{"a":1,"k":[{"o":{"x":0,"y":0},"i":{"x":0.58,"y":1},"s":[{"c":true,"i":[[0,0],[0,-0.05],[0,0],[0,0],[0,0],[-7.88,0]],"o":[[7.88,0],[0,0],[0,0],[0,0],[0.01,-0.05],[0,0]],"v":[[14.29,0],[28.56,0.1],[28.56,0.37],[0,0.37],[0,0.1],[14.29,0]]}],"t":0},{"o":{"x":0,"y":0},"i":{"x":0.58,"y":1},"s":[{"c":true,"i":[[0,0],[0,-0.05],[0,0],[0,0],[0,0],[-7.88,0]],"o":[[7.88,0],[0,0],[0,0],[0,0],[0.01,-0.05],[0,0]],"v":[[14.29,0],[28.56,0.1],[28.56,0.37],[0,0.37],[0,0.1],[14.29,0]]}],"t":60},{"o":{"x":0,"y":0},"i":{"x":0.58,"y":1},"s":[{"c":true,"i":[[0,0],[0,-7.88],[0,0],[0,0],[0,0],[-7.88,0]],"o":[[7.88,0],[0,0],[0,0],[0,0],[0.01,-7.88],[0,0]],"v":[[14.29,0],[28.56,14.28],[28.56,53.58],[0,53.58],[0,14.28],[14.29,0]]}],"t":120},{"s":[{"c":true,"i":[[0,0],[0,-7.88],[0,0],[0,0],[0,0],[-7.88,0]],"o":[[7.88,0],[0,0],[0,0],[0,0],[0.01,-7.88],[0,0]],"v":[[14.29,0],[28.56,14.28],[28.56,53.58],[0,53.58],[0,14.28],[14.29,0]]}],"t":180}]}},{"ty":"fl","bm":0,"hd":false,"nm":"","c":{"a":1,"k":[{"o":{"x":0,"y":0},"i":{"x":0.58,"y":1},"s":[0.902,0.6824,0.3059],"t":0},{"o":{"x":0,"y":0},"i":{"x":0.58,"y":1},"s":[0.902,0.6824,0.3059],"t":60},{"o":{"x":0,"y":0},"i":{"x":0.58,"y":1},"s":[0.902,0.6824,0.3059],"t":120},{"s":[0.902,0.6824,0.3059],"t":180}]},"r":1,"o":{"a":1,"k":[{"o":{"x":0,"y":0},"i":{"x":0.58,"y":1},"s":[100],"t":0},{"o":{"x":0,"y":0},"i":{"x":0.58,"y":1},"s":[100],"t":60},{"o":{"x":0,"y":0},"i":{"x":0.58,"y":1},"s":[100],"t":120},{"s":[100],"t":180}]}}],"ind":7,"parent":1},{"ty":4,"nm":"Group","sr":1,"st":0,"op":181,"ip":0,"hd":false,"ddd":0,"bm":0,"hasMask":false,"ao":0,"ks":{"a":{"a":1,"k":[{"o":{"x":0,"y":0},"i":{"x":0.58,"y":1},"s":[18.37,0.5],"t":0},{"o":{"x":0,"y":0},"i":{"x":0.58,"y":1},"s":[18.38,72.49],"t":60},{"o":{"x":0,"y":0},"i":{"x":0.58,"y":1},"s":[18.38,72.49],"t":120},{"s":[18.38,72.49],"t":180}]},"s":{"a":1,"k":[{"o":{"x":0,"y":0},"i":{"x":0.58,"y":1},"s":[100,100],"t":0},{"o":{"x":0,"y":0},"i":{"x":0.58,"y":1},"s":[100,100],"t":60},{"o":{"x":0,"y":0},"i":{"x":0.58,"y":1},"s":[100,100],"t":120},{"s":[100,100],"t":180}]},"sk":{"a":0,"k":0},"p":{"a":1,"k":[{"o":{"x":0,"y":0},"i":{"x":0.58,"y":1},"s":[63.45,144.5],"t":0},{"o":{"x":0,"y":0},"i":{"x":0.58,"y":1},"s":[63.46,72.49],"t":60},{"o":{"x":0,"y":0},"i":{"x":0.58,"y":1},"s":[63.46,72.49],"t":120},{"s":[63.46,72.49],"t":180}]},"r":{"a":1,"k":[{"o":{"x":0,"y":0},"i":{"x":0.58,"y":1},"s":[0],"t":0},{"o":{"x":0,"y":0},"i":{"x":0.58,"y":1},"s":[0],"t":60},{"o":{"x":0,"y":0},"i":{"x":0.58,"y":1},"s":[0],"t":120},{"s":[0],"t":180}]},"sa":{"a":0,"k":0},"o":{"a":1,"k":[{"o":{"x":0,"y":0},"i":{"x":0.58,"y":1},"s":[100],"t":0},{"o":{"x":0,"y":0},"i":{"x":0.58,"y":1},"s":[100],"t":60},{"o":{"x":0,"y":0},"i":{"x":0.58,"y":1},"s":[100],"t":120},{"s":[100],"t":180}]}},"ef":[],"shapes":[],"ind":8},{"ty":4,"nm":"Vector","sr":1,"st":0,"op":181,"ip":0,"hd":false,"ddd":0,"bm":0,"hasMask":false,"ao":0,"ks":{"a":{"a":1,"k":[{"o":{"x":0,"y":0},"i":{"x":0.58,"y":1},"s":[1.3,0.3],"t":0},{"o":{"x":0,"y":0},"i":{"x":0.58,"y":1},"s":[1.3,44.17],"t":60},{"o":{"x":0,"y":0},"i":{"x":0.58,"y":1},"s":[1.3,44.17],"t":120},{"s":[1.3,44.17],"t":180}]},"s":{"a":1,"k":[{"o":{"x":0,"y":0},"i":{"x":0.58,"y":1},"s":[100,100],"t":0},{"o":{"x":0,"y":0},"i":{"x":0.58,"y":1},"s":[100,100],"t":60},{"o":{"x":0,"y":0},"i":{"x":0.58,"y":1},"s":[100,100],"t":120},{"s":[100,100],"t":180}]},"sk":{"a":0,"k":0},"p":{"a":1,"k":[{"o":{"x":0,"y":0},"i":{"x":0.58,"y":1},"s":[18.43,0.69],"t":0},{"o":{"x":0,"y":0},"i":{"x":0.58,"y":1},"s":[18.43,100.82],"t":60},{"o":{"x":0,"y":0},"i":{"x":0.58,"y":1},"s":[18.43,100.82],"t":120},{"s":[18.43,100.82],"t":180}]},"r":{"a":1,"k":[{"o":{"x":0,"y":0},"i":{"x":0.58,"y":1},"s":[0],"t":0},{"o":{"x":0,"y":0},"i":{"x":0.58,"y":1},"s":[0],"t":60},{"o":{"x":0,"y":0},"i":{"x":0.58,"y":1},"s":[0],"t":120},{"s":[0],"t":180}]},"sa":{"a":0,"k":0},"o":{"a":1,"k":[{"o":{"x":0,"y":0},"i":{"x":0.58,"y":1},"s":[100],"t":0},{"o":{"x":0,"y":0},"i":{"x":0.58,"y":1},"s":[100],"t":60},{"o":{"x":0,"y":0},"i":{"x":0.58,"y":1},"s":[100],"t":120},{"s":[100],"t":180}]}},"ef":[],"shapes":[{"ty":"sh","bm":0,"hd":false,"nm":"","d":1,"ks":{"a":1,"k":[{"o":{"x":0,"y":0},"i":{"x":0.58,"y":1},"s":[{"c":true,"i":[[0,0],[0,0],[0,0],[0,0],[0,0]],"o":[[0,0],[0,0],[0,0],[0,0],[0,0]],"v":[[0,0],[2.6,0],[2.6,0.6],[0,0.6],[0,0]]}],"t":0},{"o":{"x":0,"y":0},"i":{"x":0.58,"y":1},"s":[{"c":true,"i":[[0,0],[0,0],[0,0],[0,0],[0,0]],"o":[[0,0],[0,0],[0,0],[0,0],[0,0]],"v":[[0,0],[2.6,0],[2.6,88.34],[0,88.34],[0,0]]}],"t":60},{"o":{"x":0,"y":0},"i":{"x":0.58,"y":1},"s":[{"c":true,"i":[[0,0],[0,0],[0,0],[0,0],[0,0]],"o":[[0,0],[0,0],[0,0],[0,0],[0,0]],"v":[[0,0],[2.6,0],[2.6,88.34],[0,88.34],[0,0]]}],"t":120},{"s":[{"c":true,"i":[[0,0],[0,0],[0,0],[0,0],[0,0]],"o":[[0,0],[0,0],[0,0],[0,0],[0,0]],"v":[[0,0],[2.6,0],[2.6,88.34],[0,88.34],[0,0]]}],"t":180}]}},{"ty":"fl","bm":0,"hd":false,"nm":"","c":{"a":1,"k":[{"o":{"x":0,"y":0},"i":{"x":0.58,"y":1},"s":[0.3255,0.4745,0.4942],"t":0},{"o":{"x":0,"y":0},"i":{"x":0.58,"y":1},"s":[0.3255,0.4745,0.4942],"t":60},{"o":{"x":0,"y":0},"i":{"x":0.58,"y":1},"s":[0.3255,0.4745,0.4942],"t":120},{"s":[0.3255,0.4745,0.4942],"t":180}]},"r":1,"o":{"a":1,"k":[{"o":{"x":0,"y":0},"i":{"x":0.58,"y":1},"s":[100],"t":0},{"o":{"x":0,"y":0},"i":{"x":0.58,"y":1},"s":[100],"t":60},{"o":{"x":0,"y":0},"i":{"x":0.58,"y":1},"s":[100],"t":120},{"s":[100],"t":180}]}}],"ind":9,"parent":8},{"ty":4,"nm":"Vector","sr":1,"st":0,"op":181,"ip":0,"hd":false,"ddd":0,"bm":0,"hasMask":false,"ao":0,"ks":{"a":{"a":1,"k":[{"o":{"x":0,"y":0},"i":{"x":0.58,"y":1},"s":[8.97,0.11],"t":0},{"o":{"x":0,"y":0},"i":{"x":0.58,"y":1},"s":[8.97,16.73],"t":60},{"o":{"x":0,"y":0},"i":{"x":0.58,"y":1},"s":[8.97,16.73],"t":120},{"s":[8.97,16.73],"t":180}]},"s":{"a":1,"k":[{"o":{"x":0,"y":0},"i":{"x":0.58,"y":1},"s":[100,100],"t":0},{"o":{"x":0,"y":0},"i":{"x":0.58,"y":1},"s":[100,100],"t":60},{"o":{"x":0,"y":0},"i":{"x":0.58,"y":1},"s":[100,100],"t":120},{"s":[100,100],"t":180}]},"sk":{"a":0,"k":0},"p":{"a":1,"k":[{"o":{"x":0,"y":0},"i":{"x":0.58,"y":1},"s":[26.88,0.6],"t":0},{"o":{"x":0,"y":0},"i":{"x":0.58,"y":1},"s":[26.88,87.54],"t":60},{"o":{"x":0,"y":0},"i":{"x":0.58,"y":1},"s":[26.88,87.54],"t":120},{"s":[26.88,87.54],"t":180}]},"r":{"a":1,"k":[{"o":{"x":0,"y":0},"i":{"x":0.58,"y":1},"s":[0],"t":0},{"o":{"x":0,"y":0},"i":{"x":0.58,"y":1},"s":[0],"t":60},{"o":{"x":0,"y":0},"i":{"x":0.58,"y":1},"s":[0],"t":120},{"s":[0],"t":180}]},"sa":{"a":0,"k":0},"o":{"a":1,"k":[{"o":{"x":0,"y":0},"i":{"x":0.58,"y":1},"s":[100],"t":0},{"o":{"x":0,"y":0},"i":{"x":0.58,"y":1},"s":[100],"t":60},{"o":{"x":0,"y":0},"i":{"x":0.58,"y":1},"s":[100],"t":120},{"s":[100],"t":180}]}},"ef":[],"shapes":[{"ty":"sh","bm":0,"hd":false,"nm":"","d":1,"ks":{"a":1,"k":[{"o":{"x":0,"y":0},"i":{"x":0.58,"y":1},"s":[{"c":true,"i":[[0,0],[0,0],[9.9,0],[0,0],[-9.9,0]],"o":[[0,0],[0,0.07],[0,0],[0,-0.07],[0,0]],"v":[[17.93,0],[17.93,0.11],[0,0.23],[0,0.12],[17.93,0]]}],"t":0},{"o":{"x":0,"y":0},"i":{"x":0.58,"y":1},"s":[{"c":true,"i":[[0,0],[0,0],[9.9,0],[0,0],[-9.9,0]],"o":[[0,0],[0,9.89],[0,0],[0,-9.89],[0,0]],"v":[[17.93,0],[17.93,15.52],[0,33.46],[0,17.93],[17.93,0]]}],"t":60},{"o":{"x":0,"y":0},"i":{"x":0.58,"y":1},"s":[{"c":true,"i":[[0,0],[0,0],[9.9,0],[0,0],[-9.9,0]],"o":[[0,0],[0,9.89],[0,0],[0,-9.89],[0,0]],"v":[[17.93,0],[17.93,15.52],[0,33.46],[0,17.93],[17.93,0]]}],"t":120},{"s":[{"c":true,"i":[[0,0],[0,0],[9.9,0],[0,0],[-9.9,0]],"o":[[0,0],[0,9.89],[0,0],[0,-9.89],[0,0]],"v":[[17.93,0],[17.93,15.52],[0,33.46],[0,17.93],[17.93,0]]}],"t":180}]}},{"ty":"fl","bm":0,"hd":false,"nm":"","c":{"a":1,"k":[{"o":{"x":0,"y":0},"i":{"x":0.58,"y":1},"s":[0.451,0.5687,0.5765],"t":0},{"o":{"x":0,"y":0},"i":{"x":0.58,"y":1},"s":[0.451,0.5687,0.5765],"t":60},{"o":{"x":0,"y":0},"i":{"x":0.58,"y":1},"s":[0.451,0.5687,0.5765],"t":120},{"s":[0.451,0.5687,0.5765],"t":180}]},"r":1,"o":{"a":1,"k":[{"o":{"x":0,"y":0},"i":{"x":0.58,"y":1},"s":[100],"t":0},{"o":{"x":0,"y":0},"i":{"x":0.58,"y":1},"s":[100],"t":60},{"o":{"x":0,"y":0},"i":{"x":0.58,"y":1},"s":[100],"t":120},{"s":[100],"t":180}]}}],"ind":10,"parent":8},{"ty":4,"nm":"Vector","sr":1,"st":0,"op":181,"ip":0,"hd":false,"ddd":0,"bm":0,"hasMask":false,"ao":0,"ks":{"a":{"a":1,"k":[{"o":{"x":0,"y":0},"i":{"x":0.58,"y":1},"s":[8.97,0.11],"t":0},{"o":{"x":0,"y":0},"i":{"x":0.58,"y":1},"s":[8.97,16.73],"t":60},{"o":{"x":0,"y":0},"i":{"x":0.58,"y":1},"s":[8.97,16.73],"t":120},{"s":[8.97,16.73],"t":180}]},"s":{"a":1,"k":[{"o":{"x":0,"y":0},"i":{"x":0.58,"y":1},"s":[100,100],"t":0},{"o":{"x":0,"y":0},"i":{"x":0.58,"y":1},"s":[100,100],"t":60},{"o":{"x":0,"y":0},"i":{"x":0.58,"y":1},"s":[100,100],"t":120},{"s":[100,100],"t":180}]},"sk":{"a":0,"k":0},"p":{"a":1,"k":[{"o":{"x":0,"y":0},"i":{"x":0.58,"y":1},"s":[27.78,0.36],"t":0},{"o":{"x":0,"y":0},"i":{"x":0.58,"y":1},"s":[27.79,52.13],"t":60},{"o":{"x":0,"y":0},"i":{"x":0.58,"y":1},"s":[27.79,52.13],"t":120},{"s":[27.79,52.13],"t":180}]},"r":{"a":1,"k":[{"o":{"x":0,"y":0},"i":{"x":0.58,"y":1},"s":[0],"t":0},{"o":{"x":0,"y":0},"i":{"x":0.58,"y":1},"s":[0],"t":60},{"o":{"x":0,"y":0},"i":{"x":0.58,"y":1},"s":[0],"t":120},{"s":[0],"t":180}]},"sa":{"a":0,"k":0},"o":{"a":1,"k":[{"o":{"x":0,"y":0},"i":{"x":0.58,"y":1},"s":[100],"t":0},{"o":{"x":0,"y":0},"i":{"x":0.58,"y":1},"s":[100],"t":60},{"o":{"x":0,"y":0},"i":{"x":0.58,"y":1},"s":[100],"t":120},{"s":[100],"t":180}]}},"ef":[],"shapes":[{"ty":"sh","bm":0,"hd":false,"nm":"","d":1,"ks":{"a":1,"k":[{"o":{"x":0,"y":0},"i":{"x":0.58,"y":1},"s":[{"c":true,"i":[[0,0],[0,0],[9.9,0],[0,0],[-9.9,0]],"o":[[0,0],[0,0.07],[0,0],[0,-0.07],[0,0]],"v":[[17.93,0],[17.93,0.11],[0,0.23],[0,0.12],[17.93,0]]}],"t":0},{"o":{"x":0,"y":0},"i":{"x":0.58,"y":1},"s":[{"c":true,"i":[[0,0],[0,0],[9.9,0],[0,0],[-9.9,0]],"o":[[0,0],[0,9.89],[0,0],[0,-9.89],[0,0]],"v":[[17.93,0],[17.93,15.52],[0,33.46],[0,17.93],[17.93,0]]}],"t":60},{"o":{"x":0,"y":0},"i":{"x":0.58,"y":1},"s":[{"c":true,"i":[[0,0],[0,0],[9.9,0],[0,0],[-9.9,0]],"o":[[0,0],[0,9.89],[0,0],[0,-9.89],[0,0]],"v":[[17.93,0],[17.93,15.52],[0,33.46],[0,17.93],[17.93,0]]}],"t":120},{"s":[{"c":true,"i":[[0,0],[0,0],[9.9,0],[0,0],[-9.9,0]],"o":[[0,0],[0,9.89],[0,0],[0,-9.89],[0,0]],"v":[[17.93,0],[17.93,15.52],[0,33.46],[0,17.93],[17.93,0]]}],"t":180}]}},{"ty":"fl","bm":0,"hd":false,"nm":"","c":{"a":1,"k":[{"o":{"x":0,"y":0},"i":{"x":0.58,"y":1},"s":[0.3255,0.4745,0.4942],"t":0},{"o":{"x":0,"y":0},"i":{"x":0.58,"y":1},"s":[0.3255,0.4745,0.4942],"t":60},{"o":{"x":0,"y":0},"i":{"x":0.58,"y":1},"s":[0.3255,0.4745,0.4942],"t":120},{"s":[0.3255,0.4745,0.4942],"t":180}]},"r":1,"o":{"a":1,"k":[{"o":{"x":0,"y":0},"i":{"x":0.58,"y":1},"s":[100],"t":0},{"o":{"x":0,"y":0},"i":{"x":0.58,"y":1},"s":[100],"t":60},{"o":{"x":0,"y":0},"i":{"x":0.58,"y":1},"s":[100],"t":120},{"s":[100],"t":180}]}}],"ind":11,"parent":8},{"ty":4,"nm":"Vector","sr":1,"st":0,"op":181,"ip":0,"hd":false,"ddd":0,"bm":0,"hasMask":false,"ao":0,"ks":{"a":{"a":1,"k":[{"o":{"x":0,"y":0},"i":{"x":0.58,"y":1},"s":[8.96,0.11],"t":0},{"o":{"x":0,"y":0},"i":{"x":0.58,"y":1},"s":[8.96,16.73],"t":60},{"o":{"x":0,"y":0},"i":{"x":0.58,"y":1},"s":[8.96,16.73],"t":120},{"s":[8.96,16.73],"t":180}]},"s":{"a":1,"k":[{"o":{"x":0,"y":0},"i":{"x":0.58,"y":1},"s":[100,100],"t":0},{"o":{"x":0,"y":0},"i":{"x":0.58,"y":1},"s":[100,100],"t":60},{"o":{"x":0,"y":0},"i":{"x":0.58,"y":1},"s":[100,100],"t":120},{"s":[100,100],"t":180}]},"sk":{"a":0,"k":0},"p":{"a":1,"k":[{"o":{"x":0,"y":0},"i":{"x":0.58,"y":1},"s":[8.96,0.79],"t":0},{"o":{"x":0,"y":0},"i":{"x":0.58,"y":1},"s":[8.96,115.94],"t":60},{"o":{"x":0,"y":0},"i":{"x":0.58,"y":1},"s":[8.96,115.94],"t":120},{"s":[8.96,115.94],"t":180}]},"r":{"a":1,"k":[{"o":{"x":0,"y":0},"i":{"x":0.58,"y":1},"s":[0],"t":0},{"o":{"x":0,"y":0},"i":{"x":0.58,"y":1},"s":[0],"t":60},{"o":{"x":0,"y":0},"i":{"x":0.58,"y":1},"s":[0],"t":120},{"s":[0],"t":180}]},"sa":{"a":0,"k":0},"o":{"a":1,"k":[{"o":{"x":0,"y":0},"i":{"x":0.58,"y":1},"s":[100],"t":0},{"o":{"x":0,"y":0},"i":{"x":0.58,"y":1},"s":[100],"t":60},{"o":{"x":0,"y":0},"i":{"x":0.58,"y":1},"s":[100],"t":120},{"s":[100],"t":180}]}},"ef":[],"shapes":[{"ty":"sh","bm":0,"hd":false,"nm":"","d":1,"ks":{"a":1,"k":[{"o":{"x":0,"y":0},"i":{"x":0.58,"y":1},"s":[{"c":true,"i":[[0,0],[0,-0.07],[0,0],[0,0.07],[0,0]],"o":[[9.89,0],[0,0],[-9.89,0],[0,0],[0,0]],"v":[[0,0],[17.93,0.12],[17.93,0.23],[0,0.11],[0,0]]}],"t":0},{"o":{"x":0,"y":0},"i":{"x":0.58,"y":1},"s":[{"c":true,"i":[[0,0],[0,-9.9],[0,0],[0,9.9],[0,0]],"o":[[9.89,0],[0,0],[-9.89,0],[0,0],[0,0]],"v":[[0,0],[17.93,17.93],[17.93,33.46],[0,15.52],[0,0]]}],"t":60},{"o":{"x":0,"y":0},"i":{"x":0.58,"y":1},"s":[{"c":true,"i":[[0,0],[0,-9.9],[0,0],[0,9.9],[0,0]],"o":[[9.89,0],[0,0],[-9.89,0],[0,0],[0,0]],"v":[[0,0],[17.93,17.93],[17.93,33.46],[0,15.52],[0,0]]}],"t":120},{"s":[{"c":true,"i":[[0,0],[0,-9.9],[0,0],[0,9.9],[0,0]],"o":[[9.89,0],[0,0],[-9.89,0],[0,0],[0,0]],"v":[[0,0],[17.93,17.93],[17.93,33.46],[0,15.52],[0,0]]}],"t":180}]}},{"ty":"fl","bm":0,"hd":false,"nm":"","c":{"a":1,"k":[{"o":{"x":0,"y":0},"i":{"x":0.58,"y":1},"s":[0.451,0.5687,0.5765],"t":0},{"o":{"x":0,"y":0},"i":{"x":0.58,"y":1},"s":[0.451,0.5687,0.5765],"t":60},{"o":{"x":0,"y":0},"i":{"x":0.58,"y":1},"s":[0.451,0.5687,0.5765],"t":120},{"s":[0.451,0.5687,0.5765],"t":180}]},"r":1,"o":{"a":1,"k":[{"o":{"x":0,"y":0},"i":{"x":0.58,"y":1},"s":[100],"t":0},{"o":{"x":0,"y":0},"i":{"x":0.58,"y":1},"s":[100],"t":60},{"o":{"x":0,"y":0},"i":{"x":0.58,"y":1},"s":[100],"t":120},{"s":[100],"t":180}]}}],"ind":12,"parent":8},{"ty":4,"nm":"Vector","sr":1,"st":0,"op":181,"ip":0,"hd":false,"ddd":0,"bm":0,"hasMask":false,"ao":0,"ks":{"a":{"a":1,"k":[{"o":{"x":0,"y":0},"i":{"x":0.58,"y":1},"s":[8.97,0.11],"t":0},{"o":{"x":0,"y":0},"i":{"x":0.58,"y":1},"s":[8.97,16.73],"t":60},{"o":{"x":0,"y":0},"i":{"x":0.58,"y":1},"s":[8.97,16.73],"t":120},{"s":[8.97,16.73],"t":180}]},"s":{"a":1,"k":[{"o":{"x":0,"y":0},"i":{"x":0.58,"y":1},"s":[100,100],"t":0},{"o":{"x":0,"y":0},"i":{"x":0.58,"y":1},"s":[100,100],"t":60},{"o":{"x":0,"y":0},"i":{"x":0.58,"y":1},"s":[100,100],"t":120},{"s":[100,100],"t":180}]},"sk":{"a":0,"k":0},"p":{"a":1,"k":[{"o":{"x":0,"y":0},"i":{"x":0.58,"y":1},"s":[9.86,0.36],"t":0},{"o":{"x":0,"y":0},"i":{"x":0.58,"y":1},"s":[9.87,52.13],"t":60},{"o":{"x":0,"y":0},"i":{"x":0.58,"y":1},"s":[9.87,52.13],"t":120},{"s":[9.87,52.13],"t":180}]},"r":{"a":1,"k":[{"o":{"x":0,"y":0},"i":{"x":0.58,"y":1},"s":[0],"t":0},{"o":{"x":0,"y":0},"i":{"x":0.58,"y":1},"s":[0],"t":60},{"o":{"x":0,"y":0},"i":{"x":0.58,"y":1},"s":[0],"t":120},{"s":[0],"t":180}]},"sa":{"a":0,"k":0},"o":{"a":1,"k":[{"o":{"x":0,"y":0},"i":{"x":0.58,"y":1},"s":[100],"t":0},{"o":{"x":0,"y":0},"i":{"x":0.58,"y":1},"s":[100],"t":60},{"o":{"x":0,"y":0},"i":{"x":0.58,"y":1},"s":[100],"t":120},{"s":[100],"t":180}]}},"ef":[],"shapes":[{"ty":"sh","bm":0,"hd":false,"nm":"","d":1,"ks":{"a":1,"k":[{"o":{"x":0,"y":0},"i":{"x":0.58,"y":1},"s":[{"c":true,"i":[[0,0],[0,-0.07],[0,0],[0,0.07],[0,0]],"o":[[9.89,0],[0,0],[-9.89,0],[0,0],[0,0]],"v":[[0,0],[17.93,0.12],[17.93,0.23],[0,0.11],[0,0]]}],"t":0},{"o":{"x":0,"y":0},"i":{"x":0.58,"y":1},"s":[{"c":true,"i":[[0,0],[0,-9.9],[0,0],[0,9.9],[0,0]],"o":[[9.89,0],[0,0],[-9.89,0],[0,0],[0,0]],"v":[[0,0],[17.93,17.93],[17.93,33.46],[0,15.52],[0,0]]}],"t":60},{"o":{"x":0,"y":0},"i":{"x":0.58,"y":1},"s":[{"c":true,"i":[[0,0],[0,-9.9],[0,0],[0,9.9],[0,0]],"o":[[9.89,0],[0,0],[-9.89,0],[0,0],[0,0]],"v":[[0,0],[17.93,17.93],[17.93,33.46],[0,15.52],[0,0]]}],"t":120},{"s":[{"c":true,"i":[[0,0],[0,-9.9],[0,0],[0,9.9],[0,0]],"o":[[9.89,0],[0,0],[-9.89,0],[0,0],[0,0]],"v":[[0,0],[17.93,17.93],[17.93,33.46],[0,15.52],[0,0]]}],"t":180}]}},{"ty":"fl","bm":0,"hd":false,"nm":"","c":{"a":1,"k":[{"o":{"x":0,"y":0},"i":{"x":0.58,"y":1},"s":[0.3255,0.4745,0.4942],"t":0},{"o":{"x":0,"y":0},"i":{"x":0.58,"y":1},"s":[0.3255,0.4745,0.4942],"t":60},{"o":{"x":0,"y":0},"i":{"x":0.58,"y":1},"s":[0.3255,0.4745,0.4942],"t":120},{"s":[0.3255,0.4745,0.4942],"t":180}]},"r":1,"o":{"a":1,"k":[{"o":{"x":0,"y":0},"i":{"x":0.58,"y":1},"s":[100],"t":0},{"o":{"x":0,"y":0},"i":{"x":0.58,"y":1},"s":[100],"t":60},{"o":{"x":0,"y":0},"i":{"x":0.58,"y":1},"s":[100],"t":120},{"s":[100],"t":180}]}}],"ind":13,"parent":8},{"ty":4,"nm":"Vector","sr":1,"st":0,"op":181,"ip":0,"hd":false,"ddd":0,"bm":0,"hasMask":false,"ao":0,"ks":{"a":{"a":1,"k":[{"o":{"x":0,"y":0},"i":{"x":0.58,"y":1},"s":[14.28,0.18],"t":0},{"o":{"x":0,"y":0},"i":{"x":0.58,"y":1},"s":[14.28,26.79],"t":60},{"o":{"x":0,"y":0},"i":{"x":0.58,"y":1},"s":[14.28,26.79],"t":120},{"s":[14.28,26.79],"t":180}]},"s":{"a":1,"k":[{"o":{"x":0,"y":0},"i":{"x":0.58,"y":1},"s":[100,100],"t":0},{"o":{"x":0,"y":0},"i":{"x":0.58,"y":1},"s":[100,100],"t":60},{"o":{"x":0,"y":0},"i":{"x":0.58,"y":1},"s":[100,100],"t":120},{"s":[100,100],"t":180}]},"sk":{"a":0,"k":0},"p":{"a":1,"k":[{"o":{"x":0,"y":0},"i":{"x":0.58,"y":1},"s":[18.82,0.18],"t":0},{"o":{"x":0,"y":0},"i":{"x":0.58,"y":1},"s":[18.82,26.79],"t":60},{"o":{"x":0,"y":0},"i":{"x":0.58,"y":1},"s":[18.82,26.79],"t":120},{"s":[18.82,26.79],"t":180}]},"r":{"a":1,"k":[{"o":{"x":0,"y":0},"i":{"x":0.58,"y":1},"s":[0],"t":0},{"o":{"x":0,"y":0},"i":{"x":0.58,"y":1},"s":[0],"t":60},{"o":{"x":0,"y":0},"i":{"x":0.58,"y":1},"s":[0],"t":120},{"s":[0],"t":180}]},"sa":{"a":0,"k":0},"o":{"a":1,"k":[{"o":{"x":0,"y":0},"i":{"x":0.58,"y":1},"s":[100],"t":0},{"o":{"x":0,"y":0},"i":{"x":0.58,"y":1},"s":[100],"t":60},{"o":{"x":0,"y":0},"i":{"x":0.58,"y":1},"s":[100],"t":120},{"s":[100],"t":180}]}},"ef":[],"shapes":[{"ty":"sh","bm":0,"hd":false,"nm":"","d":1,"ks":{"a":1,"k":[{"o":{"x":0,"y":0},"i":{"x":0.58,"y":1},"s":[{"c":true,"i":[[0,0],[0,-0.05],[0,0],[0,0],[0,0],[-7.88,0]],"o":[[7.88,0],[0,0],[0,0],[0,0],[0.01,-0.05],[0,0]],"v":[[14.29,0],[28.56,0.1],[28.56,0.37],[0,0.37],[0,0.1],[14.29,0]]}],"t":0},{"o":{"x":0,"y":0},"i":{"x":0.58,"y":1},"s":[{"c":true,"i":[[0,0],[0,-7.88],[0,0],[0,0],[0,0],[-7.88,0]],"o":[[7.88,0],[0,0],[0,0],[0,0],[0.01,-7.88],[0,0]],"v":[[14.29,0],[28.56,14.28],[28.56,53.58],[0,53.58],[0,14.28],[14.29,0]]}],"t":60},{"o":{"x":0,"y":0},"i":{"x":0.58,"y":1},"s":[{"c":true,"i":[[0,0],[0,-7.88],[0,0],[0,0],[0,0],[-7.88,0]],"o":[[7.88,0],[0,0],[0,0],[0,0],[0.01,-7.88],[0,0]],"v":[[14.29,0],[28.56,14.28],[28.56,53.58],[0,53.58],[0,14.28],[14.29,0]]}],"t":120},{"s":[{"c":true,"i":[[0,0],[0,-7.88],[0,0],[0,0],[0,0],[-7.88,0]],"o":[[7.88,0],[0,0],[0,0],[0,0],[0.01,-7.88],[0,0]],"v":[[14.29,0],[28.56,14.28],[28.56,53.58],[0,53.58],[0,14.28],[14.29,0]]}],"t":180}]}},{"ty":"fl","bm":0,"hd":false,"nm":"","c":{"a":1,"k":[{"o":{"x":0,"y":0},"i":{"x":0.58,"y":1},"s":[0.902,0.6824,0.3059],"t":0},{"o":{"x":0,"y":0},"i":{"x":0.58,"y":1},"s":[0.902,0.6824,0.3059],"t":60},{"o":{"x":0,"y":0},"i":{"x":0.58,"y":1},"s":[0.902,0.6824,0.3059],"t":120},{"s":[0.902,0.6824,0.3059],"t":180}]},"r":1,"o":{"a":1,"k":[{"o":{"x":0,"y":0},"i":{"x":0.58,"y":1},"s":[100],"t":0},{"o":{"x":0,"y":0},"i":{"x":0.58,"y":1},"s":[100],"t":60},{"o":{"x":0,"y":0},"i":{"x":0.58,"y":1},"s":[100],"t":120},{"s":[100],"t":180}]}}],"ind":14,"parent":8},{"ty":4,"nm":"Group","sr":1,"st":0,"op":181,"ip":0,"hd":false,"ddd":0,"bm":0,"hasMask":false,"ao":0,"ks":{"a":{"a":1,"k":[{"o":{"x":0,"y":0},"i":{"x":0.58,"y":1},"s":[18.37,0.5],"t":0},{"o":{"x":0,"y":0},"i":{"x":0.58,"y":1},"s":[18.37,0.5],"t":60},{"o":{"x":0,"y":0},"i":{"x":0.58,"y":1},"s":[18.37,0.5],"t":120},{"s":[18.38,72.48],"t":180}]},"s":{"a":1,"k":[{"o":{"x":0,"y":0},"i":{"x":0.58,"y":1},"s":[100,100],"t":0},{"o":{"x":0,"y":0},"i":{"x":0.58,"y":1},"s":[100,100],"t":60},{"o":{"x":0,"y":0},"i":{"x":0.58,"y":1},"s":[100,100],"t":120},{"s":[100,100],"t":180}]},"sk":{"a":0,"k":0},"p":{"a":1,"k":[{"o":{"x":0,"y":0},"i":{"x":0.58,"y":1},"s":[18.37,144.5],"t":0},{"o":{"x":0,"y":0},"i":{"x":0.58,"y":1},"s":[18.37,144.5],"t":60},{"o":{"x":0,"y":0},"i":{"x":0.58,"y":1},"s":[18.37,144.5],"t":120},{"s":[18.38,72.48],"t":180}]},"r":{"a":1,"k":[{"o":{"x":0,"y":0},"i":{"x":0.58,"y":1},"s":[0],"t":0},{"o":{"x":0,"y":0},"i":{"x":0.58,"y":1},"s":[0],"t":60},{"o":{"x":0,"y":0},"i":{"x":0.58,"y":1},"s":[0],"t":120},{"s":[0],"t":180}]},"sa":{"a":0,"k":0},"o":{"a":1,"k":[{"o":{"x":0,"y":0},"i":{"x":0.58,"y":1},"s":[100],"t":0},{"o":{"x":0,"y":0},"i":{"x":0.58,"y":1},"s":[100],"t":60},{"o":{"x":0,"y":0},"i":{"x":0.58,"y":1},"s":[100],"t":120},{"s":[100],"t":180}]}},"ef":[],"shapes":[],"ind":15},{"ty":4,"nm":"Vector","sr":1,"st":0,"op":181,"ip":0,"hd":false,"ddd":0,"bm":0,"hasMask":false,"ao":0,"ks":{"a":{"a":1,"k":[{"o":{"x":0,"y":0},"i":{"x":0.58,"y":1},"s":[1.3,0.3],"t":0},{"o":{"x":0,"y":0},"i":{"x":0.58,"y":1},"s":[1.3,0.3],"t":60},{"o":{"x":0,"y":0},"i":{"x":0.58,"y":1},"s":[1.3,0.3],"t":120},{"s":[1.3,44.16],"t":180}]},"s":{"a":1,"k":[{"o":{"x":0,"y":0},"i":{"x":0.58,"y":1},"s":[100,100],"t":0},{"o":{"x":0,"y":0},"i":{"x":0.58,"y":1},"s":[100,100],"t":60},{"o":{"x":0,"y":0},"i":{"x":0.58,"y":1},"s":[100,100],"t":120},{"s":[100,100],"t":180}]},"sk":{"a":0,"k":0},"p":{"a":1,"k":[{"o":{"x":0,"y":0},"i":{"x":0.58,"y":1},"s":[18.43,0.69],"t":0},{"o":{"x":0,"y":0},"i":{"x":0.58,"y":1},"s":[18.43,0.69],"t":60},{"o":{"x":0,"y":0},"i":{"x":0.58,"y":1},"s":[18.43,0.69],"t":120},{"s":[18.43,100.8],"t":180}]},"r":{"a":1,"k":[{"o":{"x":0,"y":0},"i":{"x":0.58,"y":1},"s":[0],"t":0},{"o":{"x":0,"y":0},"i":{"x":0.58,"y":1},"s":[0],"t":60},{"o":{"x":0,"y":0},"i":{"x":0.58,"y":1},"s":[0],"t":120},{"s":[0],"t":180}]},"sa":{"a":0,"k":0},"o":{"a":1,"k":[{"o":{"x":0,"y":0},"i":{"x":0.58,"y":1},"s":[100],"t":0},{"o":{"x":0,"y":0},"i":{"x":0.58,"y":1},"s":[100],"t":60},{"o":{"x":0,"y":0},"i":{"x":0.58,"y":1},"s":[100],"t":120},{"s":[100],"t":180}]}},"ef":[],"shapes":[{"ty":"sh","bm":0,"hd":false,"nm":"","d":1,"ks":{"a":1,"k":[{"o":{"x":0,"y":0},"i":{"x":0.58,"y":1},"s":[{"c":true,"i":[[0,0],[0,0],[0,0],[0,0],[0,0]],"o":[[0,0],[0,0],[0,0],[0,0],[0,0]],"v":[[0,0],[2.6,0],[2.6,0.6],[0,0.6],[0,0]]}],"t":0},{"o":{"x":0,"y":0},"i":{"x":0.58,"y":1},"s":[{"c":true,"i":[[0,0],[0,0],[0,0],[0,0],[0,0]],"o":[[0,0],[0,0],[0,0],[0,0],[0,0]],"v":[[0,0],[2.6,0],[2.6,0.6],[0,0.6],[0,0]]}],"t":60},{"o":{"x":0,"y":0},"i":{"x":0.58,"y":1},"s":[{"c":true,"i":[[0,0],[0,0],[0,0],[0,0],[0,0]],"o":[[0,0],[0,0],[0,0],[0,0],[0,0]],"v":[[0,0],[2.6,0],[2.6,0.6],[0,0.6],[0,0]]}],"t":120},{"s":[{"c":true,"i":[[0,0],[0,0],[0,0],[0,0],[0,0]],"o":[[0,0],[0,0],[0,0],[0,0],[0,0]],"v":[[0,0],[2.6,0],[2.6,88.32],[0,88.32],[0,0]]}],"t":180}]}},{"ty":"fl","bm":0,"hd":false,"nm":"","c":{"a":1,"k":[{"o":{"x":0,"y":0},"i":{"x":0.58,"y":1},"s":[0.3255,0.4745,0.4942],"t":0},{"o":{"x":0,"y":0},"i":{"x":0.58,"y":1},"s":[0.3255,0.4745,0.4942],"t":60},{"o":{"x":0,"y":0},"i":{"x":0.58,"y":1},"s":[0.3255,0.4745,0.4942],"t":120},{"s":[0.3255,0.4745,0.4942],"t":180}]},"r":1,"o":{"a":1,"k":[{"o":{"x":0,"y":0},"i":{"x":0.58,"y":1},"s":[100],"t":0},{"o":{"x":0,"y":0},"i":{"x":0.58,"y":1},"s":[100],"t":60},{"o":{"x":0,"y":0},"i":{"x":0.58,"y":1},"s":[100],"t":120},{"s":[100],"t":180}]}}],"ind":16,"parent":15},{"ty":4,"nm":"Vector","sr":1,"st":0,"op":181,"ip":0,"hd":false,"ddd":0,"bm":0,"hasMask":false,"ao":0,"ks":{"a":{"a":1,"k":[{"o":{"x":0,"y":0},"i":{"x":0.58,"y":1},"s":[8.96,0.11],"t":0},{"o":{"x":0,"y":0},"i":{"x":0.58,"y":1},"s":[8.96,0.11],"t":60},{"o":{"x":0,"y":0},"i":{"x":0.58,"y":1},"s":[8.96,0.11],"t":120},{"s":[8.96,16.72],"t":180}]},"s":{"a":1,"k":[{"o":{"x":0,"y":0},"i":{"x":0.58,"y":1},"s":[100,100],"t":0},{"o":{"x":0,"y":0},"i":{"x":0.58,"y":1},"s":[100,100],"t":60},{"o":{"x":0,"y":0},"i":{"x":0.58,"y":1},"s":[100,100],"t":120},{"s":[100,100],"t":180}]},"sk":{"a":0,"k":0},"p":{"a":1,"k":[{"o":{"x":0,"y":0},"i":{"x":0.58,"y":1},"s":[26.88,0.6],"t":0},{"o":{"x":0,"y":0},"i":{"x":0.58,"y":1},"s":[26.88,0.6],"t":60},{"o":{"x":0,"y":0},"i":{"x":0.58,"y":1},"s":[26.88,0.6],"t":120},{"s":[26.88,87.52],"t":180}]},"r":{"a":1,"k":[{"o":{"x":0,"y":0},"i":{"x":0.58,"y":1},"s":[0],"t":0},{"o":{"x":0,"y":0},"i":{"x":0.58,"y":1},"s":[0],"t":60},{"o":{"x":0,"y":0},"i":{"x":0.58,"y":1},"s":[0],"t":120},{"s":[0],"t":180}]},"sa":{"a":0,"k":0},"o":{"a":1,"k":[{"o":{"x":0,"y":0},"i":{"x":0.58,"y":1},"s":[100],"t":0},{"o":{"x":0,"y":0},"i":{"x":0.58,"y":1},"s":[100],"t":60},{"o":{"x":0,"y":0},"i":{"x":0.58,"y":1},"s":[100],"t":120},{"s":[100],"t":180}]}},"ef":[],"shapes":[{"ty":"sh","bm":0,"hd":false,"nm":"","d":1,"ks":{"a":1,"k":[{"o":{"x":0,"y":0},"i":{"x":0.58,"y":1},"s":[{"c":true,"i":[[0,0],[0,0],[9.9,0],[0,0],[-9.9,0]],"o":[[0,0],[0,0.07],[0,0],[0,-0.07],[0,0]],"v":[[17.93,0],[17.93,0.11],[0,0.23],[0,0.12],[17.93,0]]}],"t":0},{"o":{"x":0,"y":0},"i":{"x":0.58,"y":1},"s":[{"c":true,"i":[[0,0],[0,0],[9.9,0],[0,0],[-9.9,0]],"o":[[0,0],[0,0.07],[0,0],[0,-0.07],[0,0]],"v":[[17.93,0],[17.93,0.11],[0,0.23],[0,0.12],[17.93,0]]}],"t":60},{"o":{"x":0,"y":0},"i":{"x":0.58,"y":1},"s":[{"c":true,"i":[[0,0],[0,0],[9.9,0],[0,0],[-9.9,0]],"o":[[0,0],[0,0.07],[0,0],[0,-0.07],[0,0]],"v":[[17.93,0],[17.93,0.11],[0,0.23],[0,0.12],[17.93,0]]}],"t":120},{"s":[{"c":true,"i":[[0,0],[0,0],[9.9,0],[0,0],[-9.9,0]],"o":[[0,0],[0,9.89],[0,0],[0,-9.89],[0,0]],"v":[[17.93,0],[17.93,15.52],[0,33.45],[0,17.93],[17.93,0]]}],"t":180}]}},{"ty":"fl","bm":0,"hd":false,"nm":"","c":{"a":1,"k":[{"o":{"x":0,"y":0},"i":{"x":0.58,"y":1},"s":[0.451,0.5687,0.5765],"t":0},{"o":{"x":0,"y":0},"i":{"x":0.58,"y":1},"s":[0.451,0.5687,0.5765],"t":60},{"o":{"x":0,"y":0},"i":{"x":0.58,"y":1},"s":[0.451,0.5687,0.5765],"t":120},{"s":[0.451,0.5687,0.5765],"t":180}]},"r":1,"o":{"a":1,"k":[{"o":{"x":0,"y":0},"i":{"x":0.58,"y":1},"s":[100],"t":0},{"o":{"x":0,"y":0},"i":{"x":0.58,"y":1},"s":[100],"t":60},{"o":{"x":0,"y":0},"i":{"x":0.58,"y":1},"s":[100],"t":120},{"s":[100],"t":180}]}}],"ind":17,"parent":15},{"ty":4,"nm":"Vector","sr":1,"st":0,"op":181,"ip":0,"hd":false,"ddd":0,"bm":0,"hasMask":false,"ao":0,"ks":{"a":{"a":1,"k":[{"o":{"x":0,"y":0},"i":{"x":0.58,"y":1},"s":[8.97,0.11],"t":0},{"o":{"x":0,"y":0},"i":{"x":0.58,"y":1},"s":[8.97,0.11],"t":60},{"o":{"x":0,"y":0},"i":{"x":0.58,"y":1},"s":[8.97,0.11],"t":120},{"s":[8.97,16.72],"t":180}]},"s":{"a":1,"k":[{"o":{"x":0,"y":0},"i":{"x":0.58,"y":1},"s":[100,100],"t":0},{"o":{"x":0,"y":0},"i":{"x":0.58,"y":1},"s":[100,100],"t":60},{"o":{"x":0,"y":0},"i":{"x":0.58,"y":1},"s":[100,100],"t":120},{"s":[100,100],"t":180}]},"sk":{"a":0,"k":0},"p":{"a":1,"k":[{"o":{"x":0,"y":0},"i":{"x":0.58,"y":1},"s":[27.78,0.36],"t":0},{"o":{"x":0,"y":0},"i":{"x":0.58,"y":1},"s":[27.78,0.36],"t":60},{"o":{"x":0,"y":0},"i":{"x":0.58,"y":1},"s":[27.78,0.36],"t":120},{"s":[27.79,52.12],"t":180}]},"r":{"a":1,"k":[{"o":{"x":0,"y":0},"i":{"x":0.58,"y":1},"s":[0],"t":0},{"o":{"x":0,"y":0},"i":{"x":0.58,"y":1},"s":[0],"t":60},{"o":{"x":0,"y":0},"i":{"x":0.58,"y":1},"s":[0],"t":120},{"s":[0],"t":180}]},"sa":{"a":0,"k":0},"o":{"a":1,"k":[{"o":{"x":0,"y":0},"i":{"x":0.58,"y":1},"s":[100],"t":0},{"o":{"x":0,"y":0},"i":{"x":0.58,"y":1},"s":[100],"t":60},{"o":{"x":0,"y":0},"i":{"x":0.58,"y":1},"s":[100],"t":120},{"s":[100],"t":180}]}},"ef":[],"shapes":[{"ty":"sh","bm":0,"hd":false,"nm":"","d":1,"ks":{"a":1,"k":[{"o":{"x":0,"y":0},"i":{"x":0.58,"y":1},"s":[{"c":true,"i":[[0,0],[0,0],[9.9,0],[0,0],[-9.9,0]],"o":[[0,0],[0,0.07],[0,0],[0,-0.07],[0,0]],"v":[[17.93,0],[17.93,0.11],[0,0.23],[0,0.12],[17.93,0]]}],"t":0},{"o":{"x":0,"y":0},"i":{"x":0.58,"y":1},"s":[{"c":true,"i":[[0,0],[0,0],[9.9,0],[0,0],[-9.9,0]],"o":[[0,0],[0,0.07],[0,0],[0,-0.07],[0,0]],"v":[[17.93,0],[17.93,0.11],[0,0.23],[0,0.12],[17.93,0]]}],"t":60},{"o":{"x":0,"y":0},"i":{"x":0.58,"y":1},"s":[{"c":true,"i":[[0,0],[0,0],[9.9,0],[0,0],[-9.9,0]],"o":[[0,0],[0,0.07],[0,0],[0,-0.07],[0,0]],"v":[[17.93,0],[17.93,0.11],[0,0.23],[0,0.12],[17.93,0]]}],"t":120},{"s":[{"c":true,"i":[[0,0],[0,0],[9.9,0],[0,0],[-9.9,0]],"o":[[0,0],[0,9.89],[0,0],[0,-9.89],[0,0]],"v":[[17.93,0],[17.93,15.52],[0,33.45],[0,17.93],[17.93,0]]}],"t":180}]}},{"ty":"fl","bm":0,"hd":false,"nm":"","c":{"a":1,"k":[{"o":{"x":0,"y":0},"i":{"x":0.58,"y":1},"s":[0.3255,0.4745,0.4942],"t":0},{"o":{"x":0,"y":0},"i":{"x":0.58,"y":1},"s":[0.3255,0.4745,0.4942],"t":60},{"o":{"x":0,"y":0},"i":{"x":0.58,"y":1},"s":[0.3255,0.4745,0.4942],"t":120},{"s":[0.3255,0.4745,0.4942],"t":180}]},"r":1,"o":{"a":1,"k":[{"o":{"x":0,"y":0},"i":{"x":0.58,"y":1},"s":[100],"t":0},{"o":{"x":0,"y":0},"i":{"x":0.58,"y":1},"s":[100],"t":60},{"o":{"x":0,"y":0},"i":{"x":0.58,"y":1},"s":[100],"t":120},{"s":[100],"t":180}]}}],"ind":18,"parent":15},{"ty":4,"nm":"Vector","sr":1,"st":0,"op":181,"ip":0,"hd":false,"ddd":0,"bm":0,"hasMask":false,"ao":0,"ks":{"a":{"a":1,"k":[{"o":{"x":0,"y":0},"i":{"x":0.58,"y":1},"s":[8.97,0.11],"t":0},{"o":{"x":0,"y":0},"i":{"x":0.58,"y":1},"s":[8.97,0.11],"t":60},{"o":{"x":0,"y":0},"i":{"x":0.58,"y":1},"s":[8.97,0.11],"t":120},{"s":[8.97,16.72],"t":180}]},"s":{"a":1,"k":[{"o":{"x":0,"y":0},"i":{"x":0.58,"y":1},"s":[100,100],"t":0},{"o":{"x":0,"y":0},"i":{"x":0.58,"y":1},"s":[100,100],"t":60},{"o":{"x":0,"y":0},"i":{"x":0.58,"y":1},"s":[100,100],"t":120},{"s":[100,100],"t":180}]},"sk":{"a":0,"k":0},"p":{"a":1,"k":[{"o":{"x":0,"y":0},"i":{"x":0.58,"y":1},"s":[8.97,0.79],"t":0},{"o":{"x":0,"y":0},"i":{"x":0.58,"y":1},"s":[8.97,0.79],"t":60},{"o":{"x":0,"y":0},"i":{"x":0.58,"y":1},"s":[8.97,0.79],"t":120},{"s":[8.97,115.91],"t":180}]},"r":{"a":1,"k":[{"o":{"x":0,"y":0},"i":{"x":0.58,"y":1},"s":[0],"t":0},{"o":{"x":0,"y":0},"i":{"x":0.58,"y":1},"s":[0],"t":60},{"o":{"x":0,"y":0},"i":{"x":0.58,"y":1},"s":[0],"t":120},{"s":[0],"t":180}]},"sa":{"a":0,"k":0},"o":{"a":1,"k":[{"o":{"x":0,"y":0},"i":{"x":0.58,"y":1},"s":[100],"t":0},{"o":{"x":0,"y":0},"i":{"x":0.58,"y":1},"s":[100],"t":60},{"o":{"x":0,"y":0},"i":{"x":0.58,"y":1},"s":[100],"t":120},{"s":[100],"t":180}]}},"ef":[],"shapes":[{"ty":"sh","bm":0,"hd":false,"nm":"","d":1,"ks":{"a":1,"k":[{"o":{"x":0,"y":0},"i":{"x":0.58,"y":1},"s":[{"c":true,"i":[[0,0],[0,-0.07],[0,0],[0,0.07],[0,0]],"o":[[9.89,0],[0,0],[-9.9,0],[0,0],[0,0]],"v":[[0,0],[17.93,0.12],[17.93,0.23],[0,0.11],[0,0]]}],"t":0},{"o":{"x":0,"y":0},"i":{"x":0.58,"y":1},"s":[{"c":true,"i":[[0,0],[0,-0.07],[0,0],[0,0.07],[0,0]],"o":[[9.89,0],[0,0],[-9.9,0],[0,0],[0,0]],"v":[[0,0],[17.93,0.12],[17.93,0.23],[0,0.11],[0,0]]}],"t":60},{"o":{"x":0,"y":0},"i":{"x":0.58,"y":1},"s":[{"c":true,"i":[[0,0],[0,-0.07],[0,0],[0,0.07],[0,0]],"o":[[9.89,0],[0,0],[-9.9,0],[0,0],[0,0]],"v":[[0,0],[17.93,0.12],[17.93,0.23],[0,0.11],[0,0]]}],"t":120},{"s":[{"c":true,"i":[[0,0],[0,-9.9],[0,0],[0,9.89],[0,0]],"o":[[9.89,0],[0,0],[-9.9,-0.01],[0,0],[0,0]],"v":[[0,0],[17.93,17.93],[17.93,33.45],[0,15.52],[0,0]]}],"t":180}]}},{"ty":"fl","bm":0,"hd":false,"nm":"","c":{"a":1,"k":[{"o":{"x":0,"y":0},"i":{"x":0.58,"y":1},"s":[0.451,0.5687,0.5765],"t":0},{"o":{"x":0,"y":0},"i":{"x":0.58,"y":1},"s":[0.451,0.5687,0.5765],"t":60},{"o":{"x":0,"y":0},"i":{"x":0.58,"y":1},"s":[0.451,0.5687,0.5765],"t":120},{"s":[0.451,0.5687,0.5765],"t":180}]},"r":1,"o":{"a":1,"k":[{"o":{"x":0,"y":0},"i":{"x":0.58,"y":1},"s":[100],"t":0},{"o":{"x":0,"y":0},"i":{"x":0.58,"y":1},"s":[100],"t":60},{"o":{"x":0,"y":0},"i":{"x":0.58,"y":1},"s":[100],"t":120},{"s":[100],"t":180}]}}],"ind":19,"parent":15},{"ty":4,"nm":"Vector","sr":1,"st":0,"op":181,"ip":0,"hd":false,"ddd":0,"bm":0,"hasMask":false,"ao":0,"ks":{"a":{"a":1,"k":[{"o":{"x":0,"y":0},"i":{"x":0.58,"y":1},"s":[8.97,0.11],"t":0},{"o":{"x":0,"y":0},"i":{"x":0.58,"y":1},"s":[8.97,0.11],"t":60},{"o":{"x":0,"y":0},"i":{"x":0.58,"y":1},"s":[8.97,0.11],"t":120},{"s":[8.97,16.72],"t":180}]},"s":{"a":1,"k":[{"o":{"x":0,"y":0},"i":{"x":0.58,"y":1},"s":[100,100],"t":0},{"o":{"x":0,"y":0},"i":{"x":0.58,"y":1},"s":[100,100],"t":60},{"o":{"x":0,"y":0},"i":{"x":0.58,"y":1},"s":[100,100],"t":120},{"s":[100,100],"t":180}]},"sk":{"a":0,"k":0},"p":{"a":1,"k":[{"o":{"x":0,"y":0},"i":{"x":0.58,"y":1},"s":[9.86,0.36],"t":0},{"o":{"x":0,"y":0},"i":{"x":0.58,"y":1},"s":[9.86,0.36],"t":60},{"o":{"x":0,"y":0},"i":{"x":0.58,"y":1},"s":[9.86,0.36],"t":120},{"s":[9.87,52.12],"t":180}]},"r":{"a":1,"k":[{"o":{"x":0,"y":0},"i":{"x":0.58,"y":1},"s":[0],"t":0},{"o":{"x":0,"y":0},"i":{"x":0.58,"y":1},"s":[0],"t":60},{"o":{"x":0,"y":0},"i":{"x":0.58,"y":1},"s":[0],"t":120},{"s":[0],"t":180}]},"sa":{"a":0,"k":0},"o":{"a":1,"k":[{"o":{"x":0,"y":0},"i":{"x":0.58,"y":1},"s":[100],"t":0},{"o":{"x":0,"y":0},"i":{"x":0.58,"y":1},"s":[100],"t":60},{"o":{"x":0,"y":0},"i":{"x":0.58,"y":1},"s":[100],"t":120},{"s":[100],"t":180}]}},"ef":[],"shapes":[{"ty":"sh","bm":0,"hd":false,"nm":"","d":1,"ks":{"a":1,"k":[{"o":{"x":0,"y":0},"i":{"x":0.58,"y":1},"s":[{"c":true,"i":[[0,0],[0,-0.07],[0,0],[0,0.07],[0,0]],"o":[[9.89,0],[0,0],[-9.89,0],[0,0],[0,0]],"v":[[0,0],[17.93,0.12],[17.93,0.23],[0,0.11],[0,0]]}],"t":0},{"o":{"x":0,"y":0},"i":{"x":0.58,"y":1},"s":[{"c":true,"i":[[0,0],[0,-0.07],[0,0],[0,0.07],[0,0]],"o":[[9.89,0],[0,0],[-9.89,0],[0,0],[0,0]],"v":[[0,0],[17.93,0.12],[17.93,0.23],[0,0.11],[0,0]]}],"t":60},{"o":{"x":0,"y":0},"i":{"x":0.58,"y":1},"s":[{"c":true,"i":[[0,0],[0,-0.07],[0,0],[0,0.07],[0,0]],"o":[[9.89,0],[0,0],[-9.89,0],[0,0],[0,0]],"v":[[0,0],[17.93,0.12],[17.93,0.23],[0,0.11],[0,0]]}],"t":120},{"s":[{"c":true,"i":[[0,0],[0,-9.9],[0,0],[0,9.9],[0,0]],"o":[[9.89,0],[0,0],[-9.89,0],[0,0],[0,0]],"v":[[0,0],[17.93,17.93],[17.93,33.45],[0,15.52],[0,0]]}],"t":180}]}},{"ty":"fl","bm":0,"hd":false,"nm":"","c":{"a":1,"k":[{"o":{"x":0,"y":0},"i":{"x":0.58,"y":1},"s":[0.3255,0.4745,0.4942],"t":0},{"o":{"x":0,"y":0},"i":{"x":0.58,"y":1},"s":[0.3255,0.4745,0.4942],"t":60},{"o":{"x":0,"y":0},"i":{"x":0.58,"y":1},"s":[0.3255,0.4745,0.4942],"t":120},{"s":[0.3255,0.4745,0.4942],"t":180}]},"r":1,"o":{"a":1,"k":[{"o":{"x":0,"y":0},"i":{"x":0.58,"y":1},"s":[100],"t":0},{"o":{"x":0,"y":0},"i":{"x":0.58,"y":1},"s":[100],"t":60},{"o":{"x":0,"y":0},"i":{"x":0.58,"y":1},"s":[100],"t":120},{"s":[100],"t":180}]}}],"ind":20,"parent":15},{"ty":4,"nm":"Vector","sr":1,"st":0,"op":181,"ip":0,"hd":false,"ddd":0,"bm":0,"hasMask":false,"ao":0,"ks":{"a":{"a":1,"k":[{"o":{"x":0,"y":0},"i":{"x":0.58,"y":1},"s":[14.28,0.18],"t":0},{"o":{"x":0,"y":0},"i":{"x":0.58,"y":1},"s":[14.28,0.18],"t":60},{"o":{"x":0,"y":0},"i":{"x":0.58,"y":1},"s":[14.28,0.18],"t":120},{"s":[14.28,26.78],"t":180}]},"s":{"a":1,"k":[{"o":{"x":0,"y":0},"i":{"x":0.58,"y":1},"s":[100,100],"t":0},{"o":{"x":0,"y":0},"i":{"x":0.58,"y":1},"s":[100,100],"t":60},{"o":{"x":0,"y":0},"i":{"x":0.58,"y":1},"s":[100,100],"t":120},{"s":[100,100],"t":180}]},"sk":{"a":0,"k":0},"p":{"a":1,"k":[{"o":{"x":0,"y":0},"i":{"x":0.58,"y":1},"s":[18.83,0.18],"t":0},{"o":{"x":0,"y":0},"i":{"x":0.58,"y":1},"s":[18.83,0.18],"t":60},{"o":{"x":0,"y":0},"i":{"x":0.58,"y":1},"s":[18.83,0.18],"t":120},{"s":[18.83,26.78],"t":180}]},"r":{"a":1,"k":[{"o":{"x":0,"y":0},"i":{"x":0.58,"y":1},"s":[0],"t":0},{"o":{"x":0,"y":0},"i":{"x":0.58,"y":1},"s":[0],"t":60},{"o":{"x":0,"y":0},"i":{"x":0.58,"y":1},"s":[0],"t":120},{"s":[0],"t":180}]},"sa":{"a":0,"k":0},"o":{"a":1,"k":[{"o":{"x":0,"y":0},"i":{"x":0.58,"y":1},"s":[100],"t":0},{"o":{"x":0,"y":0},"i":{"x":0.58,"y":1},"s":[100],"t":60},{"o":{"x":0,"y":0},"i":{"x":0.58,"y":1},"s":[100],"t":120},{"s":[100],"t":180}]}},"ef":[],"shapes":[{"ty":"sh","bm":0,"hd":false,"nm":"","d":1,"ks":{"a":1,"k":[{"o":{"x":0,"y":0},"i":{"x":0.58,"y":1},"s":[{"c":true,"i":[[0,0],[0,-0.05],[0,0],[0,0],[0,0],[-7.88,0]],"o":[[7.88,0],[0,0],[0,0],[0,0],[0,-0.05],[0,0]],"v":[[14.28,0],[28.56,0.1],[28.56,0.37],[0,0.37],[0,0.1],[14.28,0]]}],"t":0},{"o":{"x":0,"y":0},"i":{"x":0.58,"y":1},"s":[{"c":true,"i":[[0,0],[0,-0.05],[0,0],[0,0],[0,0],[-7.88,0]],"o":[[7.88,0],[0,0],[0,0],[0,0],[0,-0.05],[0,0]],"v":[[14.28,0],[28.56,0.1],[28.56,0.37],[0,0.37],[0,0.1],[14.28,0]]}],"t":60},{"o":{"x":0,"y":0},"i":{"x":0.58,"y":1},"s":[{"c":true,"i":[[0,0],[0,-0.05],[0,0],[0,0],[0,0],[-7.88,0]],"o":[[7.88,0],[0,0],[0,0],[0,0],[0,-0.05],[0,0]],"v":[[14.28,0],[28.56,0.1],[28.56,0.37],[0,0.37],[0,0.1],[14.28,0]]}],"t":120},{"s":[{"c":true,"i":[[0,0],[0,-7.88],[0,0],[0,0],[0,0],[-7.88,0]],"o":[[7.88,0],[0,0],[0,0],[0,0],[0,-7.88],[0,0]],"v":[[14.28,0],[28.56,14.28],[28.56,53.57],[0,53.57],[0,14.28],[14.28,0]]}],"t":180}]}},{"ty":"fl","bm":0,"hd":false,"nm":"","c":{"a":1,"k":[{"o":{"x":0,"y":0},"i":{"x":0.58,"y":1},"s":[0.902,0.6824,0.3059],"t":0},{"o":{"x":0,"y":0},"i":{"x":0.58,"y":1},"s":[0.902,0.6824,0.3059],"t":60},{"o":{"x":0,"y":0},"i":{"x":0.58,"y":1},"s":[0.902,0.6824,0.3059],"t":120},{"s":[0.902,0.6824,0.3059],"t":180}]},"r":1,"o":{"a":1,"k":[{"o":{"x":0,"y":0},"i":{"x":0.58,"y":1},"s":[100],"t":0},{"o":{"x":0,"y":0},"i":{"x":0.58,"y":1},"s":[100],"t":60},{"o":{"x":0,"y":0},"i":{"x":0.58,"y":1},"s":[100],"t":120},{"s":[100],"t":180}]}}],"ind":21,"parent":15},{"ty":4,"nm":"Mais Bg","sr":1,"st":0,"op":181,"ip":0,"hd":false,"ddd":0,"bm":0,"hasMask":false,"ao":0,"ks":{"a":{"a":1,"k":[{"o":{"x":0,"y":0},"i":{"x":0.58,"y":1},"s":[63.46,72.5],"t":0},{"o":{"x":0,"y":0},"i":{"x":0.58,"y":1},"s":[63.46,72.5],"t":60},{"o":{"x":0,"y":0},"i":{"x":0.58,"y":1},"s":[63.46,72.5],"t":120},{"s":[63.46,72.5],"t":180}]},"s":{"a":1,"k":[{"o":{"x":0,"y":0},"i":{"x":0.58,"y":1},"s":[100,100],"t":0},{"o":{"x":0,"y":0},"i":{"x":0.58,"y":1},"s":[100,100],"t":60},{"o":{"x":0,"y":0},"i":{"x":0.58,"y":1},"s":[100,100],"t":120},{"s":[100,100],"t":180}]},"sk":{"a":0,"k":0},"p":{"a":1,"k":[{"o":{"x":0,"y":0},"i":{"x":0.58,"y":1},"s":[63.46,72.5],"t":0},{"o":{"x":0,"y":0},"i":{"x":0.58,"y":1},"s":[63.46,72.5],"t":60},{"o":{"x":0,"y":0},"i":{"x":0.58,"y":1},"s":[63.46,72.5],"t":120},{"s":[63.46,72.5],"t":180}]},"r":{"a":1,"k":[{"o":{"x":0,"y":0},"i":{"x":0.58,"y":1},"s":[0],"t":0},{"o":{"x":0,"y":0},"i":{"x":0.58,"y":1},"s":[0],"t":60},{"o":{"x":0,"y":0},"i":{"x":0.58,"y":1},"s":[0],"t":120},{"s":[0],"t":180}]},"sa":{"a":0,"k":0},"o":{"a":1,"k":[{"o":{"x":0,"y":0},"i":{"x":0.58,"y":1},"s":[100],"t":0},{"o":{"x":0,"y":0},"i":{"x":0.58,"y":1},"s":[100],"t":60},{"o":{"x":0,"y":0},"i":{"x":0.58,"y":1},"s":[100],"t":120},{"s":[100],"t":180}]}},"ef":[],"shapes":[{"ty":"sh","bm":0,"hd":false,"nm":"","d":1,"ks":{"a":1,"k":[{"o":{"x":0,"y":0},"i":{"x":0.58,"y":1},"s":[{"c":true,"i":[[0,0],[0,0],[0,0],[0,0]],"o":[[0,0],[0,0],[0,0],[0,0]],"v":[[0,0],[126.91,0],[126.91,144.99],[0,144.99]]}],"t":0},{"o":{"x":0,"y":0},"i":{"x":0.58,"y":1},"s":[{"c":true,"i":[[0,0],[0,0],[0,0],[0,0]],"o":[[0,0],[0,0],[0,0],[0,0]],"v":[[0,0],[126.91,0],[126.91,144.99],[0,144.99]]}],"t":60},{"o":{"x":0,"y":0},"i":{"x":0.58,"y":1},"s":[{"c":true,"i":[[0,0],[0,0],[0,0],[0,0]],"o":[[0,0],[0,0],[0,0],[0,0]],"v":[[0,0],[126.91,0],[126.91,144.99],[0,144.99]]}],"t":120},{"s":[{"c":true,"i":[[0,0],[0,0],[0,0],[0,0]],"o":[[0,0],[0,0],[0,0],[0,0]],"v":[[0,0],[126.91,0],[126.91,144.99],[0,144.99]]}],"t":180}]}},{"ty":"fl","bm":0,"hd":false,"nm":"","c":{"a":1,"k":[{"o":{"x":0,"y":0},"i":{"x":0.58,"y":1},"s":[1,1,1],"t":0},{"o":{"x":0,"y":0},"i":{"x":0.58,"y":1},"s":[1,1,1],"t":60},{"o":{"x":0,"y":0},"i":{"x":0.58,"y":1},"s":[1,1,1],"t":120},{"s":[1,1,1],"t":180}]},"r":1,"o":{"a":1,"k":[{"o":{"x":0,"y":0},"i":{"x":0.58,"y":1},"s":[0],"t":0},{"o":{"x":0,"y":0},"i":{"x":0.58,"y":1},"s":[0],"t":60},{"o":{"x":0,"y":0},"i":{"x":0.58,"y":1},"s":[0],"t":120},{"s":[0],"t":180}]}}],"ind":22}]}]}