{"nm":"Frame 41","ddd":0,"h":142.65,"w":139.84,"meta":{"g":"LottieFiles Figma v46"},"layers":[{"ty":0,"nm":"Mode_Isolation","sr":1,"st":0,"op":121,"ip":0,"hd":false,"ddd":0,"bm":0,"hasMask":true,"ao":0,"ks":{"a":{"a":1,"k":[{"o":{"x":0,"y":0},"i":{"x":0.58,"y":1},"s":[69.92,71.32],"t":0},{"o":{"x":0,"y":0},"i":{"x":0.58,"y":1},"s":[69.92,71.32],"t":60},{"s":[69.92,71.32],"t":120}]},"s":{"a":1,"k":[{"o":{"x":0,"y":0},"i":{"x":0.58,"y":1},"s":[100,100],"t":0},{"o":{"x":0,"y":0},"i":{"x":0.58,"y":1},"s":[100,100],"t":60},{"s":[100,100],"t":120}]},"sk":{"a":0,"k":0},"p":{"a":1,"k":[{"o":{"x":0,"y":0},"i":{"x":0.58,"y":1},"s":[69.92,71.32],"t":0},{"o":{"x":0,"y":0},"i":{"x":0.58,"y":1},"s":[69.92,71.32],"t":60},{"s":[69.92,71.32],"t":120}]},"r":{"a":1,"k":[{"o":{"x":0,"y":0},"i":{"x":0.58,"y":1},"s":[0],"t":0},{"o":{"x":0,"y":0},"i":{"x":0.58,"y":1},"s":[0],"t":60},{"s":[0],"t":120}]},"sa":{"a":0,"k":0},"o":{"a":1,"k":[{"o":{"x":0,"y":0},"i":{"x":0.58,"y":1},"s":[100],"t":0},{"o":{"x":0,"y":0},"i":{"x":0.58,"y":1},"s":[100],"t":60},{"s":[100],"t":120}]}},"masksProperties":[{"nm":"","inv":false,"mode":"a","x":{"a":0,"k":0},"o":{"a":0,"k":100},"pt":{"a":1,"k":[{"o":{"x":0,"y":0},"i":{"x":0.58,"y":1},"s":[{"c":true,"i":[[0,0],[0,0],[0,0],[0,0]],"o":[[0,0],[0,0],[0,0],[0,0]],"v":[[0,0],[139.84,0],[139.84,142.65],[0,142.65]]}],"t":0},{"o":{"x":0,"y":0},"i":{"x":0.58,"y":1},"s":[{"c":true,"i":[[0,0],[0,0],[0,0],[0,0]],"o":[[0,0],[0,0],[0,0],[0,0]],"v":[[0,0],[139.84,0],[139.84,142.65],[0,142.65]]}],"t":60},{"s":[{"c":true,"i":[[0,0],[0,0],[0,0],[0,0]],"o":[[0,0],[0,0],[0,0],[0,0]],"v":[[0,0],[139.84,0],[139.84,142.65],[0,142.65]]}],"t":120}]}}],"w":139.84,"h":142.65,"refId":"1","ind":1}],"v":"5.7.0","fr":60,"op":120,"ip":0,"assets":[{"nm":"[Asset] Mode_Isolation","id":"1","layers":[{"ty":4,"nm":"Vector","sr":1,"st":0,"op":121,"ip":0,"hd":false,"ddd":0,"bm":0,"hasMask":false,"ao":0,"ks":{"a":{"a":1,"k":[{"o":{"x":0,"y":0},"i":{"x":0.58,"y":1},"s":[2.83,2.83],"t":0},{"o":{"x":0,"y":0},"i":{"x":0.58,"y":1},"s":[3,1],"t":60},{"s":[2.83,2.83],"t":120}]},"s":{"a":1,"k":[{"o":{"x":0,"y":0},"i":{"x":0.58,"y":1},"s":[100,100],"t":0},{"o":{"x":0,"y":0},"i":{"x":0.58,"y":1},"s":[100,100],"t":60},{"s":[100,100],"t":120}]},"sk":{"a":0,"k":0},"p":{"a":1,"k":[{"o":{"x":0,"y":0},"i":{"x":0.58,"y":1},"s":[32.91,15.04],"t":0},{"o":{"x":0,"y":0},"i":{"x":0.58,"y":1},"s":[33,17],"t":60},{"s":[32.91,15.04],"t":120}]},"r":{"a":1,"k":[{"o":{"x":0,"y":0},"i":{"x":0.58,"y":1},"s":[0],"t":0},{"o":{"x":0,"y":0},"i":{"x":0.58,"y":1},"s":[0],"t":60},{"s":[0],"t":120}]},"sa":{"a":0,"k":0},"o":{"a":1,"k":[{"o":{"x":0,"y":0},"i":{"x":0.58,"y":1},"s":[100],"t":0},{"o":{"x":0,"y":0},"i":{"x":0.58,"y":1},"s":[100],"t":60},{"s":[100],"t":120}]}},"ef":[],"shapes":[{"ty":"sh","bm":0,"hd":false,"nm":"","d":1,"ks":{"a":1,"k":[{"o":{"x":0,"y":0},"i":{"x":0.58,"y":1},"s":[{"c":true,"i":[[0,0],[0,1.56],[1.56,0],[0,-1.56],[-1.56,0]],"o":[[1.56,0],[0,-1.56],[-1.56,0],[0,1.56],[0,0]],"v":[[2.83,5.66],[5.66,2.83],[2.83,0],[0,2.83],[2.83,5.66]]}],"t":0},{"o":{"x":0,"y":0},"i":{"x":0.58,"y":1},"s":[{"c":true,"i":[[0,0],[0,0.55],[1.66,0],[0,-0.55],[-1.66,0]],"o":[[1.66,0],[0,-0.55],[-1.66,0],[0,0.55],[0,0]],"v":[[3,2],[6,1],[3,0],[0,1],[3,2]]}],"t":60},{"s":[{"c":true,"i":[[0,0],[0,1.56],[1.56,0],[0,-1.56],[-1.56,0]],"o":[[1.56,0],[0,-1.56],[-1.56,0],[0,1.56],[0,0]],"v":[[2.83,5.66],[5.66,2.83],[2.83,0],[0,2.83],[2.83,5.66]]}],"t":120}]}},{"ty":"fl","bm":0,"hd":false,"nm":"","c":{"a":1,"k":[{"o":{"x":0,"y":0},"i":{"x":0.58,"y":1},"s":[1,0.9922,0.9961],"t":0},{"o":{"x":0,"y":0},"i":{"x":0.58,"y":1},"s":[1,0.9922,0.9961],"t":60},{"s":[1,0.9922,0.9961],"t":120}]},"r":1,"o":{"a":1,"k":[{"o":{"x":0,"y":0},"i":{"x":0.58,"y":1},"s":[100],"t":0},{"o":{"x":0,"y":0},"i":{"x":0.58,"y":1},"s":[100],"t":60},{"s":[100],"t":120}]}}],"ind":1},{"ty":4,"nm":"Vector","sr":1,"st":0,"op":121,"ip":0,"hd":false,"ddd":0,"bm":0,"hasMask":false,"ao":0,"ks":{"a":{"a":1,"k":[{"o":{"x":0,"y":0},"i":{"x":0.58,"y":1},"s":[7.17,14.07],"t":0},{"o":{"x":0,"y":0},"i":{"x":0.58,"y":1},"s":[7.17,14.07],"t":60},{"s":[7.17,14.07],"t":120}]},"s":{"a":1,"k":[{"o":{"x":0,"y":0},"i":{"x":0.58,"y":1},"s":[100,100],"t":0},{"o":{"x":0,"y":0},"i":{"x":0.58,"y":1},"s":[100,100],"t":60},{"s":[100,100],"t":120}]},"sk":{"a":0,"k":0},"p":{"a":1,"k":[{"o":{"x":0,"y":0},"i":{"x":0.58,"y":1},"s":[132.69,128.58],"t":0},{"o":{"x":0,"y":0},"i":{"x":0.58,"y":1},"s":[132.69,128.58],"t":60},{"s":[132.69,128.58],"t":120}]},"r":{"a":1,"k":[{"o":{"x":0,"y":0},"i":{"x":0.58,"y":1},"s":[0],"t":0},{"o":{"x":0,"y":0},"i":{"x":0.58,"y":1},"s":[0],"t":60},{"s":[0],"t":120}]},"sa":{"a":0,"k":0},"o":{"a":1,"k":[{"o":{"x":0,"y":0},"i":{"x":0.58,"y":1},"s":[100],"t":0},{"o":{"x":0,"y":0},"i":{"x":0.58,"y":1},"s":[100],"t":60},{"s":[100],"t":120}]}},"ef":[],"shapes":[{"ty":"sh","bm":0,"hd":false,"nm":"","d":1,"ks":{"a":1,"k":[{"o":{"x":0,"y":0},"i":{"x":0.58,"y":1},"s":[{"c":true,"i":[[0,0],[0,0],[0,0],[0,0],[-0.4,0],[0,0],[0,0]],"o":[[0,0],[0,0],[0,0],[0.39,0.04],[0,0],[0,0],[0,0]],"v":[[14.32,0.05],[14.32,28.14],[0,28.14],[0,0],[1.18,0.05],[14.33,0.05],[14.32,0.05]]}],"t":0},{"o":{"x":0,"y":0},"i":{"x":0.58,"y":1},"s":[{"c":true,"i":[[0,0],[0,0],[0,0],[0,0],[-0.4,0],[0,0],[0,0]],"o":[[0,0],[0,0],[0,0],[0.39,0.04],[0,0],[0,0],[0,0]],"v":[[14.32,0.05],[14.32,28.14],[0,28.14],[0,0],[1.18,0.05],[14.33,0.05],[14.32,0.05]]}],"t":60},{"s":[{"c":true,"i":[[0,0],[0,0],[0,0],[0,0],[-0.4,0],[0,0],[0,0]],"o":[[0,0],[0,0],[0,0],[0.39,0.04],[0,0],[0,0],[0,0]],"v":[[14.32,0.05],[14.32,28.14],[0,28.14],[0,0],[1.18,0.05],[14.33,0.05],[14.32,0.05]]}],"t":120}]}},{"ty":"fl","bm":0,"hd":false,"nm":"","c":{"a":1,"k":[{"o":{"x":0,"y":0},"i":{"x":0.58,"y":1},"s":[0.6471,0.6431,0.6431],"t":0},{"o":{"x":0,"y":0},"i":{"x":0.58,"y":1},"s":[0.6471,0.6431,0.6431],"t":60},{"s":[0.6471,0.6431,0.6431],"t":120}]},"r":1,"o":{"a":1,"k":[{"o":{"x":0,"y":0},"i":{"x":0.58,"y":1},"s":[100],"t":0},{"o":{"x":0,"y":0},"i":{"x":0.58,"y":1},"s":[100],"t":60},{"s":[100],"t":120}]}}],"ind":2},{"ty":4,"nm":"Vector","sr":1,"st":0,"op":121,"ip":0,"hd":false,"ddd":0,"bm":0,"hasMask":false,"ao":0,"ks":{"a":{"a":1,"k":[{"o":{"x":0,"y":0},"i":{"x":0.58,"y":1},"s":[7.01,14.5],"t":0},{"o":{"x":0,"y":0},"i":{"x":0.58,"y":1},"s":[7.01,14.5],"t":60},{"s":[7.01,14.5],"t":120}]},"s":{"a":1,"k":[{"o":{"x":0,"y":0},"i":{"x":0.58,"y":1},"s":[100,100],"t":0},{"o":{"x":0,"y":0},"i":{"x":0.58,"y":1},"s":[100,100],"t":60},{"s":[100,100],"t":120}]},"sk":{"a":0,"k":0},"p":{"a":1,"k":[{"o":{"x":0,"y":0},"i":{"x":0.58,"y":1},"s":[61.2,128.14],"t":0},{"o":{"x":0,"y":0},"i":{"x":0.58,"y":1},"s":[61.2,128.14],"t":60},{"s":[61.2,128.14],"t":120}]},"r":{"a":1,"k":[{"o":{"x":0,"y":0},"i":{"x":0.58,"y":1},"s":[0],"t":0},{"o":{"x":0,"y":0},"i":{"x":0.58,"y":1},"s":[0],"t":60},{"s":[0],"t":120}]},"sa":{"a":0,"k":0},"o":{"a":1,"k":[{"o":{"x":0,"y":0},"i":{"x":0.58,"y":1},"s":[100],"t":0},{"o":{"x":0,"y":0},"i":{"x":0.58,"y":1},"s":[100],"t":60},{"s":[100],"t":120}]}},"ef":[],"shapes":[{"ty":"sh","bm":0,"hd":false,"nm":"","d":1,"ks":{"a":1,"k":[{"o":{"x":0,"y":0},"i":{"x":0.58,"y":1},"s":[{"c":true,"i":[[0,0],[0,0],[0,0],[0,0],[-2,0],[0,0]],"o":[[0,0],[0,0],[0,0],[1.8,0.6],[0,0],[0,0]],"v":[[14.02,0.92],[14.02,29.01],[0,29.01],[0,0],[5.72,0.92],[14.02,0.92]]}],"t":0},{"o":{"x":0,"y":0},"i":{"x":0.58,"y":1},"s":[{"c":true,"i":[[0,0],[0,0],[0,0],[0,0],[-2,0],[0,0]],"o":[[0,0],[0,0],[0,0],[1.8,0.6],[0,0],[0,0]],"v":[[14.02,0.92],[14.02,29.01],[0,29.01],[0,0],[5.72,0.92],[14.02,0.92]]}],"t":60},{"s":[{"c":true,"i":[[0,0],[0,0],[0,0],[0,0],[-2,0],[0,0]],"o":[[0,0],[0,0],[0,0],[1.8,0.6],[0,0],[0,0]],"v":[[14.02,0.92],[14.02,29.01],[0,29.01],[0,0],[5.72,0.92],[14.02,0.92]]}],"t":120}]}},{"ty":"fl","bm":0,"hd":false,"nm":"","c":{"a":1,"k":[{"o":{"x":0,"y":0},"i":{"x":0.58,"y":1},"s":[0.6471,0.6431,0.6431],"t":0},{"o":{"x":0,"y":0},"i":{"x":0.58,"y":1},"s":[0.6471,0.6431,0.6431],"t":60},{"s":[0.6471,0.6431,0.6431],"t":120}]},"r":1,"o":{"a":1,"k":[{"o":{"x":0,"y":0},"i":{"x":0.58,"y":1},"s":[100],"t":0},{"o":{"x":0,"y":0},"i":{"x":0.58,"y":1},"s":[100],"t":60},{"s":[100],"t":120}]}}],"ind":3},{"ty":4,"nm":"Vector","sr":1,"st":0,"op":121,"ip":0,"hd":false,"ddd":0,"bm":0,"hasMask":false,"ao":0,"ks":{"a":{"a":1,"k":[{"o":{"x":0,"y":0},"i":{"x":0.58,"y":1},"s":[5.72,4.75],"t":0},{"o":{"x":0,"y":0},"i":{"x":0.58,"y":1},"s":[5.72,4.75],"t":60},{"s":[5.72,4.75],"t":120}]},"s":{"a":1,"k":[{"o":{"x":0,"y":0},"i":{"x":0.58,"y":1},"s":[100,100],"t":0},{"o":{"x":0,"y":0},"i":{"x":0.58,"y":1},"s":[100,100],"t":60},{"s":[100,100],"t":120}]},"sk":{"a":0,"k":0},"p":{"a":1,"k":[{"o":{"x":0,"y":0},"i":{"x":0.58,"y":1},"s":[125.51,87.01],"t":0},{"o":{"x":0,"y":0},"i":{"x":0.58,"y":1},"s":[125.51,87.01],"t":60},{"s":[125.51,87.01],"t":120}]},"r":{"a":1,"k":[{"o":{"x":0,"y":0},"i":{"x":0.58,"y":1},"s":[0],"t":0},{"o":{"x":0,"y":0},"i":{"x":0.58,"y":1},"s":[0],"t":60},{"s":[0],"t":120}]},"sa":{"a":0,"k":0},"o":{"a":1,"k":[{"o":{"x":0,"y":0},"i":{"x":0.58,"y":1},"s":[100],"t":0},{"o":{"x":0,"y":0},"i":{"x":0.58,"y":1},"s":[100],"t":60},{"s":[100],"t":120}]}},"ef":[],"shapes":[{"ty":"sh","bm":0,"hd":false,"nm":"","d":1,"ks":{"a":1,"k":[{"o":{"x":0,"y":0},"i":{"x":0.58,"y":1},"s":[{"c":true,"i":[[0,0],[-5.66,-0.93],[2.13,-4.97]],"o":[[0.54,-5.55],[-5.5,0.77],[0,0]],"v":[[0,9.5],[11.44,0.12],[0,9.5]]}],"t":0},{"o":{"x":0,"y":0},"i":{"x":0.58,"y":1},"s":[{"c":true,"i":[[0,0],[-5.66,-0.93],[2.13,-4.97]],"o":[[0.54,-5.55],[-5.5,0.77],[0,0]],"v":[[0,9.5],[11.44,0.12],[0,9.5]]}],"t":60},{"s":[{"c":true,"i":[[0,0],[-5.66,-0.93],[2.13,-4.97]],"o":[[0.54,-5.55],[-5.5,0.77],[0,0]],"v":[[0,9.5],[11.44,0.12],[0,9.5]]}],"t":120}]}},{"ty":"fl","bm":0,"hd":false,"nm":"","c":{"a":1,"k":[{"o":{"x":0,"y":0},"i":{"x":0.58,"y":1},"s":[0.9255,0.9255,0.9255],"t":0},{"o":{"x":0,"y":0},"i":{"x":0.58,"y":1},"s":[0.9255,0.9255,0.9255],"t":60},{"s":[0.9255,0.9255,0.9255],"t":120}]},"r":1,"o":{"a":1,"k":[{"o":{"x":0,"y":0},"i":{"x":0.58,"y":1},"s":[100],"t":0},{"o":{"x":0,"y":0},"i":{"x":0.58,"y":1},"s":[100],"t":60},{"s":[100],"t":120}]}}],"ind":4},{"ty":4,"nm":"Vector","sr":1,"st":0,"op":121,"ip":0,"hd":false,"ddd":0,"bm":0,"hasMask":false,"ao":0,"ks":{"a":{"a":1,"k":[{"o":{"x":0,"y":0},"i":{"x":0.58,"y":1},"s":[5.72,4.75],"t":0},{"o":{"x":0,"y":0},"i":{"x":0.58,"y":1},"s":[5.72,4.75],"t":60},{"s":[5.72,4.75],"t":120}]},"s":{"a":1,"k":[{"o":{"x":0,"y":0},"i":{"x":0.58,"y":1},"s":[100,100],"t":0},{"o":{"x":0,"y":0},"i":{"x":0.58,"y":1},"s":[100,100],"t":60},{"s":[100,100],"t":120}]},"sk":{"a":0,"k":0},"p":{"a":1,"k":[{"o":{"x":0,"y":0},"i":{"x":0.58,"y":1},"s":[108.94,65.88],"t":0},{"o":{"x":0,"y":0},"i":{"x":0.58,"y":1},"s":[108.94,65.88],"t":60},{"s":[108.94,65.88],"t":120}]},"r":{"a":1,"k":[{"o":{"x":0,"y":0},"i":{"x":0.58,"y":1},"s":[0],"t":0},{"o":{"x":0,"y":0},"i":{"x":0.58,"y":1},"s":[0],"t":60},{"s":[0],"t":120}]},"sa":{"a":0,"k":0},"o":{"a":1,"k":[{"o":{"x":0,"y":0},"i":{"x":0.58,"y":1},"s":[100],"t":0},{"o":{"x":0,"y":0},"i":{"x":0.58,"y":1},"s":[100],"t":60},{"s":[100],"t":120}]}},"ef":[],"shapes":[{"ty":"sh","bm":0,"hd":false,"nm":"","d":1,"ks":{"a":1,"k":[{"o":{"x":0,"y":0},"i":{"x":0.58,"y":1},"s":[{"c":true,"i":[[0,0],[-5.66,-0.93],[2.13,-4.97]],"o":[[0.54,-5.55],[-5.5,0.77],[0,0]],"v":[[0,9.5],[11.44,0.12],[0,9.5]]}],"t":0},{"o":{"x":0,"y":0},"i":{"x":0.58,"y":1},"s":[{"c":true,"i":[[0,0],[-5.66,-0.93],[2.13,-4.97]],"o":[[0.54,-5.55],[-5.5,0.77],[0,0]],"v":[[0,9.5],[11.44,0.12],[0,9.5]]}],"t":60},{"s":[{"c":true,"i":[[0,0],[-5.66,-0.93],[2.13,-4.97]],"o":[[0.54,-5.55],[-5.5,0.77],[0,0]],"v":[[0,9.5],[11.44,0.12],[0,9.5]]}],"t":120}]}},{"ty":"fl","bm":0,"hd":false,"nm":"","c":{"a":1,"k":[{"o":{"x":0,"y":0},"i":{"x":0.58,"y":1},"s":[0.9255,0.9255,0.9255],"t":0},{"o":{"x":0,"y":0},"i":{"x":0.58,"y":1},"s":[0.9255,0.9255,0.9255],"t":60},{"s":[0.9255,0.9255,0.9255],"t":120}]},"r":1,"o":{"a":1,"k":[{"o":{"x":0,"y":0},"i":{"x":0.58,"y":1},"s":[100],"t":0},{"o":{"x":0,"y":0},"i":{"x":0.58,"y":1},"s":[100],"t":60},{"s":[100],"t":120}]}}],"ind":5},{"ty":4,"nm":"Vector","sr":1,"st":0,"op":121,"ip":0,"hd":false,"ddd":0,"bm":0,"hasMask":false,"ao":0,"ks":{"a":{"a":1,"k":[{"o":{"x":0,"y":0},"i":{"x":0.58,"y":1},"s":[5.72,4.75],"t":0},{"o":{"x":0,"y":0},"i":{"x":0.58,"y":1},"s":[5.72,4.75],"t":60},{"s":[5.72,4.75],"t":120}]},"s":{"a":1,"k":[{"o":{"x":0,"y":0},"i":{"x":0.58,"y":1},"s":[100,100],"t":0},{"o":{"x":0,"y":0},"i":{"x":0.58,"y":1},"s":[100,100],"t":60},{"s":[100,100],"t":120}]},"sk":{"a":0,"k":0},"p":{"a":1,"k":[{"o":{"x":0,"y":0},"i":{"x":0.58,"y":1},"s":[87.86,84.64],"t":0},{"o":{"x":0,"y":0},"i":{"x":0.58,"y":1},"s":[87.86,84.64],"t":60},{"s":[87.86,84.64],"t":120}]},"r":{"a":1,"k":[{"o":{"x":0,"y":0},"i":{"x":0.58,"y":1},"s":[0],"t":0},{"o":{"x":0,"y":0},"i":{"x":0.58,"y":1},"s":[0],"t":60},{"s":[0],"t":120}]},"sa":{"a":0,"k":0},"o":{"a":1,"k":[{"o":{"x":0,"y":0},"i":{"x":0.58,"y":1},"s":[100],"t":0},{"o":{"x":0,"y":0},"i":{"x":0.58,"y":1},"s":[100],"t":60},{"s":[100],"t":120}]}},"ef":[],"shapes":[{"ty":"sh","bm":0,"hd":false,"nm":"","d":1,"ks":{"a":1,"k":[{"o":{"x":0,"y":0},"i":{"x":0.58,"y":1},"s":[{"c":true,"i":[[0,0],[-5.66,-0.93],[2.13,-4.97]],"o":[[0.54,-5.55],[-5.5,0.77],[0,0]],"v":[[0,9.5],[11.44,0.12],[0,9.5]]}],"t":0},{"o":{"x":0,"y":0},"i":{"x":0.58,"y":1},"s":[{"c":true,"i":[[0,0],[-5.66,-0.93],[2.13,-4.97]],"o":[[0.54,-5.55],[-5.5,0.77],[0,0]],"v":[[0,9.5],[11.44,0.12],[0,9.5]]}],"t":60},{"s":[{"c":true,"i":[[0,0],[-5.66,-0.93],[2.13,-4.97]],"o":[[0.54,-5.55],[-5.5,0.77],[0,0]],"v":[[0,9.5],[11.44,0.12],[0,9.5]]}],"t":120}]}},{"ty":"fl","bm":0,"hd":false,"nm":"","c":{"a":1,"k":[{"o":{"x":0,"y":0},"i":{"x":0.58,"y":1},"s":[0.9255,0.9255,0.9255],"t":0},{"o":{"x":0,"y":0},"i":{"x":0.58,"y":1},"s":[0.9255,0.9255,0.9255],"t":60},{"s":[0.9255,0.9255,0.9255],"t":120}]},"r":1,"o":{"a":1,"k":[{"o":{"x":0,"y":0},"i":{"x":0.58,"y":1},"s":[100],"t":0},{"o":{"x":0,"y":0},"i":{"x":0.58,"y":1},"s":[100],"t":60},{"s":[100],"t":120}]}}],"ind":6},{"ty":4,"nm":"Vector","sr":1,"st":0,"op":121,"ip":0,"hd":false,"ddd":0,"bm":0,"hasMask":false,"ao":0,"ks":{"a":{"a":1,"k":[{"o":{"x":0,"y":0},"i":{"x":0.58,"y":1},"s":[5.72,4.75],"t":0},{"o":{"x":0,"y":0},"i":{"x":0.58,"y":1},"s":[5.72,4.75],"t":60},{"s":[5.72,4.75],"t":120}]},"s":{"a":1,"k":[{"o":{"x":0,"y":0},"i":{"x":0.58,"y":1},"s":[100,100],"t":0},{"o":{"x":0,"y":0},"i":{"x":0.58,"y":1},"s":[100,100],"t":60},{"s":[100,100],"t":120}]},"sk":{"a":0,"k":0},"p":{"a":1,"k":[{"o":{"x":0,"y":0},"i":{"x":0.58,"y":1},"s":[84.09,52.92],"t":0},{"o":{"x":0,"y":0},"i":{"x":0.58,"y":1},"s":[84.09,52.92],"t":60},{"s":[84.09,52.92],"t":120}]},"r":{"a":1,"k":[{"o":{"x":0,"y":0},"i":{"x":0.58,"y":1},"s":[0],"t":0},{"o":{"x":0,"y":0},"i":{"x":0.58,"y":1},"s":[0],"t":60},{"s":[0],"t":120}]},"sa":{"a":0,"k":0},"o":{"a":1,"k":[{"o":{"x":0,"y":0},"i":{"x":0.58,"y":1},"s":[100],"t":0},{"o":{"x":0,"y":0},"i":{"x":0.58,"y":1},"s":[100],"t":60},{"s":[100],"t":120}]}},"ef":[],"shapes":[{"ty":"sh","bm":0,"hd":false,"nm":"","d":1,"ks":{"a":1,"k":[{"o":{"x":0,"y":0},"i":{"x":0.58,"y":1},"s":[{"c":true,"i":[[0,0],[-5.66,-0.93],[2.13,-4.97]],"o":[[0.54,-5.55],[-5.5,0.77],[0,0]],"v":[[0,9.5],[11.44,0.12],[0,9.5]]}],"t":0},{"o":{"x":0,"y":0},"i":{"x":0.58,"y":1},"s":[{"c":true,"i":[[0,0],[-5.66,-0.93],[2.13,-4.97]],"o":[[0.54,-5.55],[-5.5,0.77],[0,0]],"v":[[0,9.5],[11.44,0.12],[0,9.5]]}],"t":60},{"s":[{"c":true,"i":[[0,0],[-5.66,-0.93],[2.13,-4.97]],"o":[[0.54,-5.55],[-5.5,0.77],[0,0]],"v":[[0,9.5],[11.44,0.12],[0,9.5]]}],"t":120}]}},{"ty":"fl","bm":0,"hd":false,"nm":"","c":{"a":1,"k":[{"o":{"x":0,"y":0},"i":{"x":0.58,"y":1},"s":[0.9255,0.9255,0.9255],"t":0},{"o":{"x":0,"y":0},"i":{"x":0.58,"y":1},"s":[0.9255,0.9255,0.9255],"t":60},{"s":[0.9255,0.9255,0.9255],"t":120}]},"r":1,"o":{"a":1,"k":[{"o":{"x":0,"y":0},"i":{"x":0.58,"y":1},"s":[100],"t":0},{"o":{"x":0,"y":0},"i":{"x":0.58,"y":1},"s":[100],"t":60},{"s":[100],"t":120}]}}],"ind":7},{"ty":4,"nm":"Vector","sr":1,"st":0,"op":121,"ip":0,"hd":false,"ddd":0,"bm":0,"hasMask":false,"ao":0,"ks":{"a":{"a":1,"k":[{"o":{"x":0,"y":0},"i":{"x":0.58,"y":1},"s":[5.72,4.75],"t":0},{"o":{"x":0,"y":0},"i":{"x":0.58,"y":1},"s":[5.72,4.75],"t":60},{"s":[5.72,4.75],"t":120}]},"s":{"a":1,"k":[{"o":{"x":0,"y":0},"i":{"x":0.58,"y":1},"s":[100,100],"t":0},{"o":{"x":0,"y":0},"i":{"x":0.58,"y":1},"s":[100,100],"t":60},{"s":[100,100],"t":120}]},"sk":{"a":0,"k":0},"p":{"a":1,"k":[{"o":{"x":0,"y":0},"i":{"x":0.58,"y":1},"s":[58.85,72.7],"t":0},{"o":{"x":0,"y":0},"i":{"x":0.58,"y":1},"s":[58.85,72.7],"t":60},{"s":[58.85,72.7],"t":120}]},"r":{"a":1,"k":[{"o":{"x":0,"y":0},"i":{"x":0.58,"y":1},"s":[0],"t":0},{"o":{"x":0,"y":0},"i":{"x":0.58,"y":1},"s":[0],"t":60},{"s":[0],"t":120}]},"sa":{"a":0,"k":0},"o":{"a":1,"k":[{"o":{"x":0,"y":0},"i":{"x":0.58,"y":1},"s":[100],"t":0},{"o":{"x":0,"y":0},"i":{"x":0.58,"y":1},"s":[100],"t":60},{"s":[100],"t":120}]}},"ef":[],"shapes":[{"ty":"sh","bm":0,"hd":false,"nm":"","d":1,"ks":{"a":1,"k":[{"o":{"x":0,"y":0},"i":{"x":0.58,"y":1},"s":[{"c":true,"i":[[0,0],[-5.66,-0.93],[2.13,-4.97]],"o":[[0.54,-5.55],[-5.5,0.77],[0,0]],"v":[[0,9.5],[11.44,0.12],[0,9.5]]}],"t":0},{"o":{"x":0,"y":0},"i":{"x":0.58,"y":1},"s":[{"c":true,"i":[[0,0],[-5.66,-0.93],[2.13,-4.97]],"o":[[0.54,-5.55],[-5.5,0.77],[0,0]],"v":[[0,9.5],[11.44,0.12],[0,9.5]]}],"t":60},{"s":[{"c":true,"i":[[0,0],[-5.66,-0.93],[2.13,-4.97]],"o":[[0.54,-5.55],[-5.5,0.77],[0,0]],"v":[[0,9.5],[11.44,0.12],[0,9.5]]}],"t":120}]}},{"ty":"fl","bm":0,"hd":false,"nm":"","c":{"a":1,"k":[{"o":{"x":0,"y":0},"i":{"x":0.58,"y":1},"s":[0.9255,0.9255,0.9255],"t":0},{"o":{"x":0,"y":0},"i":{"x":0.58,"y":1},"s":[0.9255,0.9255,0.9255],"t":60},{"s":[0.9255,0.9255,0.9255],"t":120}]},"r":1,"o":{"a":1,"k":[{"o":{"x":0,"y":0},"i":{"x":0.58,"y":1},"s":[100],"t":0},{"o":{"x":0,"y":0},"i":{"x":0.58,"y":1},"s":[100],"t":60},{"s":[100],"t":120}]}}],"ind":8},{"ty":4,"nm":"Vector","sr":1,"st":0,"op":121,"ip":0,"hd":false,"ddd":0,"bm":0,"hasMask":false,"ao":0,"ks":{"a":{"a":1,"k":[{"o":{"x":0,"y":0},"i":{"x":0.58,"y":1},"s":[5.72,4.75],"t":0},{"o":{"x":0,"y":0},"i":{"x":0.58,"y":1},"s":[5.72,4.75],"t":60},{"s":[5.72,4.75],"t":120}]},"s":{"a":1,"k":[{"o":{"x":0,"y":0},"i":{"x":0.58,"y":1},"s":[100,100],"t":0},{"o":{"x":0,"y":0},"i":{"x":0.58,"y":1},"s":[100,100],"t":60},{"s":[100,100],"t":120}]},"sk":{"a":0,"k":0},"p":{"a":1,"k":[{"o":{"x":0,"y":0},"i":{"x":0.58,"y":1},"s":[49.67,50.58],"t":0},{"o":{"x":0,"y":0},"i":{"x":0.58,"y":1},"s":[49.67,50.58],"t":60},{"s":[49.67,50.58],"t":120}]},"r":{"a":1,"k":[{"o":{"x":0,"y":0},"i":{"x":0.58,"y":1},"s":[0],"t":0},{"o":{"x":0,"y":0},"i":{"x":0.58,"y":1},"s":[0],"t":60},{"s":[0],"t":120}]},"sa":{"a":0,"k":0},"o":{"a":1,"k":[{"o":{"x":0,"y":0},"i":{"x":0.58,"y":1},"s":[100],"t":0},{"o":{"x":0,"y":0},"i":{"x":0.58,"y":1},"s":[100],"t":60},{"s":[100],"t":120}]}},"ef":[],"shapes":[{"ty":"sh","bm":0,"hd":false,"nm":"","d":1,"ks":{"a":1,"k":[{"o":{"x":0,"y":0},"i":{"x":0.58,"y":1},"s":[{"c":true,"i":[[0,0],[-5.66,-0.93],[2.13,-4.97]],"o":[[0.54,-5.55],[-5.5,0.77],[0,0]],"v":[[0,9.5],[11.44,0.12],[0,9.5]]}],"t":0},{"o":{"x":0,"y":0},"i":{"x":0.58,"y":1},"s":[{"c":true,"i":[[0,0],[-5.66,-0.93],[2.13,-4.97]],"o":[[0.54,-5.55],[-5.5,0.77],[0,0]],"v":[[0,9.5],[11.44,0.12],[0,9.5]]}],"t":60},{"s":[{"c":true,"i":[[0,0],[-5.66,-0.93],[2.13,-4.97]],"o":[[0.54,-5.55],[-5.5,0.77],[0,0]],"v":[[0,9.5],[11.44,0.12],[0,9.5]]}],"t":120}]}},{"ty":"fl","bm":0,"hd":false,"nm":"","c":{"a":1,"k":[{"o":{"x":0,"y":0},"i":{"x":0.58,"y":1},"s":[0.9255,0.9255,0.9255],"t":0},{"o":{"x":0,"y":0},"i":{"x":0.58,"y":1},"s":[0.9255,0.9255,0.9255],"t":60},{"s":[0.9255,0.9255,0.9255],"t":120}]},"r":1,"o":{"a":1,"k":[{"o":{"x":0,"y":0},"i":{"x":0.58,"y":1},"s":[100],"t":0},{"o":{"x":0,"y":0},"i":{"x":0.58,"y":1},"s":[100],"t":60},{"s":[100],"t":120}]}}],"ind":9},{"ty":4,"nm":"Vector","sr":1,"st":0,"op":121,"ip":0,"hd":false,"ddd":0,"bm":0,"hasMask":false,"ao":0,"ks":{"a":{"a":1,"k":[{"o":{"x":0,"y":0},"i":{"x":0.58,"y":1},"s":[9.6,5.86],"t":0},{"o":{"x":0,"y":0},"i":{"x":0.58,"y":1},"s":[9.6,5.86],"t":60},{"s":[9.6,5.86],"t":120}]},"s":{"a":1,"k":[{"o":{"x":0,"y":0},"i":{"x":0.58,"y":1},"s":[100,100],"t":0},{"o":{"x":0,"y":0},"i":{"x":0.58,"y":1},"s":[100,100],"t":60},{"s":[100,100],"t":120}]},"sk":{"a":0,"k":0},"p":{"a":1,"k":[{"o":{"x":0,"y":0},"i":{"x":0.58,"y":1},"s":[54.53,10.23],"t":0},{"o":{"x":0,"y":0},"i":{"x":0.58,"y":1},"s":[54.53,6.45],"t":60},{"s":[54.53,10.23],"t":120}]},"r":{"a":1,"k":[{"o":{"x":0,"y":0},"i":{"x":0.58,"y":1},"s":[0],"t":0},{"o":{"x":0,"y":0},"i":{"x":0.58,"y":1},"s":[-24],"t":60},{"s":[0],"t":120}]},"sa":{"a":0,"k":0},"o":{"a":1,"k":[{"o":{"x":0,"y":0},"i":{"x":0.58,"y":1},"s":[100],"t":0},{"o":{"x":0,"y":0},"i":{"x":0.58,"y":1},"s":[100],"t":60},{"s":[100],"t":120}]}},"ef":[],"shapes":[{"ty":"sh","bm":0,"hd":false,"nm":"","d":1,"ks":{"a":1,"k":[{"o":{"x":0,"y":0},"i":{"x":0.58,"y":1},"s":[{"c":true,"i":[[0,0],[0,0],[2.03,3.5],[0,2.13],[0,0],[0,-6.48],[0,0]],"o":[[0,0],[-4.33,0],[-0.99,-1.73],[0,0],[6.46,0],[0,0],[0,0]],"v":[[19.2,11.71],[11.72,11.71],[1.57,5.86],[0,0],[7.49,0],[19.19,11.72],[19.2,11.71]]}],"t":0},{"o":{"x":0,"y":0},"i":{"x":0.58,"y":1},"s":[{"c":true,"i":[[0,0],[0,0],[2.03,3.5],[0,2.13],[0,0],[0,-6.48],[0,0]],"o":[[0,0],[-4.33,0],[-0.99,-1.73],[0,0],[6.46,0],[0,0],[0,0]],"v":[[19.2,11.71],[11.72,11.71],[1.57,5.86],[0,0],[7.49,0],[19.19,11.72],[19.2,11.71]]}],"t":60},{"s":[{"c":true,"i":[[0,0],[0,0],[2.03,3.5],[0,2.13],[0,0],[0,-6.48],[0,0]],"o":[[0,0],[-4.33,0],[-0.99,-1.73],[0,0],[6.46,0],[0,0],[0,0]],"v":[[19.2,11.71],[11.72,11.71],[1.57,5.86],[0,0],[7.49,0],[19.19,11.72],[19.2,11.71]]}],"t":120}]}},{"ty":"fl","bm":0,"hd":false,"nm":"","c":{"a":1,"k":[{"o":{"x":0,"y":0},"i":{"x":0.58,"y":1},"s":[0.6471,0.6431,0.6431],"t":0},{"o":{"x":0,"y":0},"i":{"x":0.58,"y":1},"s":[0.6471,0.6431,0.6431],"t":60},{"s":[0.6471,0.6431,0.6431],"t":120}]},"r":1,"o":{"a":1,"k":[{"o":{"x":0,"y":0},"i":{"x":0.58,"y":1},"s":[100],"t":0},{"o":{"x":0,"y":0},"i":{"x":0.58,"y":1},"s":[100],"t":60},{"s":[100],"t":120}]}}],"ind":10},{"ty":4,"nm":"Vector","sr":1,"st":0,"op":121,"ip":0,"hd":false,"ddd":0,"bm":0,"hasMask":false,"ao":0,"ks":{"a":{"a":1,"k":[{"o":{"x":0,"y":0},"i":{"x":0.58,"y":1},"s":[1.31,0.55],"t":0},{"o":{"x":0,"y":0},"i":{"x":0.58,"y":1},"s":[1.31,0.55],"t":60},{"s":[1.31,0.55],"t":120}]},"s":{"a":1,"k":[{"o":{"x":0,"y":0},"i":{"x":0.58,"y":1},"s":[100,100],"t":0},{"o":{"x":0,"y":0},"i":{"x":0.58,"y":1},"s":[100,100],"t":60},{"s":[100,100],"t":120}]},"sk":{"a":0,"k":0},"p":{"a":1,"k":[{"o":{"x":0,"y":0},"i":{"x":0.58,"y":1},"s":[103.8,40],"t":0},{"o":{"x":0,"y":0},"i":{"x":0.58,"y":1},"s":[103.8,40],"t":60},{"s":[103.8,40],"t":120}]},"r":{"a":1,"k":[{"o":{"x":0,"y":0},"i":{"x":0.58,"y":1},"s":[0],"t":0},{"o":{"x":0,"y":0},"i":{"x":0.58,"y":1},"s":[0],"t":60},{"s":[0],"t":120}]},"sa":{"a":0,"k":0},"o":{"a":1,"k":[{"o":{"x":0,"y":0},"i":{"x":0.58,"y":1},"s":[100],"t":0},{"o":{"x":0,"y":0},"i":{"x":0.58,"y":1},"s":[100],"t":60},{"s":[100],"t":120}]}},"ef":[],"shapes":[{"ty":"sh","bm":0,"hd":false,"nm":"","d":1,"ks":{"a":1,"k":[{"o":{"x":0,"y":0},"i":{"x":0.58,"y":1},"s":[{"c":true,"i":[[0,0],[0.85,0.74],[-0.85,-0.73]],"o":[[-0.85,0.73],[0.85,-0.74],[0,0]],"v":[[2.62,0.55],[0,0.55],[2.62,0.55]]}],"t":0},{"o":{"x":0,"y":0},"i":{"x":0.58,"y":1},"s":[{"c":true,"i":[[0,0],[0.85,0.74],[-0.85,-0.73]],"o":[[-0.85,0.73],[0.85,-0.74],[0,0]],"v":[[2.62,0.55],[0,0.55],[2.62,0.55]]}],"t":60},{"s":[{"c":true,"i":[[0,0],[0.85,0.74],[-0.85,-0.73]],"o":[[-0.85,0.73],[0.85,-0.74],[0,0]],"v":[[2.62,0.55],[0,0.55],[2.62,0.55]]}],"t":120}]}},{"ty":"fl","bm":0,"hd":false,"nm":"","c":{"a":1,"k":[{"o":{"x":0,"y":0},"i":{"x":0.58,"y":1},"s":[0.9255,0.9255,0.9255],"t":0},{"o":{"x":0,"y":0},"i":{"x":0.58,"y":1},"s":[0.9255,0.9255,0.9255],"t":60},{"s":[0.9255,0.9255,0.9255],"t":120}]},"r":1,"o":{"a":1,"k":[{"o":{"x":0,"y":0},"i":{"x":0.58,"y":1},"s":[100],"t":0},{"o":{"x":0,"y":0},"i":{"x":0.58,"y":1},"s":[100],"t":60},{"s":[100],"t":120}]}}],"ind":11},{"ty":4,"nm":"Vector","sr":1,"st":0,"op":121,"ip":0,"hd":false,"ddd":0,"bm":0,"hasMask":false,"ao":0,"ks":{"a":{"a":1,"k":[{"o":{"x":0,"y":0},"i":{"x":0.58,"y":1},"s":[3.4,0.69],"t":0},{"o":{"x":0,"y":0},"i":{"x":0.58,"y":1},"s":[3.4,0.69],"t":60},{"s":[3.4,0.69],"t":120}]},"s":{"a":1,"k":[{"o":{"x":0,"y":0},"i":{"x":0.58,"y":1},"s":[100,100],"t":0},{"o":{"x":0,"y":0},"i":{"x":0.58,"y":1},"s":[100,100],"t":60},{"s":[100,100],"t":120}]},"sk":{"a":0,"k":0},"p":{"a":1,"k":[{"o":{"x":0,"y":0},"i":{"x":0.58,"y":1},"s":[118.21,50.21],"t":0},{"o":{"x":0,"y":0},"i":{"x":0.58,"y":1},"s":[118.21,50.21],"t":60},{"s":[118.21,50.21],"t":120}]},"r":{"a":1,"k":[{"o":{"x":0,"y":0},"i":{"x":0.58,"y":1},"s":[0],"t":0},{"o":{"x":0,"y":0},"i":{"x":0.58,"y":1},"s":[0],"t":60},{"s":[0],"t":120}]},"sa":{"a":0,"k":0},"o":{"a":1,"k":[{"o":{"x":0,"y":0},"i":{"x":0.58,"y":1},"s":[100],"t":0},{"o":{"x":0,"y":0},"i":{"x":0.58,"y":1},"s":[100],"t":60},{"s":[100],"t":120}]}},"ef":[],"shapes":[{"ty":"sh","bm":0,"hd":false,"nm":"","d":1,"ks":{"a":1,"k":[{"o":{"x":0,"y":0},"i":{"x":0.58,"y":1},"s":[{"c":true,"i":[[0,0],[2.3,0.78],[-1.98,-1.37]],"o":[[-2.42,0.12],[2.28,-0.79],[0,0]],"v":[[6.81,1.35],[0,0.41],[6.81,1.35]]}],"t":0},{"o":{"x":0,"y":0},"i":{"x":0.58,"y":1},"s":[{"c":true,"i":[[0,0],[2.3,0.78],[-1.98,-1.37]],"o":[[-2.42,0.12],[2.28,-0.79],[0,0]],"v":[[6.81,1.35],[0,0.41],[6.81,1.35]]}],"t":60},{"s":[{"c":true,"i":[[0,0],[2.3,0.78],[-1.98,-1.37]],"o":[[-2.42,0.12],[2.28,-0.79],[0,0]],"v":[[6.81,1.35],[0,0.41],[6.81,1.35]]}],"t":120}]}},{"ty":"fl","bm":0,"hd":false,"nm":"","c":{"a":1,"k":[{"o":{"x":0,"y":0},"i":{"x":0.58,"y":1},"s":[0.9255,0.9255,0.9255],"t":0},{"o":{"x":0,"y":0},"i":{"x":0.58,"y":1},"s":[0.9255,0.9255,0.9255],"t":60},{"s":[0.9255,0.9255,0.9255],"t":120}]},"r":1,"o":{"a":1,"k":[{"o":{"x":0,"y":0},"i":{"x":0.58,"y":1},"s":[100],"t":0},{"o":{"x":0,"y":0},"i":{"x":0.58,"y":1},"s":[100],"t":60},{"s":[100],"t":120}]}}],"ind":12},{"ty":4,"nm":"Vector","sr":1,"st":0,"op":121,"ip":0,"hd":false,"ddd":0,"bm":0,"hasMask":false,"ao":0,"ks":{"a":{"a":1,"k":[{"o":{"x":0,"y":0},"i":{"x":0.58,"y":1},"s":[0.58,2.73],"t":0},{"o":{"x":0,"y":0},"i":{"x":0.58,"y":1},"s":[0.58,2.73],"t":60},{"s":[0.58,2.73],"t":120}]},"s":{"a":1,"k":[{"o":{"x":0,"y":0},"i":{"x":0.58,"y":1},"s":[100,100],"t":0},{"o":{"x":0,"y":0},"i":{"x":0.58,"y":1},"s":[100,100],"t":60},{"s":[100,100],"t":120}]},"sk":{"a":0,"k":0},"p":{"a":1,"k":[{"o":{"x":0,"y":0},"i":{"x":0.58,"y":1},"s":[41.63,95.19],"t":0},{"o":{"x":0,"y":0},"i":{"x":0.58,"y":1},"s":[41.63,95.19],"t":60},{"s":[41.63,95.19],"t":120}]},"r":{"a":1,"k":[{"o":{"x":0,"y":0},"i":{"x":0.58,"y":1},"s":[0],"t":0},{"o":{"x":0,"y":0},"i":{"x":0.58,"y":1},"s":[0],"t":60},{"s":[0],"t":120}]},"sa":{"a":0,"k":0},"o":{"a":1,"k":[{"o":{"x":0,"y":0},"i":{"x":0.58,"y":1},"s":[100],"t":0},{"o":{"x":0,"y":0},"i":{"x":0.58,"y":1},"s":[100],"t":60},{"s":[100],"t":120}]}},"ef":[],"shapes":[{"ty":"sh","bm":0,"hd":false,"nm":"","d":1,"ks":{"a":1,"k":[{"o":{"x":0,"y":0},"i":{"x":0.58,"y":1},"s":[{"c":true,"i":[[0,0],[0.66,-1.79],[-0.77,1.78]],"o":[[0.78,1.79],[-0.88,-1.7],[0,0]],"v":[[0.58,0],[0.65,5.45],[0.58,0]]}],"t":0},{"o":{"x":0,"y":0},"i":{"x":0.58,"y":1},"s":[{"c":true,"i":[[0,0],[0.66,-1.79],[-0.77,1.78]],"o":[[0.78,1.79],[-0.88,-1.7],[0,0]],"v":[[0.58,0],[0.65,5.45],[0.58,0]]}],"t":60},{"s":[{"c":true,"i":[[0,0],[0.66,-1.79],[-0.77,1.78]],"o":[[0.78,1.79],[-0.88,-1.7],[0,0]],"v":[[0.58,0],[0.65,5.45],[0.58,0]]}],"t":120}]}},{"ty":"fl","bm":0,"hd":false,"nm":"","c":{"a":1,"k":[{"o":{"x":0,"y":0},"i":{"x":0.58,"y":1},"s":[0.9255,0.9255,0.9255],"t":0},{"o":{"x":0,"y":0},"i":{"x":0.58,"y":1},"s":[0.9255,0.9255,0.9255],"t":60},{"s":[0.9255,0.9255,0.9255],"t":120}]},"r":1,"o":{"a":1,"k":[{"o":{"x":0,"y":0},"i":{"x":0.58,"y":1},"s":[100],"t":0},{"o":{"x":0,"y":0},"i":{"x":0.58,"y":1},"s":[100],"t":60},{"s":[100],"t":120}]}}],"ind":13},{"ty":4,"nm":"Vector","sr":1,"st":0,"op":121,"ip":0,"hd":false,"ddd":0,"bm":0,"hasMask":false,"ao":0,"ks":{"a":{"a":1,"k":[{"o":{"x":0,"y":0},"i":{"x":0.58,"y":1},"s":[61.41,55.09],"t":0},{"o":{"x":0,"y":0},"i":{"x":0.58,"y":1},"s":[61.41,55.09],"t":60},{"s":[61.41,55.09],"t":120}]},"s":{"a":1,"k":[{"o":{"x":0,"y":0},"i":{"x":0.58,"y":1},"s":[100,100],"t":0},{"o":{"x":0,"y":0},"i":{"x":0.58,"y":1},"s":[100,100],"t":60},{"s":[100,100],"t":120}]},"sk":{"a":0,"k":0},"p":{"a":1,"k":[{"o":{"x":0,"y":0},"i":{"x":0.58,"y":1},"s":[78.42,59.46],"t":0},{"o":{"x":0,"y":0},"i":{"x":0.58,"y":1},"s":[78.42,59.46],"t":60},{"s":[78.42,59.46],"t":120}]},"r":{"a":1,"k":[{"o":{"x":0,"y":0},"i":{"x":0.58,"y":1},"s":[0],"t":0},{"o":{"x":0,"y":0},"i":{"x":0.58,"y":1},"s":[0],"t":60},{"s":[0],"t":120}]},"sa":{"a":0,"k":0},"o":{"a":1,"k":[{"o":{"x":0,"y":0},"i":{"x":0.58,"y":1},"s":[100],"t":0},{"o":{"x":0,"y":0},"i":{"x":0.58,"y":1},"s":[100],"t":60},{"s":[100],"t":120}]}},"ef":[],"shapes":[{"ty":"sh","bm":0,"hd":false,"nm":"","d":1,"ks":{"a":1,"k":[{"o":{"x":0,"y":0},"i":{"x":0.58,"y":1},"s":[{"c":true,"i":[[0,0],[0,0],[0,0],[0.4,0.04],[2.46,2.44],[0,4.14],[0,0],[0,-3.05],[0,0],[0,0],[1.8,0.6],[0.65,7.38],[0,8],[0,0],[0,7.06],[0,0],[0,0],[0,4.74],[0,0],[-0.99,-1.72],[-4.34,0],[0,0],[0,-3.23],[0,0],[0,0],[-1.04,-3.91],[0,0],[-0.51,-6.08],[0,-11.47],[0,0]],"o":[[0,0],[0,0],[-0.39,0],[-3.66,-0.28],[-2.71,-2.71],[0,0],[-3.05,0],[0,0],[0,0],[-2,0],[-6.81,-2.23],[-7.49,-1.7],[0,0],[-6.65,-1.42],[0,0],[0,0],[4.74,0],[0,0],[0,2.13],[2.03,3.5],[0,0],[1.8,2.41],[0,0],[0,0],[4.25,0],[0,0],[6.23,0],[10.52,2.96],[0,0],[0,0]],"v":[[122.83,70.61],[122.83,110.19],[109.68,110.19],[108.5,110.14],[99.09,105.81],[94.71,95.23],[56.72,95.23],[51.2,100.74],[51.2,110.19],[42.9,110.19],[37.18,109.27],[24.69,93.54],[11.62,77.14],[11.62,75.32],[0,60.94],[0,28.85],[19.35,28.85],[27.92,20.28],[27.92,0],[29.49,5.86],[39.64,11.71],[40.71,11.71],[43.56,20.34],[43.56,28.84],[79.24,28.84],[88.09,35.63],[92.74,35.63],[104.59,46.5],[122.82,70.6],[122.83,70.61]]}],"t":0},{"o":{"x":0,"y":0},"i":{"x":0.58,"y":1},"s":[{"c":true,"i":[[0,0],[0,0],[0,0],[0.4,0.04],[2.46,2.44],[0,4.14],[0,0],[0,-3.05],[0,0],[0,0],[1.8,0.6],[0.65,7.38],[0,8],[0,0],[0,7.06],[0,0],[0,0],[0,4.74],[0,0],[-0.99,-1.72],[-4.34,0],[0,0],[0,-3.23],[0,0],[0,0],[-1.04,-3.91],[0,0],[-0.51,-6.08],[0,-11.47],[0,0]],"o":[[0,0],[0,0],[-0.39,0],[-3.66,-0.28],[-2.71,-2.71],[0,0],[-3.05,0],[0,0],[0,0],[-2,0],[-6.81,-2.23],[-7.49,-1.7],[0,0],[-6.65,-1.42],[0,0],[0,0],[4.74,0],[0,0],[0,2.13],[2.03,3.5],[0,0],[1.8,2.41],[0,0],[0,0],[4.25,0],[0,0],[6.23,0],[10.52,2.96],[0,0],[0,0]],"v":[[122.83,70.61],[122.83,110.19],[109.68,110.19],[108.5,110.14],[99.09,105.81],[94.71,95.23],[56.72,95.23],[51.2,100.74],[51.2,110.19],[42.9,110.19],[37.18,109.27],[24.69,93.54],[11.62,77.14],[11.62,75.32],[0,60.94],[0,28.85],[19.35,28.85],[27.92,20.28],[27.92,0],[29.49,5.86],[39.64,11.71],[40.71,11.71],[43.56,20.34],[43.56,28.84],[79.24,28.84],[88.09,35.63],[92.74,35.63],[104.59,46.5],[122.82,70.6],[122.83,70.61]]}],"t":60},{"s":[{"c":true,"i":[[0,0],[0,0],[0,0],[0.4,0.04],[2.46,2.44],[0,4.14],[0,0],[0,-3.05],[0,0],[0,0],[1.8,0.6],[0.65,7.38],[0,8],[0,0],[0,7.06],[0,0],[0,0],[0,4.74],[0,0],[-0.99,-1.72],[-4.34,0],[0,0],[0,-3.23],[0,0],[0,0],[-1.04,-3.91],[0,0],[-0.51,-6.08],[0,-11.47],[0,0]],"o":[[0,0],[0,0],[-0.39,0],[-3.66,-0.28],[-2.71,-2.71],[0,0],[-3.05,0],[0,0],[0,0],[-2,0],[-6.81,-2.23],[-7.49,-1.7],[0,0],[-6.65,-1.42],[0,0],[0,0],[4.74,0],[0,0],[0,2.13],[2.03,3.5],[0,0],[1.8,2.41],[0,0],[0,0],[4.25,0],[0,0],[6.23,0],[10.52,2.96],[0,0],[0,0]],"v":[[122.83,70.61],[122.83,110.19],[109.68,110.19],[108.5,110.14],[99.09,105.81],[94.71,95.23],[56.72,95.23],[51.2,100.74],[51.2,110.19],[42.9,110.19],[37.18,109.27],[24.69,93.54],[11.62,77.14],[11.62,75.32],[0,60.94],[0,28.85],[19.35,28.85],[27.92,20.28],[27.92,0],[29.49,5.86],[39.64,11.71],[40.71,11.71],[43.56,20.34],[43.56,28.84],[79.24,28.84],[88.09,35.63],[92.74,35.63],[104.59,46.5],[122.82,70.6],[122.83,70.61]]}],"t":120}]}},{"ty":"fl","bm":0,"hd":false,"nm":"","c":{"a":1,"k":[{"o":{"x":0,"y":0},"i":{"x":0.58,"y":1},"s":[1,0.9922,0.9961],"t":0},{"o":{"x":0,"y":0},"i":{"x":0.58,"y":1},"s":[1,0.9922,0.9961],"t":60},{"s":[1,0.9922,0.9961],"t":120}]},"r":1,"o":{"a":1,"k":[{"o":{"x":0,"y":0},"i":{"x":0.58,"y":1},"s":[100],"t":0},{"o":{"x":0,"y":0},"i":{"x":0.58,"y":1},"s":[100],"t":60},{"s":[100],"t":120}]}}],"ind":14},{"ty":4,"nm":"Vector","sr":1,"st":0,"op":121,"ip":0,"hd":false,"ddd":0,"bm":0,"hasMask":false,"ao":0,"ks":{"a":{"a":1,"k":[{"o":{"x":0,"y":0},"i":{"x":0.58,"y":1},"s":[0.58,1.94],"t":0},{"o":{"x":0,"y":0},"i":{"x":0.58,"y":1},"s":[0.58,1.94],"t":60},{"s":[0.58,1.94],"t":120}]},"s":{"a":1,"k":[{"o":{"x":0,"y":0},"i":{"x":0.58,"y":1},"s":[100,100],"t":0},{"o":{"x":0,"y":0},"i":{"x":0.58,"y":1},"s":[100,100],"t":60},{"s":[100,100],"t":120}]},"sk":{"a":0,"k":0},"p":{"a":1,"k":[{"o":{"x":0,"y":0},"i":{"x":0.58,"y":1},"s":[28.63,77.74],"t":0},{"o":{"x":0,"y":0},"i":{"x":0.58,"y":1},"s":[28.63,77.74],"t":60},{"s":[28.63,77.74],"t":120}]},"r":{"a":1,"k":[{"o":{"x":0,"y":0},"i":{"x":0.58,"y":1},"s":[0],"t":0},{"o":{"x":0,"y":0},"i":{"x":0.58,"y":1},"s":[0],"t":60},{"s":[0],"t":120}]},"sa":{"a":0,"k":0},"o":{"a":1,"k":[{"o":{"x":0,"y":0},"i":{"x":0.58,"y":1},"s":[100],"t":0},{"o":{"x":0,"y":0},"i":{"x":0.58,"y":1},"s":[100],"t":60},{"s":[100],"t":120}]}},"ef":[],"shapes":[{"ty":"sh","bm":0,"hd":false,"nm":"","d":1,"ks":{"a":1,"k":[{"o":{"x":0,"y":0},"i":{"x":0.58,"y":1},"s":[{"c":true,"i":[[0,0],[-0.78,1.27],[0.77,-1.27]],"o":[[-0.77,-1.27],[0.78,1.27],[0,0]],"v":[[0.58,3.87],[0.58,0],[0.58,3.87]]}],"t":0},{"o":{"x":0,"y":0},"i":{"x":0.58,"y":1},"s":[{"c":true,"i":[[0,0],[-0.78,1.27],[0.77,-1.27]],"o":[[-0.77,-1.27],[0.78,1.27],[0,0]],"v":[[0.58,3.87],[0.58,0],[0.58,3.87]]}],"t":60},{"s":[{"c":true,"i":[[0,0],[-0.78,1.27],[0.77,-1.27]],"o":[[-0.77,-1.27],[0.78,1.27],[0,0]],"v":[[0.58,3.87],[0.58,0],[0.58,3.87]]}],"t":120}]}},{"ty":"fl","bm":0,"hd":false,"nm":"","c":{"a":1,"k":[{"o":{"x":0,"y":0},"i":{"x":0.58,"y":1},"s":[0.9255,0.9255,0.9255],"t":0},{"o":{"x":0,"y":0},"i":{"x":0.58,"y":1},"s":[0.9255,0.9255,0.9255],"t":60},{"s":[0.9255,0.9255,0.9255],"t":120}]},"r":1,"o":{"a":1,"k":[{"o":{"x":0,"y":0},"i":{"x":0.58,"y":1},"s":[100],"t":0},{"o":{"x":0,"y":0},"i":{"x":0.58,"y":1},"s":[100],"t":60},{"s":[100],"t":120}]}}],"ind":15},{"ty":4,"nm":"Vector","sr":1,"st":0,"op":121,"ip":0,"hd":false,"ddd":0,"bm":0,"hasMask":false,"ao":0,"ks":{"a":{"a":1,"k":[{"o":{"x":0,"y":0},"i":{"x":0.58,"y":1},"s":[22.47,14.42],"t":0},{"o":{"x":0,"y":0},"i":{"x":0.58,"y":1},"s":[22.47,14.42],"t":60},{"s":[22.47,14.42],"t":120}]},"s":{"a":1,"k":[{"o":{"x":0,"y":0},"i":{"x":0.58,"y":1},"s":[100,100],"t":0},{"o":{"x":0,"y":0},"i":{"x":0.58,"y":1},"s":[100,100],"t":60},{"s":[100,100],"t":120}]},"sk":{"a":0,"k":0},"p":{"a":1,"k":[{"o":{"x":0,"y":0},"i":{"x":0.58,"y":1},"s":[22.47,18.79],"t":0},{"o":{"x":0,"y":0},"i":{"x":0.58,"y":1},"s":[22.47,18.79],"t":60},{"s":[22.47,18.79],"t":120}]},"r":{"a":1,"k":[{"o":{"x":0,"y":0},"i":{"x":0.58,"y":1},"s":[0],"t":0},{"o":{"x":0,"y":0},"i":{"x":0.58,"y":1},"s":[0],"t":60},{"s":[0],"t":120}]},"sa":{"a":0,"k":0},"o":{"a":1,"k":[{"o":{"x":0,"y":0},"i":{"x":0.58,"y":1},"s":[100],"t":0},{"o":{"x":0,"y":0},"i":{"x":0.58,"y":1},"s":[100],"t":60},{"s":[100],"t":120}]}},"ef":[],"shapes":[{"ty":"sh","bm":0,"hd":false,"nm":"","d":1,"ks":{"a":1,"k":[{"o":{"x":0,"y":0},"i":{"x":0.58,"y":1},"s":[{"c":true,"i":[[0,0],[0,0],[4.74,0],[0,0],[0,4.74],[-7.04,3.82],[-0.93,0.44],[-4.66,0.46],[-0.71,0],[0,0],[0,0]],"o":[[0,0],[0,4.74],[0,0],[-4.74,0],[0,-5.01],[0.89,-0.49],[5.46,-2.6],[0.8,-0.09],[0,0],[0,0],[0,0]],"v":[[44.94,0],[44.94,20.27],[36.37,28.84],[8.57,28.84],[0,20.27],[12.67,6.38],[15.4,5],[31.46,0.13],[33.74,0.01],[44.94,0.01],[44.94,0]]}],"t":0},{"o":{"x":0,"y":0},"i":{"x":0.58,"y":1},"s":[{"c":true,"i":[[0,0],[0,0],[4.74,0],[0,0],[0,4.74],[-7.04,3.82],[-0.93,0.44],[-4.66,0.46],[-0.71,0],[0,0],[0,0]],"o":[[0,0],[0,4.74],[0,0],[-4.74,0],[0,-5.01],[0.89,-0.49],[5.46,-2.6],[0.8,-0.09],[0,0],[0,0],[0,0]],"v":[[44.94,0],[44.94,20.27],[36.37,28.84],[8.57,28.84],[0,20.27],[12.67,6.38],[15.4,5],[31.46,0.13],[33.74,0.01],[44.94,0.01],[44.94,0]]}],"t":60},{"s":[{"c":true,"i":[[0,0],[0,0],[4.74,0],[0,0],[0,4.74],[-7.04,3.82],[-0.93,0.44],[-4.66,0.46],[-0.71,0],[0,0],[0,0]],"o":[[0,0],[0,4.74],[0,0],[-4.74,0],[0,-5.01],[0.89,-0.49],[5.46,-2.6],[0.8,-0.09],[0,0],[0,0],[0,0]],"v":[[44.94,0],[44.94,20.27],[36.37,28.84],[8.57,28.84],[0,20.27],[12.67,6.38],[15.4,5],[31.46,0.13],[33.74,0.01],[44.94,0.01],[44.94,0]]}],"t":120}]}},{"ty":"fl","bm":0,"hd":false,"nm":"","c":{"a":1,"k":[{"o":{"x":0,"y":0},"i":{"x":0.58,"y":1},"s":[0.6471,0.6431,0.6431],"t":0},{"o":{"x":0,"y":0},"i":{"x":0.58,"y":1},"s":[0.6471,0.6431,0.6431],"t":60},{"s":[0.6471,0.6431,0.6431],"t":120}]},"r":1,"o":{"a":1,"k":[{"o":{"x":0,"y":0},"i":{"x":0.58,"y":1},"s":[100],"t":0},{"o":{"x":0,"y":0},"i":{"x":0.58,"y":1},"s":[100],"t":60},{"s":[100],"t":120}]}}],"ind":16},{"ty":4,"nm":"Vector","sr":1,"st":0,"op":121,"ip":0,"hd":false,"ddd":0,"bm":0,"hasMask":false,"ao":0,"ks":{"a":{"a":1,"k":[{"o":{"x":0,"y":0},"i":{"x":0.58,"y":1},"s":[12.02,7.53],"t":0},{"o":{"x":0,"y":0},"i":{"x":0.58,"y":1},"s":[12.02,7.53],"t":60},{"s":[12.02,7.53],"t":120}]},"s":{"a":1,"k":[{"o":{"x":0,"y":0},"i":{"x":0.58,"y":1},"s":[100,100],"t":0},{"o":{"x":0,"y":0},"i":{"x":0.58,"y":1},"s":[100,100],"t":60},{"s":[100,100],"t":120}]},"sk":{"a":0,"k":0},"p":{"a":1,"k":[{"o":{"x":0,"y":0},"i":{"x":0.58,"y":1},"s":[20.88,7.52],"t":0},{"o":{"x":0,"y":0},"i":{"x":0.58,"y":1},"s":[20.89,11.2],"t":60},{"s":[20.88,7.52],"t":120}]},"r":{"a":1,"k":[{"o":{"x":0,"y":0},"i":{"x":0.58,"y":1},"s":[0],"t":0},{"o":{"x":0,"y":0},"i":{"x":0.58,"y":1},"s":[-23.11],"t":60},{"s":[0],"t":120}]},"sa":{"a":0,"k":0},"o":{"a":1,"k":[{"o":{"x":0,"y":0},"i":{"x":0.58,"y":1},"s":[100],"t":0},{"o":{"x":0,"y":0},"i":{"x":0.58,"y":1},"s":[100],"t":60},{"s":[100],"t":120}]}},"ef":[],"shapes":[{"ty":"sh","bm":0,"hd":false,"nm":"","d":1,"ks":{"a":1,"k":[{"o":{"x":0,"y":0},"i":{"x":0.58,"y":1},"s":[{"c":true,"i":[[0,0],[0,0],[3.73,-5.81],[0,0],[0,0],[0,0]],"o":[[0,0],[-6.05,-3.32],[0,0],[0,0],[0,0],[0,0]],"v":[[24.05,5.29],[17.37,1.62],[0,6.04],[17.73,15.05],[24.05,5.3],[24.05,5.29]]}],"t":0},{"o":{"x":0,"y":0},"i":{"x":0.58,"y":1},"s":[{"c":true,"i":[[0,0],[0,0],[3.73,-5.81],[0,0],[0,0],[0,0]],"o":[[0,0],[-6.05,-3.32],[0,0],[0,0],[0,0],[0,0]],"v":[[24.05,5.29],[17.37,1.62],[0,6.04],[17.73,15.05],[24.05,5.3],[24.05,5.29]]}],"t":60},{"s":[{"c":true,"i":[[0,0],[0,0],[3.73,-5.81],[0,0],[0,0],[0,0]],"o":[[0,0],[-6.05,-3.32],[0,0],[0,0],[0,0],[0,0]],"v":[[24.05,5.29],[17.37,1.62],[0,6.04],[17.73,15.05],[24.05,5.3],[24.05,5.29]]}],"t":120}]}},{"ty":"fl","bm":0,"hd":false,"nm":"","c":{"a":1,"k":[{"o":{"x":0,"y":0},"i":{"x":0.58,"y":1},"s":[0.6471,0.6431,0.6431],"t":0},{"o":{"x":0,"y":0},"i":{"x":0.58,"y":1},"s":[0.6471,0.6431,0.6431],"t":60},{"s":[0.6471,0.6431,0.6431],"t":120}]},"r":1,"o":{"a":1,"k":[{"o":{"x":0,"y":0},"i":{"x":0.58,"y":1},"s":[100],"t":0},{"o":{"x":0,"y":0},"i":{"x":0.58,"y":1},"s":[100],"t":60},{"s":[100],"t":120}]}}],"ind":17},{"ty":4,"nm":"Mode_Isolation Bg","sr":1,"st":0,"op":121,"ip":0,"hd":false,"ddd":0,"bm":0,"hasMask":false,"ao":0,"ks":{"a":{"a":1,"k":[{"o":{"x":0,"y":0},"i":{"x":0.58,"y":1},"s":[69.92,71.32],"t":0},{"o":{"x":0,"y":0},"i":{"x":0.58,"y":1},"s":[69.92,71.32],"t":60},{"s":[69.92,71.32],"t":120}]},"s":{"a":1,"k":[{"o":{"x":0,"y":0},"i":{"x":0.58,"y":1},"s":[100,100],"t":0},{"o":{"x":0,"y":0},"i":{"x":0.58,"y":1},"s":[100,100],"t":60},{"s":[100,100],"t":120}]},"sk":{"a":0,"k":0},"p":{"a":1,"k":[{"o":{"x":0,"y":0},"i":{"x":0.58,"y":1},"s":[69.92,71.32],"t":0},{"o":{"x":0,"y":0},"i":{"x":0.58,"y":1},"s":[69.92,71.32],"t":60},{"s":[69.92,71.32],"t":120}]},"r":{"a":1,"k":[{"o":{"x":0,"y":0},"i":{"x":0.58,"y":1},"s":[0],"t":0},{"o":{"x":0,"y":0},"i":{"x":0.58,"y":1},"s":[0],"t":60},{"s":[0],"t":120}]},"sa":{"a":0,"k":0},"o":{"a":1,"k":[{"o":{"x":0,"y":0},"i":{"x":0.58,"y":1},"s":[100],"t":0},{"o":{"x":0,"y":0},"i":{"x":0.58,"y":1},"s":[100],"t":60},{"s":[100],"t":120}]}},"ef":[],"shapes":[{"ty":"sh","bm":0,"hd":false,"nm":"","d":1,"ks":{"a":1,"k":[{"o":{"x":0,"y":0},"i":{"x":0.58,"y":1},"s":[{"c":true,"i":[[0,0],[0,0],[0,0],[0,0]],"o":[[0,0],[0,0],[0,0],[0,0]],"v":[[0,0],[139.84,0],[139.84,142.65],[0,142.65]]}],"t":0},{"o":{"x":0,"y":0},"i":{"x":0.58,"y":1},"s":[{"c":true,"i":[[0,0],[0,0],[0,0],[0,0]],"o":[[0,0],[0,0],[0,0],[0,0]],"v":[[0,0],[139.84,0],[139.84,142.65],[0,142.65]]}],"t":60},{"s":[{"c":true,"i":[[0,0],[0,0],[0,0],[0,0]],"o":[[0,0],[0,0],[0,0],[0,0]],"v":[[0,0],[139.84,0],[139.84,142.65],[0,142.65]]}],"t":120}]}},{"ty":"fl","bm":0,"hd":false,"nm":"","c":{"a":1,"k":[{"o":{"x":0,"y":0},"i":{"x":0.58,"y":1},"s":[1,1,1],"t":0},{"o":{"x":0,"y":0},"i":{"x":0.58,"y":1},"s":[1,1,1],"t":60},{"s":[1,1,1],"t":120}]},"r":1,"o":{"a":1,"k":[{"o":{"x":0,"y":0},"i":{"x":0.58,"y":1},"s":[0],"t":0},{"o":{"x":0,"y":0},"i":{"x":0.58,"y":1},"s":[0],"t":60},{"s":[0],"t":120}]}}],"ind":18}]}]}