{"nm":"Frame 31","ddd":0,"h":317,"w":263,"meta":{"g":"LottieFiles Figma v45"},"layers":[{"ty":4,"nm":"Group","sr":1,"st":0,"op":121,"ip":0,"hd":false,"ddd":0,"bm":0,"hasMask":false,"ao":0,"ks":{"a":{"a":1,"k":[{"o":{"x":0,"y":0},"i":{"x":0.58,"y":1},"s":[86.3,106.58],"t":0},{"o":{"x":0,"y":0},"i":{"x":0.58,"y":1},"s":[86.3,131.58],"t":60},{"s":[86.3,106.58],"t":120}]},"s":{"a":1,"k":[{"o":{"x":0,"y":0},"i":{"x":0.58,"y":1},"s":[100,100],"t":0},{"o":{"x":0,"y":0},"i":{"x":0.58,"y":1},"s":[100,100],"t":60},{"s":[100,100],"t":120}]},"sk":{"a":0,"k":0},"p":{"a":1,"k":[{"o":{"x":0,"y":0},"i":{"x":0.58,"y":1},"s":[132.3,210.58],"t":0},{"o":{"x":0,"y":0},"i":{"x":0.58,"y":1},"s":[132.3,185.58],"t":60},{"s":[132.3,210.58],"t":120}]},"r":{"a":1,"k":[{"o":{"x":0,"y":0},"i":{"x":0.58,"y":1},"s":[0],"t":0},{"o":{"x":0,"y":0},"i":{"x":0.58,"y":1},"s":[0],"t":60},{"s":[0],"t":120}]},"sa":{"a":0,"k":0},"o":{"a":1,"k":[{"o":{"x":0,"y":0},"i":{"x":0.58,"y":1},"s":[100],"t":0},{"o":{"x":0,"y":0},"i":{"x":0.58,"y":1},"s":[100],"t":60},{"s":[100],"t":120}]}},"shapes":[],"ind":1},{"ty":4,"nm":"Group","sr":1,"st":0,"op":121,"ip":0,"hd":false,"ddd":0,"bm":0,"hasMask":false,"ao":0,"ks":{"a":{"a":1,"k":[{"o":{"x":0,"y":0},"i":{"x":0.58,"y":1},"s":[36.24,50.71],"t":0},{"o":{"x":0,"y":0},"i":{"x":0.58,"y":1},"s":[36.24,50.71],"t":60},{"s":[36.24,50.71],"t":120}]},"s":{"a":1,"k":[{"o":{"x":0,"y":0},"i":{"x":0.58,"y":1},"s":[100,100],"t":0},{"o":{"x":0,"y":0},"i":{"x":0.58,"y":1},"s":[100,100],"t":60},{"s":[100,100],"t":120}]},"sk":{"a":0,"k":0},"p":{"a":1,"k":[{"o":{"x":0,"y":0},"i":{"x":0.58,"y":1},"s":[107.74,87.12],"t":0},{"o":{"x":0,"y":0},"i":{"x":0.58,"y":1},"s":[107.74,137.12],"t":60},{"s":[107.74,87.12],"t":120}]},"r":{"a":1,"k":[{"o":{"x":0,"y":0},"i":{"x":0.58,"y":1},"s":[0],"t":0},{"o":{"x":0,"y":0},"i":{"x":0.58,"y":1},"s":[0],"t":60},{"s":[0],"t":120}]},"sa":{"a":0,"k":0},"o":{"a":1,"k":[{"o":{"x":0,"y":0},"i":{"x":0.58,"y":1},"s":[100],"t":0},{"o":{"x":0,"y":0},"i":{"x":0.58,"y":1},"s":[100],"t":60},{"s":[100],"t":120}]}},"shapes":[],"ind":2,"parent":1},{"ty":4,"nm":"Vector","sr":1,"st":0,"op":121,"ip":0,"hd":false,"ddd":0,"bm":0,"hasMask":false,"ao":0,"ks":{"a":{"a":1,"k":[{"o":{"x":0,"y":0},"i":{"x":0.58,"y":1},"s":[9.99,15.57],"t":0},{"o":{"x":0,"y":0},"i":{"x":0.58,"y":1},"s":[9.99,15.57],"t":60},{"s":[9.99,15.57],"t":120}]},"s":{"a":1,"k":[{"o":{"x":0,"y":0},"i":{"x":0.58,"y":1},"s":[100,100],"t":0},{"o":{"x":0,"y":0},"i":{"x":0.58,"y":1},"s":[100,100],"t":60},{"s":[100,100],"t":120}]},"sk":{"a":0,"k":0},"p":{"a":1,"k":[{"o":{"x":0,"y":0},"i":{"x":0.58,"y":1},"s":[62.49,45.36],"t":0},{"o":{"x":0,"y":0},"i":{"x":0.58,"y":1},"s":[62.49,45.36],"t":60},{"s":[62.49,45.36],"t":120}]},"r":{"a":1,"k":[{"o":{"x":0,"y":0},"i":{"x":0.58,"y":1},"s":[0],"t":0},{"o":{"x":0,"y":0},"i":{"x":0.58,"y":1},"s":[0],"t":60},{"s":[0],"t":120}]},"sa":{"a":0,"k":0},"o":{"a":1,"k":[{"o":{"x":0,"y":0},"i":{"x":0.58,"y":1},"s":[100],"t":0},{"o":{"x":0,"y":0},"i":{"x":0.58,"y":1},"s":[100],"t":60},{"s":[100],"t":120}]}},"shapes":[{"ty":"sh","bm":0,"hd":false,"nm":"","d":1,"ks":{"a":1,"k":[{"o":{"x":0,"y":0},"i":{"x":0.58,"y":1},"s":[{"c":true,"i":[[0,0],[0.55,-0.48],[0,0],[-3.1,1.72],[0,0],[-0.46,-1.81],[7.24,-6.19],[0,0]],"o":[[-0.55,0.48],[0,0],[-1.74,-2.91],[0,0],[0.48,1.76],[2.33,8.83],[0,0],[0,0]],"v":[[11.29,29.72],[9.64,31.15],[0.83,16.29],[3.28,8.01],[17.78,0],[19.21,5.38],[11.27,29.7],[11.29,29.72]]}],"t":0},{"o":{"x":0,"y":0},"i":{"x":0.58,"y":1},"s":[{"c":true,"i":[[0,0],[0.55,-0.48],[0,0],[-3.1,1.72],[0,0],[-0.46,-1.81],[7.24,-6.19],[0,0]],"o":[[-0.55,0.48],[0,0],[-1.74,-2.91],[0,0],[0.48,1.76],[2.33,8.83],[0,0],[0,0]],"v":[[11.29,29.72],[9.64,31.15],[0.83,16.29],[3.28,8.01],[17.78,0],[19.21,5.38],[11.27,29.7],[11.29,29.72]]}],"t":60},{"s":[{"c":true,"i":[[0,0],[0.55,-0.48],[0,0],[-3.1,1.72],[0,0],[-0.46,-1.81],[7.24,-6.19],[0,0]],"o":[[-0.55,0.48],[0,0],[-1.74,-2.91],[0,0],[0.48,1.76],[2.33,8.83],[0,0],[0,0]],"v":[[11.29,29.72],[9.64,31.15],[0.83,16.29],[3.28,8.01],[17.78,0],[19.21,5.38],[11.27,29.7],[11.29,29.72]]}],"t":120}]}},{"ty":"fl","bm":0,"hd":false,"nm":"","c":{"a":1,"k":[{"o":{"x":0,"y":0},"i":{"x":0.58,"y":1},"s":[0.1608,0.2589,0.2745],"t":0},{"o":{"x":0,"y":0},"i":{"x":0.58,"y":1},"s":[0.1608,0.2589,0.2745],"t":60},{"s":[0.1608,0.2589,0.2745],"t":120}]},"r":1,"o":{"a":1,"k":[{"o":{"x":0,"y":0},"i":{"x":0.58,"y":1},"s":[100],"t":0},{"o":{"x":0,"y":0},"i":{"x":0.58,"y":1},"s":[100],"t":60},{"s":[100],"t":120}]}}],"ind":3,"parent":2},{"ty":4,"nm":"Vector","sr":1,"st":0,"op":121,"ip":0,"hd":false,"ddd":0,"bm":0,"hasMask":false,"ao":0,"ks":{"a":{"a":1,"k":[{"o":{"x":0,"y":0},"i":{"x":0.58,"y":1},"s":[17.3,14.58],"t":0},{"o":{"x":0,"y":0},"i":{"x":0.58,"y":1},"s":[17.3,14.58],"t":60},{"s":[17.3,14.58],"t":120}]},"s":{"a":1,"k":[{"o":{"x":0,"y":0},"i":{"x":0.58,"y":1},"s":[100,100],"t":0},{"o":{"x":0,"y":0},"i":{"x":0.58,"y":1},"s":[100,100],"t":60},{"s":[100,100],"t":120}]},"sk":{"a":0,"k":0},"p":{"a":1,"k":[{"o":{"x":0,"y":0},"i":{"x":0.58,"y":1},"s":[17.3,86.83],"t":0},{"o":{"x":0,"y":0},"i":{"x":0.58,"y":1},"s":[17.3,86.83],"t":60},{"s":[17.3,86.83],"t":120}]},"r":{"a":1,"k":[{"o":{"x":0,"y":0},"i":{"x":0.58,"y":1},"s":[0],"t":0},{"o":{"x":0,"y":0},"i":{"x":0.58,"y":1},"s":[0],"t":60},{"s":[0],"t":120}]},"sa":{"a":0,"k":0},"o":{"a":1,"k":[{"o":{"x":0,"y":0},"i":{"x":0.58,"y":1},"s":[100],"t":0},{"o":{"x":0,"y":0},"i":{"x":0.58,"y":1},"s":[100],"t":60},{"s":[100],"t":120}]}},"shapes":[{"ty":"sh","bm":0,"hd":false,"nm":"","d":1,"ks":{"a":1,"k":[{"o":{"x":0,"y":0},"i":{"x":0.58,"y":1},"s":[{"c":true,"i":[[0,0],[7.04,0.55],[-2.23,6.17],[-0.55,0.8],[-8.52,-9.27],[0,0]],"o":[[-5.9,5.59],[-16.48,-1.28],[0.17,-0.49],[12.59,3.66],[0,0],[0,0]],"v":[[34.59,19.78],[14.84,29.12],[1.14,1.94],[2.25,0],[34.58,19.78],[34.59,19.78]]}],"t":0},{"o":{"x":0,"y":0},"i":{"x":0.58,"y":1},"s":[{"c":true,"i":[[0,0],[7.04,0.55],[-2.23,6.17],[-0.55,0.8],[-8.52,-9.27],[0,0]],"o":[[-5.9,5.59],[-16.48,-1.28],[0.17,-0.49],[12.59,3.66],[0,0],[0,0]],"v":[[34.59,19.78],[14.84,29.12],[1.14,1.94],[2.25,0],[34.58,19.78],[34.59,19.78]]}],"t":60},{"s":[{"c":true,"i":[[0,0],[7.04,0.55],[-2.23,6.17],[-0.55,0.8],[-8.52,-9.27],[0,0]],"o":[[-5.9,5.59],[-16.48,-1.28],[0.17,-0.49],[12.59,3.66],[0,0],[0,0]],"v":[[34.59,19.78],[14.84,29.12],[1.14,1.94],[2.25,0],[34.58,19.78],[34.59,19.78]]}],"t":120}]}},{"ty":"fl","bm":0,"hd":false,"nm":"","c":{"a":1,"k":[{"o":{"x":0,"y":0},"i":{"x":0.58,"y":1},"s":[0.1608,0.2589,0.2745],"t":0},{"o":{"x":0,"y":0},"i":{"x":0.58,"y":1},"s":[0.1608,0.2589,0.2745],"t":60},{"s":[0.1608,0.2589,0.2745],"t":120}]},"r":1,"o":{"a":1,"k":[{"o":{"x":0,"y":0},"i":{"x":0.58,"y":1},"s":[100],"t":0},{"o":{"x":0,"y":0},"i":{"x":0.58,"y":1},"s":[100],"t":60},{"s":[100],"t":120}]}}],"ind":4,"parent":2},{"ty":4,"nm":"Vector","sr":1,"st":0,"op":121,"ip":0,"hd":false,"ddd":0,"bm":0,"hasMask":false,"ao":0,"ks":{"a":{"a":1,"k":[{"o":{"x":0,"y":0},"i":{"x":0.58,"y":1},"s":[34,42.53],"t":0},{"o":{"x":0,"y":0},"i":{"x":0.58,"y":1},"s":[34,42.53],"t":60},{"s":[34,42.53],"t":120}]},"s":{"a":1,"k":[{"o":{"x":0,"y":0},"i":{"x":0.58,"y":1},"s":[100,100],"t":0},{"o":{"x":0,"y":0},"i":{"x":0.58,"y":1},"s":[100,100],"t":60},{"s":[100,100],"t":120}]},"sk":{"a":0,"k":0},"p":{"a":1,"k":[{"o":{"x":0,"y":0},"i":{"x":0.58,"y":1},"s":[36.27,49.52],"t":0},{"o":{"x":0,"y":0},"i":{"x":0.58,"y":1},"s":[36.27,49.52],"t":60},{"s":[36.27,49.52],"t":120}]},"r":{"a":1,"k":[{"o":{"x":0,"y":0},"i":{"x":0.58,"y":1},"s":[0],"t":0},{"o":{"x":0,"y":0},"i":{"x":0.58,"y":1},"s":[0],"t":60},{"s":[0],"t":120}]},"sa":{"a":0,"k":0},"o":{"a":1,"k":[{"o":{"x":0,"y":0},"i":{"x":0.58,"y":1},"s":[100],"t":0},{"o":{"x":0,"y":0},"i":{"x":0.58,"y":1},"s":[100],"t":60},{"s":[100],"t":120}]}},"shapes":[{"ty":"sh","bm":0,"hd":false,"nm":"","d":1,"ks":{"a":1,"k":[{"o":{"x":0,"y":0},"i":{"x":0.58,"y":1},"s":[{"c":true,"i":[[0,0],[0,0],[1.94,-2.47],[7.94,-7.51],[12.58,3.66],[-3.97,4.09],[2.03,19.99],[0,0],[-0.9,-2.96],[-0.95,-3.6],[0,0],[-1.74,-2.91],[0,0]],"o":[[0,0],[-4.38,3.8],[-2.78,3.53],[-8.52,-9.27],[1.72,-2.45],[14.62,-15.08],[0,0],[-0.24,5.44],[0.7,2.3],[0,0],[-3.1,1.7],[0,0],[0,0]],"v":[[51.03,39.11],[59.84,53.97],[49.28,64.16],[32.32,85.06],[0,65.28],[9.05,55.04],[28.66,0],[64.65,0],[65.42,13.6],[68.01,22.82],[53.51,30.83],[51.05,39.11],[51.03,39.11]]}],"t":0},{"o":{"x":0,"y":0},"i":{"x":0.58,"y":1},"s":[{"c":true,"i":[[0,0],[0,0],[1.94,-2.47],[7.94,-7.51],[12.58,3.66],[-3.97,4.09],[2.03,19.99],[0,0],[-0.9,-2.96],[-0.95,-3.6],[0,0],[-1.74,-2.91],[0,0]],"o":[[0,0],[-4.38,3.8],[-2.78,3.53],[-8.52,-9.27],[1.72,-2.45],[14.62,-15.08],[0,0],[-0.24,5.44],[0.7,2.3],[0,0],[-3.1,1.7],[0,0],[0,0]],"v":[[51.03,39.11],[59.84,53.97],[49.28,64.16],[32.32,85.06],[0,65.28],[9.05,55.04],[28.66,0],[64.65,0],[65.42,13.6],[68.01,22.82],[53.51,30.83],[51.05,39.11],[51.03,39.11]]}],"t":60},{"s":[{"c":true,"i":[[0,0],[0,0],[1.94,-2.47],[7.94,-7.51],[12.58,3.66],[-3.97,4.09],[2.03,19.99],[0,0],[-0.9,-2.96],[-0.95,-3.6],[0,0],[-1.74,-2.91],[0,0]],"o":[[0,0],[-4.38,3.8],[-2.78,3.53],[-8.52,-9.27],[1.72,-2.45],[14.62,-15.08],[0,0],[-0.24,5.44],[0.7,2.3],[0,0],[-3.1,1.7],[0,0],[0,0]],"v":[[51.03,39.11],[59.84,53.97],[49.28,64.16],[32.32,85.06],[0,65.28],[9.05,55.04],[28.66,0],[64.65,0],[65.42,13.6],[68.01,22.82],[53.51,30.83],[51.05,39.11],[51.03,39.11]]}],"t":120}]}},{"ty":"fl","bm":0,"hd":false,"nm":"","c":{"a":1,"k":[{"o":{"x":0,"y":0},"i":{"x":0.58,"y":1},"s":[0.2275,0.353,0.3844],"t":0},{"o":{"x":0,"y":0},"i":{"x":0.58,"y":1},"s":[0.2275,0.353,0.3844],"t":60},{"s":[0.2275,0.353,0.3844],"t":120}]},"r":1,"o":{"a":1,"k":[{"o":{"x":0,"y":0},"i":{"x":0.58,"y":1},"s":[100],"t":0},{"o":{"x":0,"y":0},"i":{"x":0.58,"y":1},"s":[100],"t":60},{"s":[100],"t":120}]}}],"ind":5,"parent":2},{"ty":4,"nm":"Vector","sr":1,"st":0,"op":121,"ip":0,"hd":false,"ddd":0,"bm":0,"hasMask":false,"ao":0,"ks":{"a":{"a":1,"k":[{"o":{"x":0,"y":0},"i":{"x":0.58,"y":1},"s":[20.59,3.5],"t":0},{"o":{"x":0,"y":0},"i":{"x":0.58,"y":1},"s":[20.59,3.5],"t":60},{"s":[20.59,3.5],"t":120}]},"s":{"a":1,"k":[{"o":{"x":0,"y":0},"i":{"x":0.58,"y":1},"s":[100,100],"t":0},{"o":{"x":0,"y":0},"i":{"x":0.58,"y":1},"s":[100,100],"t":60},{"s":[100,100],"t":120}]},"sk":{"a":0,"k":0},"p":{"a":1,"k":[{"o":{"x":0,"y":0},"i":{"x":0.58,"y":1},"s":[48.2,3.5],"t":0},{"o":{"x":0,"y":0},"i":{"x":0.58,"y":1},"s":[48.2,3.5],"t":60},{"s":[48.2,3.5],"t":120}]},"r":{"a":1,"k":[{"o":{"x":0,"y":0},"i":{"x":0.58,"y":1},"s":[0],"t":0},{"o":{"x":0,"y":0},"i":{"x":0.58,"y":1},"s":[0],"t":60},{"s":[0],"t":120}]},"sa":{"a":0,"k":0},"o":{"a":1,"k":[{"o":{"x":0,"y":0},"i":{"x":0.58,"y":1},"s":[100],"t":0},{"o":{"x":0,"y":0},"i":{"x":0.58,"y":1},"s":[100],"t":60},{"s":[100],"t":120}]}},"shapes":[{"ty":"sh","bm":0,"hd":false,"nm":"","d":1,"ks":{"a":1,"k":[{"o":{"x":0,"y":0},"i":{"x":0.58,"y":1},"s":[{"c":true,"i":[[0,0],[0.36,-6.73],[0,0],[0,0],[0,0]],"o":[[0,0],[0,0],[0,-2.39],[0,0],[0,0]],"v":[[41.19,0],[39.29,7],[3.31,7],[0,0],[41.19,0]]}],"t":0},{"o":{"x":0,"y":0},"i":{"x":0.58,"y":1},"s":[{"c":true,"i":[[0,0],[0.36,-6.73],[0,0],[0,0],[0,0]],"o":[[0,0],[0,0],[0,-2.39],[0,0],[0,0]],"v":[[41.19,0],[39.29,7],[3.31,7],[0,0],[41.19,0]]}],"t":60},{"s":[{"c":true,"i":[[0,0],[0.36,-6.73],[0,0],[0,0],[0,0]],"o":[[0,0],[0,0],[0,-2.39],[0,0],[0,0]],"v":[[41.19,0],[39.29,7],[3.31,7],[0,0],[41.19,0]]}],"t":120}]}},{"ty":"fl","bm":0,"hd":false,"nm":"","c":{"a":1,"k":[{"o":{"x":0,"y":0},"i":{"x":0.58,"y":1},"s":[0.1608,0.2589,0.2745],"t":0},{"o":{"x":0,"y":0},"i":{"x":0.58,"y":1},"s":[0.1608,0.2589,0.2745],"t":60},{"s":[0.1608,0.2589,0.2745],"t":120}]},"r":1,"o":{"a":1,"k":[{"o":{"x":0,"y":0},"i":{"x":0.58,"y":1},"s":[100],"t":0},{"o":{"x":0,"y":0},"i":{"x":0.58,"y":1},"s":[100],"t":60},{"s":[100],"t":120}]}}],"ind":6,"parent":2},{"ty":4,"nm":"Group","sr":1,"st":0,"op":121,"ip":0,"hd":false,"ddd":0,"bm":0,"hasMask":false,"ao":0,"ks":{"a":{"a":1,"k":[{"o":{"x":0,"y":0},"i":{"x":0.58,"y":1},"s":[86.3,106.58],"t":0},{"o":{"x":0,"y":0},"i":{"x":0.58,"y":1},"s":[86.3,131.58],"t":60},{"s":[86.3,106.58],"t":120}]},"s":{"a":1,"k":[{"o":{"x":0,"y":0},"i":{"x":0.58,"y":1},"s":[100,100],"t":0},{"o":{"x":0,"y":0},"i":{"x":0.58,"y":1},"s":[100,100],"t":60},{"s":[100,100],"t":120}]},"sk":{"a":0,"k":0},"p":{"a":1,"k":[{"o":{"x":0,"y":0},"i":{"x":0.58,"y":1},"s":[86.3,106.58],"t":0},{"o":{"x":0,"y":0},"i":{"x":0.58,"y":1},"s":[86.3,131.58],"t":60},{"s":[86.3,106.58],"t":120}]},"r":{"a":1,"k":[{"o":{"x":0,"y":0},"i":{"x":0.58,"y":1},"s":[0],"t":0},{"o":{"x":0,"y":0},"i":{"x":0.58,"y":1},"s":[0],"t":60},{"s":[0],"t":120}]},"sa":{"a":0,"k":0},"o":{"a":1,"k":[{"o":{"x":0,"y":0},"i":{"x":0.58,"y":1},"s":[100],"t":0},{"o":{"x":0,"y":0},"i":{"x":0.58,"y":1},"s":[100],"t":60},{"s":[100],"t":120}]}},"shapes":[],"ind":7,"parent":1},{"ty":4,"nm":"Vector","sr":1,"st":0,"op":121,"ip":0,"hd":false,"ddd":0,"bm":0,"hasMask":false,"ao":0,"ks":{"a":{"a":1,"k":[{"o":{"x":0,"y":0},"i":{"x":0.58,"y":1},"s":[1.75,51.76],"t":0},{"o":{"x":0,"y":0},"i":{"x":0.58,"y":1},"s":[1.75,51.76],"t":60},{"s":[1.75,51.76],"t":120}]},"s":{"a":1,"k":[{"o":{"x":0,"y":0},"i":{"x":0.58,"y":1},"s":[100,100],"t":0},{"o":{"x":0,"y":0},"i":{"x":0.58,"y":1},"s":[100,100],"t":60},{"s":[100,100],"t":120}]},"sk":{"a":0,"k":0},"p":{"a":1,"k":[{"o":{"x":0,"y":0},"i":{"x":0.58,"y":1},"s":[102.25,136.31],"t":0},{"o":{"x":0,"y":0},"i":{"x":0.58,"y":1},"s":[102.25,186.31],"t":60},{"s":[102.25,136.31],"t":120}]},"r":{"a":1,"k":[{"o":{"x":0,"y":0},"i":{"x":0.58,"y":1},"s":[0],"t":0},{"o":{"x":0,"y":0},"i":{"x":0.58,"y":1},"s":[0],"t":60},{"s":[0],"t":120}]},"sa":{"a":0,"k":0},"o":{"a":1,"k":[{"o":{"x":0,"y":0},"i":{"x":0.58,"y":1},"s":[100],"t":0},{"o":{"x":0,"y":0},"i":{"x":0.58,"y":1},"s":[100],"t":60},{"s":[100],"t":120}]}},"shapes":[{"ty":"sh","bm":0,"hd":false,"nm":"","d":1,"ks":{"a":1,"k":[{"o":{"x":0,"y":0},"i":{"x":0.58,"y":1},"s":[{"c":false,"i":[[0,0],[0,0]],"o":[[0,0],[0,0]],"v":[[0,103.52],[3.49,0]]}],"t":0},{"o":{"x":0,"y":0},"i":{"x":0.58,"y":1},"s":[{"c":false,"i":[[0,0],[0,0]],"o":[[0,0],[0,0]],"v":[[0,103.52],[3.49,0]]}],"t":60},{"s":[{"c":false,"i":[[0,0],[0,0]],"o":[[0,0],[0,0]],"v":[[0,103.52],[3.49,0]]}],"t":120}]}},{"ty":"st","bm":0,"hd":false,"nm":"","lc":2,"lj":1,"ml":10,"o":{"a":1,"k":[{"o":{"x":0,"y":0},"i":{"x":0.58,"y":1},"s":[100],"t":0},{"o":{"x":0,"y":0},"i":{"x":0.58,"y":1},"s":[100],"t":60},{"s":[100],"t":120}]},"w":{"a":1,"k":[{"o":{"x":0,"y":0},"i":{"x":0.58,"y":1},"s":[3],"t":0},{"o":{"x":0,"y":0},"i":{"x":0.58,"y":1},"s":[3],"t":60},{"s":[3],"t":120}]},"c":{"a":1,"k":[{"o":{"x":0,"y":0},"i":{"x":0.58,"y":1},"s":[0.7647,0.3765,0.3451],"t":0},{"o":{"x":0,"y":0},"i":{"x":0.58,"y":1},"s":[0.7647,0.3765,0.3451],"t":60},{"s":[0.7647,0.3765,0.3451],"t":120}]}}],"ind":8,"parent":7},{"ty":4,"nm":"Vector","sr":1,"st":0,"op":121,"ip":0,"hd":false,"ddd":0,"bm":0,"hasMask":false,"ao":0,"ks":{"a":{"a":1,"k":[{"o":{"x":0,"y":0},"i":{"x":0.58,"y":1},"s":[3.45,51.76],"t":0},{"o":{"x":0,"y":0},"i":{"x":0.58,"y":1},"s":[3.45,51.76],"t":60},{"s":[3.45,51.76],"t":120}]},"s":{"a":1,"k":[{"o":{"x":0,"y":0},"i":{"x":0.58,"y":1},"s":[100,100],"t":0},{"o":{"x":0,"y":0},"i":{"x":0.58,"y":1},"s":[100,100],"t":60},{"s":[100,100],"t":120}]},"sk":{"a":0,"k":0},"p":{"a":1,"k":[{"o":{"x":0,"y":0},"i":{"x":0.58,"y":1},"s":[117.58,136.31],"t":0},{"o":{"x":0,"y":0},"i":{"x":0.58,"y":1},"s":[117.58,186.31],"t":60},{"s":[117.58,136.31],"t":120}]},"r":{"a":1,"k":[{"o":{"x":0,"y":0},"i":{"x":0.58,"y":1},"s":[0],"t":0},{"o":{"x":0,"y":0},"i":{"x":0.58,"y":1},"s":[0],"t":60},{"s":[0],"t":120}]},"sa":{"a":0,"k":0},"o":{"a":1,"k":[{"o":{"x":0,"y":0},"i":{"x":0.58,"y":1},"s":[100],"t":0},{"o":{"x":0,"y":0},"i":{"x":0.58,"y":1},"s":[100],"t":60},{"s":[100],"t":120}]}},"shapes":[{"ty":"sh","bm":0,"hd":false,"nm":"","d":1,"ks":{"a":1,"k":[{"o":{"x":0,"y":0},"i":{"x":0.58,"y":1},"s":[{"c":false,"i":[[0,0],[0,0]],"o":[[0,0],[0,0]],"v":[[0,103.52],[6.9,0]]}],"t":0},{"o":{"x":0,"y":0},"i":{"x":0.58,"y":1},"s":[{"c":false,"i":[[0,0],[0,0]],"o":[[0,0],[0,0]],"v":[[0,103.52],[6.9,0]]}],"t":60},{"s":[{"c":false,"i":[[0,0],[0,0]],"o":[[0,0],[0,0]],"v":[[0,103.52],[6.9,0]]}],"t":120}]}},{"ty":"st","bm":0,"hd":false,"nm":"","lc":2,"lj":1,"ml":10,"o":{"a":1,"k":[{"o":{"x":0,"y":0},"i":{"x":0.58,"y":1},"s":[100],"t":0},{"o":{"x":0,"y":0},"i":{"x":0.58,"y":1},"s":[100],"t":60},{"s":[100],"t":120}]},"w":{"a":1,"k":[{"o":{"x":0,"y":0},"i":{"x":0.58,"y":1},"s":[3],"t":0},{"o":{"x":0,"y":0},"i":{"x":0.58,"y":1},"s":[3],"t":60},{"s":[3],"t":120}]},"c":{"a":1,"k":[{"o":{"x":0,"y":0},"i":{"x":0.58,"y":1},"s":[0.7647,0.3765,0.3451],"t":0},{"o":{"x":0,"y":0},"i":{"x":0.58,"y":1},"s":[0.7647,0.3765,0.3451],"t":60},{"s":[0.7647,0.3765,0.3451],"t":120}]}}],"ind":9,"parent":7},{"ty":4,"nm":"Vector","sr":1,"st":0,"op":121,"ip":0,"hd":false,"ddd":0,"bm":0,"hasMask":false,"ao":0,"ks":{"a":{"a":1,"k":[{"o":{"x":0,"y":0},"i":{"x":0.58,"y":1},"s":[3.45,51.76],"t":0},{"o":{"x":0,"y":0},"i":{"x":0.58,"y":1},"s":[3.45,51.76],"t":60},{"s":[3.45,51.76],"t":120}]},"s":{"a":1,"k":[{"o":{"x":0,"y":0},"i":{"x":0.58,"y":1},"s":[100,100],"t":0},{"o":{"x":0,"y":0},"i":{"x":0.58,"y":1},"s":[100,100],"t":60},{"s":[100,100],"t":120}]},"sk":{"a":0,"k":0},"p":{"a":1,"k":[{"o":{"x":0,"y":0},"i":{"x":0.58,"y":1},"s":[134.62,136.31],"t":0},{"o":{"x":0,"y":0},"i":{"x":0.58,"y":1},"s":[134.62,186.31],"t":60},{"s":[134.62,136.31],"t":120}]},"r":{"a":1,"k":[{"o":{"x":0,"y":0},"i":{"x":0.58,"y":1},"s":[0],"t":0},{"o":{"x":0,"y":0},"i":{"x":0.58,"y":1},"s":[0],"t":60},{"s":[0],"t":120}]},"sa":{"a":0,"k":0},"o":{"a":1,"k":[{"o":{"x":0,"y":0},"i":{"x":0.58,"y":1},"s":[100],"t":0},{"o":{"x":0,"y":0},"i":{"x":0.58,"y":1},"s":[100],"t":60},{"s":[100],"t":120}]}},"shapes":[{"ty":"sh","bm":0,"hd":false,"nm":"","d":1,"ks":{"a":1,"k":[{"o":{"x":0,"y":0},"i":{"x":0.58,"y":1},"s":[{"c":false,"i":[[0,0],[0,0]],"o":[[0,0],[0,0]],"v":[[0,103.52],[6.9,0]]}],"t":0},{"o":{"x":0,"y":0},"i":{"x":0.58,"y":1},"s":[{"c":false,"i":[[0,0],[0,0]],"o":[[0,0],[0,0]],"v":[[0,103.52],[6.9,0]]}],"t":60},{"s":[{"c":false,"i":[[0,0],[0,0]],"o":[[0,0],[0,0]],"v":[[0,103.52],[6.9,0]]}],"t":120}]}},{"ty":"st","bm":0,"hd":false,"nm":"","lc":2,"lj":1,"ml":10,"o":{"a":1,"k":[{"o":{"x":0,"y":0},"i":{"x":0.58,"y":1},"s":[100],"t":0},{"o":{"x":0,"y":0},"i":{"x":0.58,"y":1},"s":[100],"t":60},{"s":[100],"t":120}]},"w":{"a":1,"k":[{"o":{"x":0,"y":0},"i":{"x":0.58,"y":1},"s":[3],"t":0},{"o":{"x":0,"y":0},"i":{"x":0.58,"y":1},"s":[3],"t":60},{"s":[3],"t":120}]},"c":{"a":1,"k":[{"o":{"x":0,"y":0},"i":{"x":0.58,"y":1},"s":[0.7647,0.3765,0.3451],"t":0},{"o":{"x":0,"y":0},"i":{"x":0.58,"y":1},"s":[0.7647,0.3765,0.3451],"t":60},{"s":[0.7647,0.3765,0.3451],"t":120}]}}],"ind":10,"parent":7},{"ty":4,"nm":"Vector","sr":1,"st":0,"op":121,"ip":0,"hd":false,"ddd":0,"bm":0,"hasMask":false,"ao":0,"ks":{"a":{"a":1,"k":[{"o":{"x":0,"y":0},"i":{"x":0.58,"y":1},"s":[0.14,51.77],"t":0},{"o":{"x":0,"y":0},"i":{"x":0.58,"y":1},"s":[0.14,51.77],"t":60},{"s":[0.14,51.77],"t":120}]},"s":{"a":1,"k":[{"o":{"x":0,"y":0},"i":{"x":0.58,"y":1},"s":[100,100],"t":0},{"o":{"x":0,"y":0},"i":{"x":0.58,"y":1},"s":[100,100],"t":60},{"s":[100,100],"t":120}]},"sk":{"a":0,"k":0},"p":{"a":1,"k":[{"o":{"x":0,"y":0},"i":{"x":0.58,"y":1},"s":[86.95,136.58],"t":0},{"o":{"x":0,"y":0},"i":{"x":0.58,"y":1},"s":[86.95,186.58],"t":60},{"s":[86.95,136.58],"t":120}]},"r":{"a":1,"k":[{"o":{"x":0,"y":0},"i":{"x":0.58,"y":1},"s":[0],"t":0},{"o":{"x":0,"y":0},"i":{"x":0.58,"y":1},"s":[0],"t":60},{"s":[0],"t":120}]},"sa":{"a":0,"k":0},"o":{"a":1,"k":[{"o":{"x":0,"y":0},"i":{"x":0.58,"y":1},"s":[100],"t":0},{"o":{"x":0,"y":0},"i":{"x":0.58,"y":1},"s":[100],"t":60},{"s":[100],"t":120}]}},"shapes":[{"ty":"sh","bm":0,"hd":false,"nm":"","d":1,"ks":{"a":1,"k":[{"o":{"x":0,"y":0},"i":{"x":0.58,"y":1},"s":[{"c":false,"i":[[0,0],[0,0]],"o":[[0,0],[0,0]],"v":[[0,0],[0.29,103.54]]}],"t":0},{"o":{"x":0,"y":0},"i":{"x":0.58,"y":1},"s":[{"c":false,"i":[[0,0],[0,0]],"o":[[0,0],[0,0]],"v":[[0,0],[0.29,103.54]]}],"t":60},{"s":[{"c":false,"i":[[0,0],[0,0]],"o":[[0,0],[0,0]],"v":[[0,0],[0.29,103.54]]}],"t":120}]}},{"ty":"st","bm":0,"hd":false,"nm":"","lc":2,"lj":1,"ml":10,"o":{"a":1,"k":[{"o":{"x":0,"y":0},"i":{"x":0.58,"y":1},"s":[100],"t":0},{"o":{"x":0,"y":0},"i":{"x":0.58,"y":1},"s":[100],"t":60},{"s":[100],"t":120}]},"w":{"a":1,"k":[{"o":{"x":0,"y":0},"i":{"x":0.58,"y":1},"s":[3],"t":0},{"o":{"x":0,"y":0},"i":{"x":0.58,"y":1},"s":[3],"t":60},{"s":[3],"t":120}]},"c":{"a":1,"k":[{"o":{"x":0,"y":0},"i":{"x":0.58,"y":1},"s":[0.7647,0.3765,0.3451],"t":0},{"o":{"x":0,"y":0},"i":{"x":0.58,"y":1},"s":[0.7647,0.3765,0.3451],"t":60},{"s":[0.7647,0.3765,0.3451],"t":120}]}}],"ind":11,"parent":7},{"ty":4,"nm":"Vector","sr":1,"st":0,"op":121,"ip":0,"hd":false,"ddd":0,"bm":0,"hasMask":false,"ao":0,"ks":{"a":{"a":1,"k":[{"o":{"x":0,"y":0},"i":{"x":0.58,"y":1},"s":[1.74,51.77],"t":0},{"o":{"x":0,"y":0},"i":{"x":0.58,"y":1},"s":[1.74,51.77],"t":60},{"s":[1.74,51.77],"t":120}]},"s":{"a":1,"k":[{"o":{"x":0,"y":0},"i":{"x":0.58,"y":1},"s":[100,100],"t":0},{"o":{"x":0,"y":0},"i":{"x":0.58,"y":1},"s":[100,100],"t":60},{"s":[100,100],"t":120}]},"sk":{"a":0,"k":0},"p":{"a":1,"k":[{"o":{"x":0,"y":0},"i":{"x":0.58,"y":1},"s":[71.5,136.58],"t":0},{"o":{"x":0,"y":0},"i":{"x":0.58,"y":1},"s":[71.5,186.58],"t":60},{"s":[71.5,136.58],"t":120}]},"r":{"a":1,"k":[{"o":{"x":0,"y":0},"i":{"x":0.58,"y":1},"s":[0],"t":0},{"o":{"x":0,"y":0},"i":{"x":0.58,"y":1},"s":[0],"t":60},{"s":[0],"t":120}]},"sa":{"a":0,"k":0},"o":{"a":1,"k":[{"o":{"x":0,"y":0},"i":{"x":0.58,"y":1},"s":[100],"t":0},{"o":{"x":0,"y":0},"i":{"x":0.58,"y":1},"s":[100],"t":60},{"s":[100],"t":120}]}},"shapes":[{"ty":"sh","bm":0,"hd":false,"nm":"","d":1,"ks":{"a":1,"k":[{"o":{"x":0,"y":0},"i":{"x":0.58,"y":1},"s":[{"c":false,"i":[[0,0],[0,0]],"o":[[0,0],[0,0]],"v":[[0,0],[3.48,103.54]]}],"t":0},{"o":{"x":0,"y":0},"i":{"x":0.58,"y":1},"s":[{"c":false,"i":[[0,0],[0,0]],"o":[[0,0],[0,0]],"v":[[0,0],[3.48,103.54]]}],"t":60},{"s":[{"c":false,"i":[[0,0],[0,0]],"o":[[0,0],[0,0]],"v":[[0,0],[3.48,103.54]]}],"t":120}]}},{"ty":"st","bm":0,"hd":false,"nm":"","lc":2,"lj":1,"ml":10,"o":{"a":1,"k":[{"o":{"x":0,"y":0},"i":{"x":0.58,"y":1},"s":[100],"t":0},{"o":{"x":0,"y":0},"i":{"x":0.58,"y":1},"s":[100],"t":60},{"s":[100],"t":120}]},"w":{"a":1,"k":[{"o":{"x":0,"y":0},"i":{"x":0.58,"y":1},"s":[3],"t":0},{"o":{"x":0,"y":0},"i":{"x":0.58,"y":1},"s":[3],"t":60},{"s":[3],"t":120}]},"c":{"a":1,"k":[{"o":{"x":0,"y":0},"i":{"x":0.58,"y":1},"s":[0.7647,0.3765,0.3451],"t":0},{"o":{"x":0,"y":0},"i":{"x":0.58,"y":1},"s":[0.7647,0.3765,0.3451],"t":60},{"s":[0.7647,0.3765,0.3451],"t":120}]}}],"ind":12,"parent":7},{"ty":4,"nm":"Vector","sr":1,"st":0,"op":121,"ip":0,"hd":false,"ddd":0,"bm":0,"hasMask":false,"ao":0,"ks":{"a":{"a":1,"k":[{"o":{"x":0,"y":0},"i":{"x":0.58,"y":1},"s":[3.44,51.77],"t":0},{"o":{"x":0,"y":0},"i":{"x":0.58,"y":1},"s":[3.44,51.77],"t":60},{"s":[3.44,51.77],"t":120}]},"s":{"a":1,"k":[{"o":{"x":0,"y":0},"i":{"x":0.58,"y":1},"s":[100,100],"t":0},{"o":{"x":0,"y":0},"i":{"x":0.58,"y":1},"s":[100,100],"t":60},{"s":[100,100],"t":120}]},"sk":{"a":0,"k":0},"p":{"a":1,"k":[{"o":{"x":0,"y":0},"i":{"x":0.58,"y":1},"s":[56.16,136.58],"t":0},{"o":{"x":0,"y":0},"i":{"x":0.58,"y":1},"s":[56.16,186.58],"t":60},{"s":[56.16,136.58],"t":120}]},"r":{"a":1,"k":[{"o":{"x":0,"y":0},"i":{"x":0.58,"y":1},"s":[0],"t":0},{"o":{"x":0,"y":0},"i":{"x":0.58,"y":1},"s":[0],"t":60},{"s":[0],"t":120}]},"sa":{"a":0,"k":0},"o":{"a":1,"k":[{"o":{"x":0,"y":0},"i":{"x":0.58,"y":1},"s":[100],"t":0},{"o":{"x":0,"y":0},"i":{"x":0.58,"y":1},"s":[100],"t":60},{"s":[100],"t":120}]}},"shapes":[{"ty":"sh","bm":0,"hd":false,"nm":"","d":1,"ks":{"a":1,"k":[{"o":{"x":0,"y":0},"i":{"x":0.58,"y":1},"s":[{"c":false,"i":[[0,0],[0,0]],"o":[[0,0],[0,0]],"v":[[0,0],[6.88,103.54]]}],"t":0},{"o":{"x":0,"y":0},"i":{"x":0.58,"y":1},"s":[{"c":false,"i":[[0,0],[0,0]],"o":[[0,0],[0,0]],"v":[[0,0],[6.88,103.54]]}],"t":60},{"s":[{"c":false,"i":[[0,0],[0,0]],"o":[[0,0],[0,0]],"v":[[0,0],[6.88,103.54]]}],"t":120}]}},{"ty":"st","bm":0,"hd":false,"nm":"","lc":2,"lj":1,"ml":10,"o":{"a":1,"k":[{"o":{"x":0,"y":0},"i":{"x":0.58,"y":1},"s":[100],"t":0},{"o":{"x":0,"y":0},"i":{"x":0.58,"y":1},"s":[100],"t":60},{"s":[100],"t":120}]},"w":{"a":1,"k":[{"o":{"x":0,"y":0},"i":{"x":0.58,"y":1},"s":[3],"t":0},{"o":{"x":0,"y":0},"i":{"x":0.58,"y":1},"s":[3],"t":60},{"s":[3],"t":120}]},"c":{"a":1,"k":[{"o":{"x":0,"y":0},"i":{"x":0.58,"y":1},"s":[0.7647,0.3765,0.3451],"t":0},{"o":{"x":0,"y":0},"i":{"x":0.58,"y":1},"s":[0.7647,0.3765,0.3451],"t":60},{"s":[0.7647,0.3765,0.3451],"t":120}]}}],"ind":13,"parent":7},{"ty":4,"nm":"Vector","sr":1,"st":0,"op":121,"ip":0,"hd":false,"ddd":0,"bm":0,"hasMask":false,"ao":0,"ks":{"a":{"a":1,"k":[{"o":{"x":0,"y":0},"i":{"x":0.58,"y":1},"s":[3.44,51.77],"t":0},{"o":{"x":0,"y":0},"i":{"x":0.58,"y":1},"s":[3.44,51.77],"t":60},{"s":[3.44,51.77],"t":120}]},"s":{"a":1,"k":[{"o":{"x":0,"y":0},"i":{"x":0.58,"y":1},"s":[100,100],"t":0},{"o":{"x":0,"y":0},"i":{"x":0.58,"y":1},"s":[100,100],"t":60},{"s":[100,100],"t":120}]},"sk":{"a":0,"k":0},"p":{"a":1,"k":[{"o":{"x":0,"y":0},"i":{"x":0.58,"y":1},"s":[39.12,136.58],"t":0},{"o":{"x":0,"y":0},"i":{"x":0.58,"y":1},"s":[39.12,186.58],"t":60},{"s":[39.12,136.58],"t":120}]},"r":{"a":1,"k":[{"o":{"x":0,"y":0},"i":{"x":0.58,"y":1},"s":[0],"t":0},{"o":{"x":0,"y":0},"i":{"x":0.58,"y":1},"s":[0],"t":60},{"s":[0],"t":120}]},"sa":{"a":0,"k":0},"o":{"a":1,"k":[{"o":{"x":0,"y":0},"i":{"x":0.58,"y":1},"s":[100],"t":0},{"o":{"x":0,"y":0},"i":{"x":0.58,"y":1},"s":[100],"t":60},{"s":[100],"t":120}]}},"shapes":[{"ty":"sh","bm":0,"hd":false,"nm":"","d":1,"ks":{"a":1,"k":[{"o":{"x":0,"y":0},"i":{"x":0.58,"y":1},"s":[{"c":false,"i":[[0,0],[0,0]],"o":[[0,0],[0,0]],"v":[[0,0],[6.88,103.54]]}],"t":0},{"o":{"x":0,"y":0},"i":{"x":0.58,"y":1},"s":[{"c":false,"i":[[0,0],[0,0]],"o":[[0,0],[0,0]],"v":[[0,0],[6.88,103.54]]}],"t":60},{"s":[{"c":false,"i":[[0,0],[0,0]],"o":[[0,0],[0,0]],"v":[[0,0],[6.88,103.54]]}],"t":120}]}},{"ty":"st","bm":0,"hd":false,"nm":"","lc":2,"lj":1,"ml":10,"o":{"a":1,"k":[{"o":{"x":0,"y":0},"i":{"x":0.58,"y":1},"s":[100],"t":0},{"o":{"x":0,"y":0},"i":{"x":0.58,"y":1},"s":[100],"t":60},{"s":[100],"t":120}]},"w":{"a":1,"k":[{"o":{"x":0,"y":0},"i":{"x":0.58,"y":1},"s":[3],"t":0},{"o":{"x":0,"y":0},"i":{"x":0.58,"y":1},"s":[3],"t":60},{"s":[3],"t":120}]},"c":{"a":1,"k":[{"o":{"x":0,"y":0},"i":{"x":0.58,"y":1},"s":[0.7647,0.3765,0.3451],"t":0},{"o":{"x":0,"y":0},"i":{"x":0.58,"y":1},"s":[0.7647,0.3765,0.3451],"t":60},{"s":[0.7647,0.3765,0.3451],"t":120}]}}],"ind":14,"parent":7},{"ty":4,"nm":"Vector","sr":1,"st":0,"op":121,"ip":0,"hd":false,"ddd":0,"bm":0,"hasMask":false,"ao":0,"ks":{"a":{"a":1,"k":[{"o":{"x":0,"y":0},"i":{"x":0.58,"y":1},"s":[86.3,14.58],"t":0},{"o":{"x":0,"y":0},"i":{"x":0.58,"y":1},"s":[86.3,14.58],"t":60},{"s":[86.3,14.58],"t":120}]},"s":{"a":1,"k":[{"o":{"x":0,"y":0},"i":{"x":0.58,"y":1},"s":[100,100],"t":0},{"o":{"x":0,"y":0},"i":{"x":0.58,"y":1},"s":[100,100],"t":60},{"s":[100,100],"t":120}]},"sk":{"a":0,"k":0},"p":{"a":1,"k":[{"o":{"x":0,"y":0},"i":{"x":0.58,"y":1},"s":[86.3,50.99],"t":0},{"o":{"x":0,"y":0},"i":{"x":0.58,"y":1},"s":[86.3,100.99],"t":60},{"s":[86.3,50.99],"t":120}]},"r":{"a":1,"k":[{"o":{"x":0,"y":0},"i":{"x":0.58,"y":1},"s":[0],"t":0},{"o":{"x":0,"y":0},"i":{"x":0.58,"y":1},"s":[0],"t":60},{"s":[0],"t":120}]},"sa":{"a":0,"k":0},"o":{"a":1,"k":[{"o":{"x":0,"y":0},"i":{"x":0.58,"y":1},"s":[100],"t":0},{"o":{"x":0,"y":0},"i":{"x":0.58,"y":1},"s":[100],"t":60},{"s":[100],"t":120}]}},"shapes":[{"ty":"sh","bm":0,"hd":false,"nm":"","d":1,"ks":{"a":1,"k":[{"o":{"x":0,"y":0},"i":{"x":0.58,"y":1},"s":[{"c":true,"i":[[0,0],[0,0],[0,0],[9.41,0],[0,0],[0,9.41],[0,0]],"o":[[0,0],[0,0],[0,9.41],[0,0],[-9.41,0],[0,0],[0,0]],"v":[[0,0],[172.6,0],[172.6,12.12],[155.56,29.16],[17.04,29.16],[0,12.12],[0,0]]}],"t":0},{"o":{"x":0,"y":0},"i":{"x":0.58,"y":1},"s":[{"c":true,"i":[[0,0],[0,0],[0,0],[9.41,0],[0,0],[0,9.41],[0,0]],"o":[[0,0],[0,0],[0,9.41],[0,0],[-9.41,0],[0,0],[0,0]],"v":[[0,0],[172.6,0],[172.6,12.12],[155.56,29.16],[17.04,29.16],[0,12.12],[0,0]]}],"t":60},{"s":[{"c":true,"i":[[0,0],[0,0],[0,0],[9.41,0],[0,0],[0,9.41],[0,0]],"o":[[0,0],[0,0],[0,9.41],[0,0],[-9.41,0],[0,0],[0,0]],"v":[[0,0],[172.6,0],[172.6,12.12],[155.56,29.16],[17.04,29.16],[0,12.12],[0,0]]}],"t":120}]}},{"ty":"fl","bm":0,"hd":false,"nm":"","c":{"a":1,"k":[{"o":{"x":0,"y":0},"i":{"x":0.58,"y":1},"s":[0.2353,0.2353,0.2314],"t":0},{"o":{"x":0,"y":0},"i":{"x":0.58,"y":1},"s":[0.2353,0.2353,0.2314],"t":60},{"s":[0.2353,0.2353,0.2314],"t":120}]},"r":1,"o":{"a":1,"k":[{"o":{"x":0,"y":0},"i":{"x":0.58,"y":1},"s":[100],"t":0},{"o":{"x":0,"y":0},"i":{"x":0.58,"y":1},"s":[100],"t":60},{"s":[100],"t":120}]}}],"ind":15,"parent":7},{"ty":4,"nm":"Vector","sr":1,"st":0,"op":121,"ip":0,"hd":false,"ddd":0,"bm":0,"hasMask":false,"ao":0,"ks":{"a":{"a":1,"k":[{"o":{"x":0,"y":0},"i":{"x":0.58,"y":1},"s":[69.95,76.84],"t":0},{"o":{"x":0,"y":0},"i":{"x":0.58,"y":1},"s":[69.95,76.84],"t":60},{"s":[69.95,76.84],"t":120}]},"s":{"a":1,"k":[{"o":{"x":0,"y":0},"i":{"x":0.58,"y":1},"s":[100,100],"t":0},{"o":{"x":0,"y":0},"i":{"x":0.58,"y":1},"s":[100,100],"t":60},{"s":[100,100],"t":120}]},"sk":{"a":0,"k":0},"p":{"a":1,"k":[{"o":{"x":0,"y":0},"i":{"x":0.58,"y":1},"s":[86.89,136.31],"t":0},{"o":{"x":0,"y":0},"i":{"x":0.58,"y":1},"s":[86.89,186.31],"t":60},{"s":[86.89,136.31],"t":120}]},"r":{"a":1,"k":[{"o":{"x":0,"y":0},"i":{"x":0.58,"y":1},"s":[0],"t":0},{"o":{"x":0,"y":0},"i":{"x":0.58,"y":1},"s":[0],"t":60},{"s":[0],"t":120}]},"sa":{"a":0,"k":0},"o":{"a":1,"k":[{"o":{"x":0,"y":0},"i":{"x":0.58,"y":1},"s":[100],"t":0},{"o":{"x":0,"y":0},"i":{"x":0.58,"y":1},"s":[100],"t":60},{"s":[100],"t":120}]}},"shapes":[{"ty":"sh","bm":0,"hd":false,"nm":"","d":1,"ks":{"a":1,"k":[{"o":{"x":0,"y":0},"i":{"x":0.58,"y":1},"s":[{"c":true,"i":[[0,0],[0,0],[0.36,5.37],[0,0],[0,0],[0,0],[5.38,0],[0,0]],"o":[[0,0],[-5.38,0],[0,0],[0,0],[0,0],[-0.36,5.37],[0,0],[0,0]],"v":[[120.12,153.68],[19.8,153.68],[9.59,144.14],[0,0],[139.9,0],[130.31,144.14],[120.1,153.68],[120.12,153.68]]}],"t":0},{"o":{"x":0,"y":0},"i":{"x":0.58,"y":1},"s":[{"c":true,"i":[[0,0],[0,0],[0.36,5.37],[0,0],[0,0],[0,0],[5.38,0],[0,0]],"o":[[0,0],[-5.38,0],[0,0],[0,0],[0,0],[-0.36,5.37],[0,0],[0,0]],"v":[[120.12,153.68],[19.8,153.68],[9.59,144.14],[0,0],[139.9,0],[130.31,144.14],[120.1,153.68],[120.12,153.68]]}],"t":60},{"s":[{"c":true,"i":[[0,0],[0,0],[0.36,5.37],[0,0],[0,0],[0,0],[5.38,0],[0,0]],"o":[[0,0],[-5.38,0],[0,0],[0,0],[0,0],[-0.36,5.37],[0,0],[0,0]],"v":[[120.12,153.68],[19.8,153.68],[9.59,144.14],[0,0],[139.9,0],[130.31,144.14],[120.1,153.68],[120.12,153.68]]}],"t":120}]}},{"ty":"fl","bm":0,"hd":false,"nm":"","c":{"a":1,"k":[{"o":{"x":0,"y":0},"i":{"x":0.58,"y":1},"s":[0.8706,0.4667,0.4353],"t":0},{"o":{"x":0,"y":0},"i":{"x":0.58,"y":1},"s":[0.8706,0.4667,0.4353],"t":60},{"s":[0.8706,0.4667,0.4353],"t":120}]},"r":1,"o":{"a":1,"k":[{"o":{"x":0,"y":0},"i":{"x":0.58,"y":1},"s":[100],"t":0},{"o":{"x":0,"y":0},"i":{"x":0.58,"y":1},"s":[100],"t":60},{"s":[100],"t":120}]}}],"ind":16,"parent":7},{"ty":4,"nm":"Vector","sr":1,"st":0,"op":121,"ip":0,"hd":false,"ddd":0,"bm":0,"hasMask":false,"ao":0,"ks":{"a":{"a":1,"k":[{"o":{"x":0,"y":0},"i":{"x":0.58,"y":1},"s":[77.22,14.58],"t":0},{"o":{"x":0,"y":0},"i":{"x":0.58,"y":1},"s":[77.22,14.58],"t":60},{"s":[77.22,14.58],"t":120}]},"s":{"a":1,"k":[{"o":{"x":0,"y":0},"i":{"x":0.58,"y":1},"s":[100,100],"t":0},{"o":{"x":0,"y":0},"i":{"x":0.58,"y":1},"s":[100,100],"t":60},{"s":[100,100],"t":120}]},"sk":{"a":0,"k":0},"p":{"a":1,"k":[{"o":{"x":0,"y":0},"i":{"x":0.58,"y":1},"s":[86.32,25.41],"t":0},{"o":{"x":0,"y":0},"i":{"x":0.58,"y":1},"s":[86.32,25.42],"t":60},{"s":[86.32,25.41],"t":120}]},"r":{"a":1,"k":[{"o":{"x":0,"y":0},"i":{"x":0.58,"y":1},"s":[0],"t":0},{"o":{"x":0,"y":0},"i":{"x":0.58,"y":1},"s":[0],"t":60},{"s":[0],"t":120}]},"sa":{"a":0,"k":0},"o":{"a":1,"k":[{"o":{"x":0,"y":0},"i":{"x":0.58,"y":1},"s":[100],"t":0},{"o":{"x":0,"y":0},"i":{"x":0.58,"y":1},"s":[100],"t":60},{"s":[100],"t":120}]}},"shapes":[{"ty":"sh","bm":0,"hd":false,"nm":"","d":1,"ks":{"a":1,"k":[{"o":{"x":0,"y":0},"i":{"x":0.58,"y":1},"s":[{"c":true,"i":[[0,0],[0,0],[0,-8.89],[0,0],[0,0],[0,0],[-8.89,0]],"o":[[0,0],[8.89,0],[0,0],[0,0],[0,0],[0,-8.89],[0,0]],"v":[[16.12,0],[138.31,0],[154.43,16.12],[154.43,29.16],[0,29.16],[0,16.12],[16.12,0]]}],"t":0},{"o":{"x":0,"y":0},"i":{"x":0.58,"y":1},"s":[{"c":true,"i":[[0,0],[0,0],[0,-8.89],[0,0],[0,0],[0,0],[-8.89,0]],"o":[[0,0],[8.89,0],[0,0],[0,0],[0,0],[0,-8.89],[0,0]],"v":[[16.12,0],[138.31,0],[154.43,16.12],[154.43,29.16],[0,29.16],[0,16.12],[16.12,0]]}],"t":60},{"s":[{"c":true,"i":[[0,0],[0,0],[0,-8.89],[0,0],[0,0],[0,0],[-8.89,0]],"o":[[0,0],[8.89,0],[0,0],[0,0],[0,0],[0,-8.89],[0,0]],"v":[[16.12,0],[138.31,0],[154.43,16.12],[154.43,29.16],[0,29.16],[0,16.12],[16.12,0]]}],"t":120}]}},{"ty":"fl","bm":0,"hd":false,"nm":"","c":{"a":1,"k":[{"o":{"x":0,"y":0},"i":{"x":0.58,"y":1},"s":[0.7647,0.3765,0.3451],"t":0},{"o":{"x":0,"y":0},"i":{"x":0.58,"y":1},"s":[0.7647,0.3765,0.3451],"t":60},{"s":[0.7647,0.3765,0.3451],"t":120}]},"r":1,"o":{"a":1,"k":[{"o":{"x":0,"y":0},"i":{"x":0.58,"y":1},"s":[100],"t":0},{"o":{"x":0,"y":0},"i":{"x":0.58,"y":1},"s":[100],"t":60},{"s":[100],"t":120}]}}],"ind":17,"parent":7},{"ty":4,"nm":"Vector","sr":1,"st":0,"op":121,"ip":0,"hd":false,"ddd":0,"bm":0,"hasMask":false,"ao":0,"ks":{"a":{"a":1,"k":[{"o":{"x":0,"y":0},"i":{"x":0.58,"y":1},"s":[43.89,8.33],"t":0},{"o":{"x":0,"y":0},"i":{"x":0.58,"y":1},"s":[43.89,8.33],"t":60},{"s":[43.89,8.33],"t":120}]},"s":{"a":1,"k":[{"o":{"x":0,"y":0},"i":{"x":0.58,"y":1},"s":[100,100],"t":0},{"o":{"x":0,"y":0},"i":{"x":0.58,"y":1},"s":[100,100],"t":60},{"s":[100,100],"t":120}]},"sk":{"a":0,"k":0},"p":{"a":1,"k":[{"o":{"x":0,"y":0},"i":{"x":0.58,"y":1},"s":[87.08,8.33],"t":0},{"o":{"x":0,"y":0},"i":{"x":0.58,"y":1},"s":[87.08,8.33],"t":60},{"s":[87.08,8.33],"t":120}]},"r":{"a":1,"k":[{"o":{"x":0,"y":0},"i":{"x":0.58,"y":1},"s":[0],"t":0},{"o":{"x":0,"y":0},"i":{"x":0.58,"y":1},"s":[0],"t":60},{"s":[0],"t":120}]},"sa":{"a":0,"k":0},"o":{"a":1,"k":[{"o":{"x":0,"y":0},"i":{"x":0.58,"y":1},"s":[100],"t":0},{"o":{"x":0,"y":0},"i":{"x":0.58,"y":1},"s":[100],"t":60},{"s":[100],"t":120}]}},"shapes":[{"ty":"sh","bm":0,"hd":false,"nm":"","d":1,"ks":{"a":1,"k":[{"o":{"x":0,"y":0},"i":{"x":0.58,"y":1},"s":[{"c":false,"i":[[0,0],[-9.2,0],[0,0],[0,-9.2]],"o":[[0,-9.2],[0,0],[9.2,0],[0,0]],"v":[[0,16.67],[16.67,0],[71.11,0],[87.77,16.67]]}],"t":0},{"o":{"x":0,"y":0},"i":{"x":0.58,"y":1},"s":[{"c":false,"i":[[0,0],[-9.2,0],[0,0],[0,-9.2]],"o":[[0,-9.2],[0,0],[9.2,0],[0,0]],"v":[[0,16.67],[16.67,0],[71.11,0],[87.77,16.67]]}],"t":60},{"s":[{"c":false,"i":[[0,0],[-9.2,0],[0,0],[0,-9.2]],"o":[[0,-9.2],[0,0],[9.2,0],[0,0]],"v":[[0,16.67],[16.67,0],[71.11,0],[87.77,16.67]]}],"t":120}]}},{"ty":"st","bm":0,"hd":false,"nm":"","lc":1,"lj":1,"ml":10,"o":{"a":1,"k":[{"o":{"x":0,"y":0},"i":{"x":0.58,"y":1},"s":[100],"t":0},{"o":{"x":0,"y":0},"i":{"x":0.58,"y":1},"s":[100],"t":60},{"s":[100],"t":120}]},"w":{"a":1,"k":[{"o":{"x":0,"y":0},"i":{"x":0.58,"y":1},"s":[3],"t":0},{"o":{"x":0,"y":0},"i":{"x":0.58,"y":1},"s":[3],"t":60},{"s":[3],"t":120}]},"c":{"a":1,"k":[{"o":{"x":0,"y":0},"i":{"x":0.58,"y":1},"s":[0.2353,0.2353,0.2314],"t":0},{"o":{"x":0,"y":0},"i":{"x":0.58,"y":1},"s":[0.2353,0.2353,0.2314],"t":60},{"s":[0.2353,0.2353,0.2314],"t":120}]}}],"ind":18,"parent":7},{"ty":4,"nm":"Vector","sr":1,"st":0,"op":121,"ip":0,"hd":false,"ddd":0,"bm":0,"hasMask":false,"ao":0,"ks":{"a":{"a":1,"k":[{"o":{"x":0,"y":0},"i":{"x":0.58,"y":1},"s":[49.3,12.97],"t":0},{"o":{"x":0,"y":0},"i":{"x":0.58,"y":1},"s":[49.3,12.97],"t":60},{"s":[49.3,12.97],"t":120}]},"s":{"a":1,"k":[{"o":{"x":0,"y":0},"i":{"x":0.58,"y":1},"s":[100,100],"t":0},{"o":{"x":0,"y":0},"i":{"x":0.58,"y":1},"s":[100,100],"t":60},{"s":[100,100],"t":120}]},"sk":{"a":0,"k":0},"p":{"a":1,"k":[{"o":{"x":0,"y":0},"i":{"x":0.58,"y":1},"s":[92.19,41.34],"t":0},{"o":{"x":0,"y":0},"i":{"x":0.58,"y":1},"s":[92.19,91.34],"t":60},{"s":[92.19,41.34],"t":120}]},"r":{"a":1,"k":[{"o":{"x":0,"y":0},"i":{"x":0.58,"y":1},"s":[0],"t":0},{"o":{"x":0,"y":0},"i":{"x":0.58,"y":1},"s":[0],"t":60},{"s":[0],"t":120}]},"sa":{"a":0,"k":0},"o":{"a":1,"k":[{"o":{"x":0,"y":0},"i":{"x":0.58,"y":1},"s":[100],"t":0},{"o":{"x":0,"y":0},"i":{"x":0.58,"y":1},"s":[100],"t":60},{"s":[100],"t":120}]}},"shapes":[{"ty":"sh","bm":0,"hd":false,"nm":"","d":1,"ks":{"a":1,"k":[{"o":{"x":0,"y":0},"i":{"x":0.58,"y":1},"s":[{"c":true,"i":[[0,0],[0,0],[-10.89,6.05],[-6.1,0],[-5.86,-8.33]],"o":[[0,0],[5.09,-3.94],[8.11,-4.53],[27.95,0],[0,0]],"v":[[98.59,25.93],[0,25.93],[26.67,8.01],[49.11,0],[98.59,25.93]]}],"t":0},{"o":{"x":0,"y":0},"i":{"x":0.58,"y":1},"s":[{"c":true,"i":[[0,0],[0,0],[-10.89,6.05],[-6.1,0],[-5.86,-8.33]],"o":[[0,0],[5.09,-3.94],[8.11,-4.53],[27.95,0],[0,0]],"v":[[98.59,25.93],[0,25.93],[26.67,8.01],[49.11,0],[98.59,25.93]]}],"t":60},{"s":[{"c":true,"i":[[0,0],[0,0],[-10.89,6.05],[-6.1,0],[-5.86,-8.33]],"o":[[0,0],[5.09,-3.94],[8.11,-4.53],[27.95,0],[0,0]],"v":[[98.59,25.93],[0,25.93],[26.67,8.01],[49.11,0],[98.59,25.93]]}],"t":120}]}},{"ty":"fl","bm":0,"hd":false,"nm":"","c":{"a":1,"k":[{"o":{"x":0,"y":0},"i":{"x":0.58,"y":1},"s":[0.6471,0.6432,0.6432],"t":0},{"o":{"x":0,"y":0},"i":{"x":0.58,"y":1},"s":[0.6471,0.6432,0.6432],"t":60},{"s":[0.6471,0.6432,0.6432],"t":120}]},"r":1,"o":{"a":1,"k":[{"o":{"x":0,"y":0},"i":{"x":0.58,"y":1},"s":[100],"t":0},{"o":{"x":0,"y":0},"i":{"x":0.58,"y":1},"s":[100],"t":60},{"s":[100],"t":120}]}}],"ind":19,"parent":7},{"ty":4,"nm":"Vector","sr":1,"st":0,"op":121,"ip":0,"hd":false,"ddd":0,"bm":0,"hasMask":false,"ao":0,"ks":{"a":{"a":1,"k":[{"o":{"x":0,"y":0},"i":{"x":0.58,"y":1},"s":[58.85,20.29],"t":0},{"o":{"x":0,"y":0},"i":{"x":0.58,"y":1},"s":[58.85,20.29],"t":60},{"s":[58.85,20.29],"t":120}]},"s":{"a":1,"k":[{"o":{"x":0,"y":0},"i":{"x":0.58,"y":1},"s":[100,100],"t":0},{"o":{"x":0,"y":0},"i":{"x":0.58,"y":1},"s":[100,100],"t":60},{"s":[100,100],"t":120}]},"sk":{"a":0,"k":0},"p":{"a":1,"k":[{"o":{"x":0,"y":0},"i":{"x":0.58,"y":1},"s":[92.83,34.01],"t":0},{"o":{"x":0,"y":0},"i":{"x":0.58,"y":1},"s":[92.83,84.01],"t":60},{"s":[92.83,34.01],"t":120}]},"r":{"a":1,"k":[{"o":{"x":0,"y":0},"i":{"x":0.58,"y":1},"s":[0],"t":0},{"o":{"x":0,"y":0},"i":{"x":0.58,"y":1},"s":[0],"t":60},{"s":[0],"t":120}]},"sa":{"a":0,"k":0},"o":{"a":1,"k":[{"o":{"x":0,"y":0},"i":{"x":0.58,"y":1},"s":[100],"t":0},{"o":{"x":0,"y":0},"i":{"x":0.58,"y":1},"s":[100],"t":60},{"s":[100],"t":120}]}},"shapes":[{"ty":"sh","bm":0,"hd":false,"nm":"","d":1,"ks":{"a":1,"k":[{"o":{"x":0,"y":0},"i":{"x":0.58,"y":1},"s":[{"c":true,"i":[[0,0],[0,0],[0,0],[0,0],[0,0]],"o":[[0,0],[0,0],[0,0],[0,0],[0,0]],"v":[[117.7,40.59],[0,40.59],[29.8,20.06],[58.92,0],[117.7,40.59]]}],"t":0},{"o":{"x":0,"y":0},"i":{"x":0.58,"y":1},"s":[{"c":true,"i":[[0,0],[0,0],[0,0],[0,0],[0,0]],"o":[[0,0],[0,0],[0,0],[0,0],[0,0]],"v":[[117.7,40.59],[0,40.59],[29.8,20.06],[58.92,0],[117.7,40.59]]}],"t":60},{"s":[{"c":true,"i":[[0,0],[0,0],[0,0],[0,0],[0,0]],"o":[[0,0],[0,0],[0,0],[0,0],[0,0]],"v":[[117.7,40.59],[0,40.59],[29.8,20.06],[58.92,0],[117.7,40.59]]}],"t":120}]}},{"ty":"fl","bm":0,"hd":false,"nm":"","c":{"a":1,"k":[{"o":{"x":0,"y":0},"i":{"x":0.58,"y":1},"s":[0.9255,0.9255,0.9255],"t":0},{"o":{"x":0,"y":0},"i":{"x":0.58,"y":1},"s":[0.9255,0.9255,0.9255],"t":60},{"s":[0.9255,0.9255,0.9255],"t":120}]},"r":1,"o":{"a":1,"k":[{"o":{"x":0,"y":0},"i":{"x":0.58,"y":1},"s":[100],"t":0},{"o":{"x":0,"y":0},"i":{"x":0.58,"y":1},"s":[100],"t":60},{"s":[100],"t":120}]}}],"ind":20,"parent":7},{"ty":4,"nm":"Vector","sr":1,"st":0,"op":121,"ip":0,"hd":false,"ddd":0,"bm":0,"hasMask":false,"ao":0,"ks":{"a":{"a":1,"k":[{"o":{"x":0,"y":0},"i":{"x":0.58,"y":1},"s":[20.85,17.7],"t":0},{"o":{"x":0,"y":0},"i":{"x":0.58,"y":1},"s":[20.85,17.7],"t":60},{"s":[20.85,17.7],"t":120}]},"s":{"a":1,"k":[{"o":{"x":0,"y":0},"i":{"x":0.58,"y":1},"s":[100,100],"t":0},{"o":{"x":0,"y":0},"i":{"x":0.58,"y":1},"s":[100,100],"t":60},{"s":[100,100],"t":120}]},"sk":{"a":0,"k":0},"p":{"a":1,"k":[{"o":{"x":0,"y":0},"i":{"x":0.58,"y":1},"s":[42.93,36.61],"t":0},{"o":{"x":0,"y":0},"i":{"x":0.58,"y":1},"s":[42.93,86.61],"t":60},{"s":[42.93,36.61],"t":120}]},"r":{"a":1,"k":[{"o":{"x":0,"y":0},"i":{"x":0.58,"y":1},"s":[0],"t":0},{"o":{"x":0,"y":0},"i":{"x":0.58,"y":1},"s":[0],"t":60},{"s":[0],"t":120}]},"sa":{"a":0,"k":0},"o":{"a":1,"k":[{"o":{"x":0,"y":0},"i":{"x":0.58,"y":1},"s":[100],"t":0},{"o":{"x":0,"y":0},"i":{"x":0.58,"y":1},"s":[100],"t":60},{"s":[100],"t":120}]}},"shapes":[{"ty":"sh","bm":0,"hd":false,"nm":"","d":1,"ks":{"a":1,"k":[{"o":{"x":0,"y":0},"i":{"x":0.58,"y":1},"s":[{"c":true,"i":[[0,0],[0,0],[0,0],[0,0],[0,0]],"o":[[0,0],[0,0],[0,0],[0,0],[0,0]],"v":[[41.7,14.86],[11.89,35.39],[0,35.39],[8.55,0],[41.7,14.86]]}],"t":0},{"o":{"x":0,"y":0},"i":{"x":0.58,"y":1},"s":[{"c":true,"i":[[0,0],[0,0],[0,0],[0,0],[0,0]],"o":[[0,0],[0,0],[0,0],[0,0],[0,0]],"v":[[41.7,14.86],[11.89,35.39],[0,35.39],[8.55,0],[41.7,14.86]]}],"t":60},{"s":[{"c":true,"i":[[0,0],[0,0],[0,0],[0,0],[0,0]],"o":[[0,0],[0,0],[0,0],[0,0],[0,0]],"v":[[41.7,14.86],[11.89,35.39],[0,35.39],[8.55,0],[41.7,14.86]]}],"t":120}]}},{"ty":"fl","bm":0,"hd":false,"nm":"","c":{"a":1,"k":[{"o":{"x":0,"y":0},"i":{"x":0.58,"y":1},"s":[0.6471,0.6432,0.6432],"t":0},{"o":{"x":0,"y":0},"i":{"x":0.58,"y":1},"s":[0.6471,0.6432,0.6432],"t":60},{"s":[0.6471,0.6432,0.6432],"t":120}]},"r":1,"o":{"a":1,"k":[{"o":{"x":0,"y":0},"i":{"x":0.58,"y":1},"s":[100],"t":0},{"o":{"x":0,"y":0},"i":{"x":0.58,"y":1},"s":[100],"t":60},{"s":[100],"t":120}]}}],"ind":21,"parent":7}],"v":"5.7.0","fr":60,"op":120,"ip":0,"assets":[]}