{"nm":"Frame 44","ddd":0,"h":163.67,"w":239.41,"meta":{"g":"LottieFiles Figma v46"},"layers":[{"ty":0,"nm":"Vache","sr":1,"st":0,"op":181,"ip":0,"hd":false,"ddd":0,"bm":0,"hasMask":true,"ao":0,"ks":{"a":{"a":1,"k":[{"o":{"x":0,"y":0},"i":{"x":0.58,"y":1},"s":[119.71,81.83],"t":0},{"o":{"x":0,"y":0},"i":{"x":0.58,"y":1},"s":[119.71,81.83],"t":60},{"o":{"x":0,"y":0},"i":{"x":0.58,"y":1},"s":[119.71,81.83],"t":120},{"s":[119.71,81.83],"t":180}]},"s":{"a":1,"k":[{"o":{"x":0,"y":0},"i":{"x":0.58,"y":1},"s":[100,100],"t":0},{"o":{"x":0,"y":0},"i":{"x":0.58,"y":1},"s":[100,100],"t":60},{"o":{"x":0,"y":0},"i":{"x":0.58,"y":1},"s":[100,100],"t":120},{"s":[100,100],"t":180}]},"sk":{"a":0,"k":0},"p":{"a":1,"k":[{"o":{"x":0,"y":0},"i":{"x":0.58,"y":1},"s":[119.71,81.83],"t":0},{"o":{"x":0,"y":0},"i":{"x":0.58,"y":1},"s":[119.71,81.83],"t":60},{"o":{"x":0,"y":0},"i":{"x":0.58,"y":1},"s":[119.71,81.83],"t":120},{"s":[119.71,81.83],"t":180}]},"r":{"a":1,"k":[{"o":{"x":0,"y":0},"i":{"x":0.58,"y":1},"s":[0],"t":0},{"o":{"x":0,"y":0},"i":{"x":0.58,"y":1},"s":[0],"t":60},{"o":{"x":0,"y":0},"i":{"x":0.58,"y":1},"s":[0],"t":120},{"s":[0],"t":180}]},"sa":{"a":0,"k":0},"o":{"a":1,"k":[{"o":{"x":0,"y":0},"i":{"x":0.58,"y":1},"s":[100],"t":0},{"o":{"x":0,"y":0},"i":{"x":0.58,"y":1},"s":[100],"t":60},{"o":{"x":0,"y":0},"i":{"x":0.58,"y":1},"s":[100],"t":120},{"s":[100],"t":180}]}},"masksProperties":[{"nm":"","inv":false,"mode":"a","x":{"a":0,"k":0},"o":{"a":0,"k":100},"pt":{"a":1,"k":[{"o":{"x":0,"y":0},"i":{"x":0.58,"y":1},"s":[{"c":true,"i":[[0,0],[0,0],[0,0],[0,0]],"o":[[0,0],[0,0],[0,0],[0,0]],"v":[[0,0],[239.41,0],[239.41,163.67],[0,163.67]]}],"t":0},{"o":{"x":0,"y":0},"i":{"x":0.58,"y":1},"s":[{"c":true,"i":[[0,0],[0,0],[0,0],[0,0]],"o":[[0,0],[0,0],[0,0],[0,0]],"v":[[0,0],[239.41,0],[239.41,163.67],[0,163.67]]}],"t":60},{"o":{"x":0,"y":0},"i":{"x":0.58,"y":1},"s":[{"c":true,"i":[[0,0],[0,0],[0,0],[0,0]],"o":[[0,0],[0,0],[0,0],[0,0]],"v":[[0,0],[239.41,0],[239.41,163.67],[0,163.67]]}],"t":120},{"s":[{"c":true,"i":[[0,0],[0,0],[0,0],[0,0]],"o":[[0,0],[0,0],[0,0],[0,0]],"v":[[0,0],[239.41,0],[239.41,163.67],[0,163.67]]}],"t":180}]}}],"w":239.41000366210938,"h":163.67,"refId":"1","ind":1}],"v":"5.7.0","fr":60,"op":180,"ip":0,"assets":[{"nm":"[Asset] Vache","id":"1","layers":[{"ty":0,"nm":"Calque_13","sr":1,"st":0,"op":181,"ip":0,"hd":false,"ddd":0,"bm":0,"hasMask":true,"ao":0,"ks":{"a":{"a":1,"k":[{"o":{"x":0,"y":0},"i":{"x":0.58,"y":1},"s":[50.64,137.64],"t":0},{"o":{"x":0,"y":0},"i":{"x":0.58,"y":1},"s":[50.64,137.64],"t":60},{"o":{"x":0,"y":0},"i":{"x":0.58,"y":1},"s":[50.64,137.64],"t":120},{"s":[50.64,137.64],"t":180}]},"s":{"a":1,"k":[{"o":{"x":0,"y":0},"i":{"x":0.58,"y":1},"s":[100,100],"t":0},{"o":{"x":0,"y":0},"i":{"x":0.58,"y":1},"s":[100,100],"t":60},{"o":{"x":0,"y":0},"i":{"x":0.58,"y":1},"s":[100,100],"t":120},{"s":[100,100],"t":180}]},"sk":{"a":0,"k":0},"p":{"a":1,"k":[{"o":{"x":0,"y":0},"i":{"x":0.58,"y":1},"s":[119.64,81.64],"t":0},{"o":{"x":0,"y":0},"i":{"x":0.58,"y":1},"s":[119.64,81.64],"t":60},{"o":{"x":0,"y":0},"i":{"x":0.58,"y":1},"s":[119.64,81.64],"t":120},{"s":[119.64,81.64],"t":180}]},"r":{"a":1,"k":[{"o":{"x":0,"y":0},"i":{"x":0.58,"y":1},"s":[0],"t":0},{"o":{"x":0,"y":0},"i":{"x":0.58,"y":1},"s":[0],"t":60},{"o":{"x":0,"y":0},"i":{"x":0.58,"y":1},"s":[0],"t":120},{"s":[0],"t":180}]},"sa":{"a":0,"k":0},"o":{"a":1,"k":[{"o":{"x":0,"y":0},"i":{"x":0.58,"y":1},"s":[100],"t":0},{"o":{"x":0,"y":0},"i":{"x":0.58,"y":1},"s":[100],"t":60},{"o":{"x":0,"y":0},"i":{"x":0.58,"y":1},"s":[100],"t":120},{"s":[100],"t":180}]}},"ef":[],"masksProperties":[{"nm":"","inv":false,"mode":"a","x":{"a":0,"k":0},"o":{"a":0,"k":100},"pt":{"a":1,"k":[{"o":{"x":0,"y":0},"i":{"x":0.58,"y":1},"s":[{"c":true,"i":[[0,0],[0,0],[0,0],[0,0]],"o":[[0,0],[0,0],[0,0],[0,0]],"v":[[0,0],[101.28,0],[101.28,275.28],[0,275.28]]}],"t":0},{"o":{"x":0,"y":0},"i":{"x":0.58,"y":1},"s":[{"c":true,"i":[[0,0],[0,0],[0,0],[0,0]],"o":[[0,0],[0,0],[0,0],[0,0]],"v":[[0,0],[101.28,0],[101.28,275.28],[0,275.28]]}],"t":60},{"o":{"x":0,"y":0},"i":{"x":0.58,"y":1},"s":[{"c":true,"i":[[0,0],[0,0],[0,0],[0,0]],"o":[[0,0],[0,0],[0,0],[0,0]],"v":[[0,0],[101.28,0],[101.28,275.28],[0,275.28]]}],"t":120},{"s":[{"c":true,"i":[[0,0],[0,0],[0,0],[0,0]],"o":[[0,0],[0,0],[0,0],[0,0]],"v":[[0,0],[101.28,0],[101.28,275.28],[0,275.28]]}],"t":180}]}}],"w":239.41,"h":275.2799987792969,"refId":"2","ind":1},{"ty":4,"nm":"Vector","sr":1,"st":0,"op":181,"ip":0,"hd":false,"ddd":0,"bm":0,"hasMask":false,"ao":0,"ks":{"a":{"a":1,"k":[{"o":{"x":0,"y":0},"i":{"x":0.58,"y":1},"s":[0,0.13],"t":0},{"o":{"x":0,"y":0},"i":{"x":0.58,"y":1},"s":[0,0.13],"t":60},{"o":{"x":0,"y":0},"i":{"x":0.58,"y":1},"s":[0,0.13],"t":120},{"s":[0,0.13],"t":180}]},"s":{"a":1,"k":[{"o":{"x":0,"y":0},"i":{"x":0.58,"y":1},"s":[100,100],"t":0},{"o":{"x":0,"y":0},"i":{"x":0.58,"y":1},"s":[100,100],"t":60},{"o":{"x":0,"y":0},"i":{"x":0.58,"y":1},"s":[100,100],"t":120},{"s":[100,100],"t":180}]},"sk":{"a":0,"k":0},"p":{"a":1,"k":[{"o":{"x":0,"y":0},"i":{"x":0.58,"y":1},"s":[212.9,106.63],"t":0},{"o":{"x":0,"y":0},"i":{"x":0.58,"y":1},"s":[212.9,106.63],"t":60},{"o":{"x":0,"y":0},"i":{"x":0.58,"y":1},"s":[212.9,106.63],"t":120},{"s":[212.9,106.63],"t":180}]},"r":{"a":1,"k":[{"o":{"x":0,"y":0},"i":{"x":0.58,"y":1},"s":[0],"t":0},{"o":{"x":0,"y":0},"i":{"x":0.58,"y":1},"s":[0],"t":60},{"o":{"x":0,"y":0},"i":{"x":0.58,"y":1},"s":[0],"t":120},{"s":[0],"t":180}]},"sa":{"a":0,"k":0},"o":{"a":1,"k":[{"o":{"x":0,"y":0},"i":{"x":0.58,"y":1},"s":[100],"t":0},{"o":{"x":0,"y":0},"i":{"x":0.58,"y":1},"s":[100],"t":60},{"o":{"x":0,"y":0},"i":{"x":0.58,"y":1},"s":[100],"t":120},{"s":[100],"t":180}]}},"ef":[],"shapes":[{"ty":"sh","bm":0,"hd":false,"nm":"","d":1,"ks":{"a":1,"k":[{"o":{"x":0,"y":0},"i":{"x":0.58,"y":1},"s":[{"c":true,"i":[[0,0],[0,0],[0,0],[0,0],[0,0]],"o":[[0,0],[0,0],[0,0],[0,0],[0,0]],"v":[[0.74,0.27],[0.74,0],[-0.74,0],[-0.74,0.27],[0.74,0.27]]}],"t":0},{"o":{"x":0,"y":0},"i":{"x":0.58,"y":1},"s":[{"c":true,"i":[[0,0],[0,0],[0,0],[0,0],[0,0]],"o":[[0,0],[0,0],[0,0],[0,0],[0,0]],"v":[[0.74,0.27],[0.74,0],[-0.74,0],[-0.74,0.27],[0.74,0.27]]}],"t":60},{"o":{"x":0,"y":0},"i":{"x":0.58,"y":1},"s":[{"c":true,"i":[[0,0],[0,0],[0,0],[0,0],[0,0]],"o":[[0,0],[0,0],[0,0],[0,0],[0,0]],"v":[[0.74,0.27],[0.74,0],[-0.74,0],[-0.74,0.27],[0.74,0.27]]}],"t":120},{"s":[{"c":true,"i":[[0,0],[0,0],[0,0],[0,0],[0,0]],"o":[[0,0],[0,0],[0,0],[0,0],[0,0]],"v":[[0.74,0.27],[0.74,0],[-0.74,0],[-0.74,0.27],[0.74,0.27]]}],"t":180}]}},{"ty":"fl","bm":0,"hd":false,"nm":"","c":{"a":1,"k":[{"o":{"x":0,"y":0},"i":{"x":0.58,"y":1},"s":[1,0.9333,0.2314],"t":0},{"o":{"x":0,"y":0},"i":{"x":0.58,"y":1},"s":[1,0.9333,0.2314],"t":60},{"o":{"x":0,"y":0},"i":{"x":0.58,"y":1},"s":[1,0.9333,0.2314],"t":120},{"s":[1,0.9333,0.2314],"t":180}]},"r":1,"o":{"a":1,"k":[{"o":{"x":0,"y":0},"i":{"x":0.58,"y":1},"s":[100],"t":0},{"o":{"x":0,"y":0},"i":{"x":0.58,"y":1},"s":[100],"t":60},{"o":{"x":0,"y":0},"i":{"x":0.58,"y":1},"s":[100],"t":120},{"s":[100],"t":180}]}}],"ind":2},{"ty":4,"nm":"Vector","sr":1,"st":0,"op":181,"ip":0,"hd":false,"ddd":0,"bm":0,"hasMask":false,"ao":0,"ks":{"a":{"a":1,"k":[{"o":{"x":0,"y":0},"i":{"x":0.58,"y":1},"s":[3.42,3.42],"t":0},{"o":{"x":0,"y":0},"i":{"x":0.58,"y":1},"s":[3.5,0.5],"t":60},{"o":{"x":0,"y":0},"i":{"x":0.58,"y":1},"s":[3.42,3.42],"t":120},{"s":[3.42,3.42],"t":180}]},"s":{"a":1,"k":[{"o":{"x":0,"y":0},"i":{"x":0.58,"y":1},"s":[100,100],"t":0},{"o":{"x":0,"y":0},"i":{"x":0.58,"y":1},"s":[100,100],"t":60},{"o":{"x":0,"y":0},"i":{"x":0.58,"y":1},"s":[100,100],"t":120},{"s":[100,100],"t":180}]},"sk":{"a":0,"k":0},"p":{"a":1,"k":[{"o":{"x":0,"y":0},"i":{"x":0.58,"y":1},"s":[54.86,20.83],"t":0},{"o":{"x":0,"y":0},"i":{"x":0.58,"y":1},"s":[54.5,23.5],"t":60},{"o":{"x":0,"y":0},"i":{"x":0.58,"y":1},"s":[54.86,20.83],"t":120},{"s":[54.86,20.83],"t":180}]},"r":{"a":1,"k":[{"o":{"x":0,"y":0},"i":{"x":0.58,"y":1},"s":[0],"t":0},{"o":{"x":0,"y":0},"i":{"x":0.58,"y":1},"s":[0],"t":60},{"o":{"x":0,"y":0},"i":{"x":0.58,"y":1},"s":[0],"t":120},{"s":[0],"t":180}]},"sa":{"a":0,"k":0},"o":{"a":1,"k":[{"o":{"x":0,"y":0},"i":{"x":0.58,"y":1},"s":[100],"t":0},{"o":{"x":0,"y":0},"i":{"x":0.58,"y":1},"s":[100],"t":60},{"o":{"x":0,"y":0},"i":{"x":0.58,"y":1},"s":[100],"t":120},{"s":[100],"t":180}]}},"ef":[],"shapes":[{"ty":"sh","bm":0,"hd":false,"nm":"","d":1,"ks":{"a":1,"k":[{"o":{"x":0,"y":0},"i":{"x":0.58,"y":1},"s":[{"c":true,"i":[[0,0],[0,1.89],[1.89,0],[0,-1.89],[-1.89,0]],"o":[[1.89,0],[0,-1.89],[-1.89,0],[0,1.89],[0,0]],"v":[[3.42,6.84],[6.84,3.42],[3.42,0],[0,3.42],[3.42,6.84]]}],"t":0},{"o":{"x":0,"y":0},"i":{"x":0.58,"y":1},"s":[{"c":true,"i":[[0,0],[0,0.28],[1.93,0],[0,-0.28],[-1.93,0]],"o":[[1.93,0],[0,-0.28],[-1.93,0],[0,0.28],[0,0]],"v":[[3.5,1],[7,0.5],[3.5,0],[0,0.5],[3.5,1]]}],"t":60},{"o":{"x":0,"y":0},"i":{"x":0.58,"y":1},"s":[{"c":true,"i":[[0,0],[0,1.89],[1.89,0],[0,-1.89],[-1.89,0]],"o":[[1.89,0],[0,-1.89],[-1.89,0],[0,1.89],[0,0]],"v":[[3.42,6.84],[6.84,3.42],[3.42,0],[0,3.42],[3.42,6.84]]}],"t":120},{"s":[{"c":true,"i":[[0,0],[0,1.89],[1.89,0],[0,-1.89],[-1.89,0]],"o":[[1.89,0],[0,-1.89],[-1.89,0],[0,1.89],[0,0]],"v":[[3.42,6.84],[6.84,3.42],[3.42,0],[0,3.42],[3.42,6.84]]}],"t":180}]}},{"ty":"fl","bm":0,"hd":false,"nm":"","c":{"a":1,"k":[{"o":{"x":0,"y":0},"i":{"x":0.58,"y":1},"s":[0.6471,0.6431,0.6431],"t":0},{"o":{"x":0,"y":0},"i":{"x":0.58,"y":1},"s":[0.6471,0.6431,0.6431],"t":60},{"o":{"x":0,"y":0},"i":{"x":0.58,"y":1},"s":[0.6471,0.6431,0.6431],"t":120},{"s":[0.6471,0.6431,0.6431],"t":180}]},"r":1,"o":{"a":1,"k":[{"o":{"x":0,"y":0},"i":{"x":0.58,"y":1},"s":[100],"t":0},{"o":{"x":0,"y":0},"i":{"x":0.58,"y":1},"s":[100],"t":60},{"o":{"x":0,"y":0},"i":{"x":0.58,"y":1},"s":[100],"t":120},{"s":[100],"t":180}]}}],"ind":3},{"ty":4,"nm":"Vector","sr":1,"st":0,"op":181,"ip":0,"hd":false,"ddd":0,"bm":0,"hasMask":false,"ao":0,"ks":{"a":{"a":1,"k":[{"o":{"x":0,"y":0},"i":{"x":0.58,"y":1},"s":[3.42,3.42],"t":0},{"o":{"x":0,"y":0},"i":{"x":0.58,"y":1},"s":[3,0.5],"t":60},{"o":{"x":0,"y":0},"i":{"x":0.58,"y":1},"s":[3.42,3.42],"t":120},{"s":[3.42,3.42],"t":180}]},"s":{"a":1,"k":[{"o":{"x":0,"y":0},"i":{"x":0.58,"y":1},"s":[100,100],"t":0},{"o":{"x":0,"y":0},"i":{"x":0.58,"y":1},"s":[100,100],"t":60},{"o":{"x":0,"y":0},"i":{"x":0.58,"y":1},"s":[100,100],"t":120},{"s":[100,100],"t":180}]},"sk":{"a":0,"k":0},"p":{"a":1,"k":[{"o":{"x":0,"y":0},"i":{"x":0.58,"y":1},"s":[34.07,20.83],"t":0},{"o":{"x":0,"y":0},"i":{"x":0.58,"y":1},"s":[34,23.5],"t":60},{"o":{"x":0,"y":0},"i":{"x":0.58,"y":1},"s":[34.07,20.83],"t":120},{"s":[34.07,20.83],"t":180}]},"r":{"a":1,"k":[{"o":{"x":0,"y":0},"i":{"x":0.58,"y":1},"s":[0],"t":0},{"o":{"x":0,"y":0},"i":{"x":0.58,"y":1},"s":[0],"t":60},{"o":{"x":0,"y":0},"i":{"x":0.58,"y":1},"s":[0],"t":120},{"s":[0],"t":180}]},"sa":{"a":0,"k":0},"o":{"a":1,"k":[{"o":{"x":0,"y":0},"i":{"x":0.58,"y":1},"s":[100],"t":0},{"o":{"x":0,"y":0},"i":{"x":0.58,"y":1},"s":[100],"t":60},{"o":{"x":0,"y":0},"i":{"x":0.58,"y":1},"s":[100],"t":120},{"s":[100],"t":180}]}},"ef":[],"shapes":[{"ty":"sh","bm":0,"hd":false,"nm":"","d":1,"ks":{"a":1,"k":[{"o":{"x":0,"y":0},"i":{"x":0.58,"y":1},"s":[{"c":true,"i":[[0,0],[0,1.89],[1.89,0],[0,-1.89],[-1.89,0]],"o":[[1.89,0],[0,-1.89],[-1.89,0],[0,1.89],[0,0]],"v":[[3.42,6.84],[6.84,3.42],[3.42,0],[0,3.42],[3.42,6.84]]}],"t":0},{"o":{"x":0,"y":0},"i":{"x":0.58,"y":1},"s":[{"c":true,"i":[[0,0],[0,0.28],[1.66,0],[0,-0.28],[-1.66,0]],"o":[[1.66,0],[0,-0.28],[-1.66,0],[0,0.28],[0,0]],"v":[[3,1],[6,0.5],[3,0],[0,0.5],[3,1]]}],"t":60},{"o":{"x":0,"y":0},"i":{"x":0.58,"y":1},"s":[{"c":true,"i":[[0,0],[0,1.89],[1.89,0],[0,-1.89],[-1.89,0]],"o":[[1.89,0],[0,-1.89],[-1.89,0],[0,1.89],[0,0]],"v":[[3.42,6.84],[6.84,3.42],[3.42,0],[0,3.42],[3.42,6.84]]}],"t":120},{"s":[{"c":true,"i":[[0,0],[0,1.89],[1.89,0],[0,-1.89],[-1.89,0]],"o":[[1.89,0],[0,-1.89],[-1.89,0],[0,1.89],[0,0]],"v":[[3.42,6.84],[6.84,3.42],[3.42,0],[0,3.42],[3.42,6.84]]}],"t":180}]}},{"ty":"fl","bm":0,"hd":false,"nm":"","c":{"a":1,"k":[{"o":{"x":0,"y":0},"i":{"x":0.58,"y":1},"s":[0.6471,0.6431,0.6431],"t":0},{"o":{"x":0,"y":0},"i":{"x":0.58,"y":1},"s":[0.6471,0.6431,0.6431],"t":60},{"o":{"x":0,"y":0},"i":{"x":0.58,"y":1},"s":[0.6471,0.6431,0.6431],"t":120},{"s":[0.6471,0.6431,0.6431],"t":180}]},"r":1,"o":{"a":1,"k":[{"o":{"x":0,"y":0},"i":{"x":0.58,"y":1},"s":[100],"t":0},{"o":{"x":0,"y":0},"i":{"x":0.58,"y":1},"s":[100],"t":60},{"o":{"x":0,"y":0},"i":{"x":0.58,"y":1},"s":[100],"t":120},{"s":[100],"t":180}]}}],"ind":4},{"ty":4,"nm":"Vector","sr":1,"st":0,"op":181,"ip":0,"hd":false,"ddd":0,"bm":0,"hasMask":false,"ao":0,"ks":{"a":{"a":1,"k":[{"o":{"x":0,"y":0},"i":{"x":0.58,"y":1},"s":[10.1,5.05],"t":0},{"o":{"x":0,"y":0},"i":{"x":0.58,"y":1},"s":[10.1,5.05],"t":60},{"o":{"x":0,"y":0},"i":{"x":0.58,"y":1},"s":[10.1,5.05],"t":120},{"s":[10.1,5.05],"t":180}]},"s":{"a":1,"k":[{"o":{"x":0,"y":0},"i":{"x":0.58,"y":1},"s":[100,100],"t":0},{"o":{"x":0,"y":0},"i":{"x":0.58,"y":1},"s":[100,100],"t":60},{"o":{"x":0,"y":0},"i":{"x":0.58,"y":1},"s":[100,100],"t":120},{"s":[100,100],"t":180}]},"sk":{"a":0,"k":0},"p":{"a":1,"k":[{"o":{"x":0,"y":0},"i":{"x":0.58,"y":1},"s":[44.47,51.47],"t":0},{"o":{"x":0,"y":0},"i":{"x":0.58,"y":1},"s":[44.47,51.47],"t":60},{"o":{"x":0,"y":0},"i":{"x":0.58,"y":1},"s":[44.47,51.47],"t":120},{"s":[44.47,51.47],"t":180}]},"r":{"a":1,"k":[{"o":{"x":0,"y":0},"i":{"x":0.58,"y":1},"s":[0],"t":0},{"o":{"x":0,"y":0},"i":{"x":0.58,"y":1},"s":[0],"t":60},{"o":{"x":0,"y":0},"i":{"x":0.58,"y":1},"s":[0],"t":120},{"s":[0],"t":180}]},"sa":{"a":0,"k":0},"o":{"a":1,"k":[{"o":{"x":0,"y":0},"i":{"x":0.58,"y":1},"s":[100],"t":0},{"o":{"x":0,"y":0},"i":{"x":0.58,"y":1},"s":[100],"t":60},{"o":{"x":0,"y":0},"i":{"x":0.58,"y":1},"s":[100],"t":120},{"s":[100],"t":180}]}},"ef":[],"shapes":[{"ty":"sh","bm":0,"hd":false,"nm":"","d":1,"ks":{"a":1,"k":[{"o":{"x":0,"y":0},"i":{"x":0.58,"y":1},"s":[{"c":true,"i":[[0,0],[5.58,0],[0,-5.58],[0,0]],"o":[[0,-5.58],[-5.58,0],[0,0],[0,0]],"v":[[20.2,10.1],[10.1,0],[0,10.1],[20.2,10.1]]}],"t":0},{"o":{"x":0,"y":0},"i":{"x":0.58,"y":1},"s":[{"c":true,"i":[[0,0],[5.58,0],[0,-5.58],[0,0]],"o":[[0,-5.58],[-5.58,0],[0,0],[0,0]],"v":[[20.2,10.1],[10.1,0],[0,10.1],[20.2,10.1]]}],"t":60},{"o":{"x":0,"y":0},"i":{"x":0.58,"y":1},"s":[{"c":true,"i":[[0,0],[5.58,0],[0,-5.58],[0,0]],"o":[[0,-5.58],[-5.58,0],[0,0],[0,0]],"v":[[20.2,10.1],[10.1,0],[0,10.1],[20.2,10.1]]}],"t":120},{"s":[{"c":true,"i":[[0,0],[5.58,0],[0,-5.58],[0,0]],"o":[[0,-5.58],[-5.58,0],[0,0],[0,0]],"v":[[20.2,10.1],[10.1,0],[0,10.1],[20.2,10.1]]}],"t":180}]}},{"ty":"fl","bm":0,"hd":false,"nm":"","c":{"a":1,"k":[{"o":{"x":0,"y":0},"i":{"x":0.58,"y":1},"s":[0.6471,0.6431,0.6431],"t":0},{"o":{"x":0,"y":0},"i":{"x":0.58,"y":1},"s":[0.6471,0.6431,0.6431],"t":60},{"o":{"x":0,"y":0},"i":{"x":0.58,"y":1},"s":[0.6471,0.6431,0.6431],"t":120},{"s":[0.6471,0.6431,0.6431],"t":180}]},"r":1,"o":{"a":1,"k":[{"o":{"x":0,"y":0},"i":{"x":0.58,"y":1},"s":[100],"t":0},{"o":{"x":0,"y":0},"i":{"x":0.58,"y":1},"s":[100],"t":60},{"o":{"x":0,"y":0},"i":{"x":0.58,"y":1},"s":[100],"t":120},{"s":[100],"t":180}]}}],"ind":5},{"ty":4,"nm":"Vector","sr":1,"st":0,"op":181,"ip":0,"hd":false,"ddd":0,"bm":0,"hasMask":false,"ao":0,"ks":{"a":{"a":1,"k":[{"o":{"x":0,"y":0},"i":{"x":0.58,"y":1},"s":[4.36,4.36],"t":0},{"o":{"x":0,"y":0},"i":{"x":0.58,"y":1},"s":[4.36,4.36],"t":60},{"o":{"x":0,"y":0},"i":{"x":0.58,"y":1},"s":[4.36,4.36],"t":120},{"s":[4.36,4.36],"t":180}]},"s":{"a":1,"k":[{"o":{"x":0,"y":0},"i":{"x":0.58,"y":1},"s":[100,100],"t":0},{"o":{"x":0,"y":0},"i":{"x":0.58,"y":1},"s":[100,100],"t":60},{"o":{"x":0,"y":0},"i":{"x":0.58,"y":1},"s":[100,100],"t":120},{"s":[100,100],"t":180}]},"sk":{"a":0,"k":0},"p":{"a":1,"k":[{"o":{"x":0,"y":0},"i":{"x":0.58,"y":1},"s":[235.06,85.85],"t":0},{"o":{"x":0,"y":0},"i":{"x":0.58,"y":1},"s":[235.06,85.85],"t":60},{"o":{"x":0,"y":0},"i":{"x":0.58,"y":1},"s":[224.36,87.36],"t":120},{"s":[235.06,85.85],"t":180}]},"r":{"a":1,"k":[{"o":{"x":0,"y":0},"i":{"x":0.58,"y":1},"s":[0],"t":0},{"o":{"x":0,"y":0},"i":{"x":0.58,"y":1},"s":[0],"t":60},{"o":{"x":0,"y":0},"i":{"x":0.58,"y":1},"s":[0],"t":120},{"s":[0],"t":180}]},"sa":{"a":0,"k":0},"o":{"a":1,"k":[{"o":{"x":0,"y":0},"i":{"x":0.58,"y":1},"s":[100],"t":0},{"o":{"x":0,"y":0},"i":{"x":0.58,"y":1},"s":[100],"t":60},{"o":{"x":0,"y":0},"i":{"x":0.58,"y":1},"s":[100],"t":120},{"s":[100],"t":180}]}},"ef":[],"shapes":[{"ty":"sh","bm":0,"hd":false,"nm":"","d":1,"ks":{"a":1,"k":[{"o":{"x":0,"y":0},"i":{"x":0.58,"y":1},"s":[{"c":true,"i":[[0,0],[0,2.41],[2.41,0],[0,-2.41],[-2.41,0]],"o":[[2.41,0],[0,-2.41],[-2.41,0],[0,2.41],[0,0]],"v":[[4.36,8.72],[8.72,4.36],[4.36,0],[0,4.36],[4.36,8.72]]}],"t":0},{"o":{"x":0,"y":0},"i":{"x":0.58,"y":1},"s":[{"c":true,"i":[[0,0],[0,2.41],[2.41,0],[0,-2.41],[-2.41,0]],"o":[[2.41,0],[0,-2.41],[-2.41,0],[0,2.41],[0,0]],"v":[[4.36,8.72],[8.72,4.36],[4.36,0],[0,4.36],[4.36,8.72]]}],"t":60},{"o":{"x":0,"y":0},"i":{"x":0.58,"y":1},"s":[{"c":true,"i":[[0,0],[0,2.41],[2.41,0],[0,-2.41],[-2.41,0]],"o":[[2.41,0],[0,-2.41],[-2.41,0],[0,2.41],[0,0]],"v":[[4.36,8.72],[8.72,4.36],[4.36,0],[0,4.36],[4.36,8.72]]}],"t":120},{"s":[{"c":true,"i":[[0,0],[0,2.41],[2.41,0],[0,-2.41],[-2.41,0]],"o":[[2.41,0],[0,-2.41],[-2.41,0],[0,2.41],[0,0]],"v":[[4.36,8.72],[8.72,4.36],[4.36,0],[0,4.36],[4.36,8.72]]}],"t":180}]}},{"ty":"fl","bm":0,"hd":false,"nm":"","c":{"a":1,"k":[{"o":{"x":0,"y":0},"i":{"x":0.58,"y":1},"s":[0.6471,0.6431,0.6431],"t":0},{"o":{"x":0,"y":0},"i":{"x":0.58,"y":1},"s":[0.6471,0.6431,0.6431],"t":60},{"o":{"x":0,"y":0},"i":{"x":0.58,"y":1},"s":[0.6471,0.6431,0.6431],"t":120},{"s":[0.6471,0.6431,0.6431],"t":180}]},"r":1,"o":{"a":1,"k":[{"o":{"x":0,"y":0},"i":{"x":0.58,"y":1},"s":[100],"t":0},{"o":{"x":0,"y":0},"i":{"x":0.58,"y":1},"s":[100],"t":60},{"o":{"x":0,"y":0},"i":{"x":0.58,"y":1},"s":[100],"t":120},{"s":[100],"t":180}]}}],"ind":6},{"ty":4,"nm":"Vector","sr":1,"st":0,"op":181,"ip":0,"hd":false,"ddd":0,"bm":0,"hasMask":false,"ao":0,"ks":{"a":{"a":1,"k":[{"o":{"x":0,"y":0},"i":{"x":0.58,"y":1},"s":[92.61,77.76],"t":0},{"o":{"x":0,"y":0},"i":{"x":0.58,"y":1},"s":[92.61,77.76],"t":60},{"o":{"x":0,"y":0},"i":{"x":0.58,"y":1},"s":[88.54,77.76],"t":120},{"s":[92.61,77.76],"t":180}]},"s":{"a":1,"k":[{"o":{"x":0,"y":0},"i":{"x":0.58,"y":1},"s":[100,100],"t":0},{"o":{"x":0,"y":0},"i":{"x":0.58,"y":1},"s":[100,100],"t":60},{"o":{"x":0,"y":0},"i":{"x":0.58,"y":1},"s":[100,100],"t":120},{"s":[100,100],"t":180}]},"sk":{"a":0,"k":0},"p":{"a":1,"k":[{"o":{"x":0,"y":0},"i":{"x":0.58,"y":1},"s":[140.08,85.9],"t":0},{"o":{"x":0,"y":0},"i":{"x":0.58,"y":1},"s":[140.08,85.9],"t":60},{"o":{"x":0,"y":0},"i":{"x":0.58,"y":1},"s":[136.01,85.9],"t":120},{"s":[140.08,85.9],"t":180}]},"r":{"a":1,"k":[{"o":{"x":0,"y":0},"i":{"x":0.58,"y":1},"s":[0],"t":0},{"o":{"x":0,"y":0},"i":{"x":0.58,"y":1},"s":[0],"t":60},{"o":{"x":0,"y":0},"i":{"x":0.58,"y":1},"s":[0],"t":120},{"s":[0],"t":180}]},"sa":{"a":0,"k":0},"o":{"a":1,"k":[{"o":{"x":0,"y":0},"i":{"x":0.58,"y":1},"s":[100],"t":0},{"o":{"x":0,"y":0},"i":{"x":0.58,"y":1},"s":[100],"t":60},{"o":{"x":0,"y":0},"i":{"x":0.58,"y":1},"s":[100],"t":120},{"s":[100],"t":180}]}},"ef":[],"shapes":[{"ty":"sh","bm":0,"hd":false,"nm":"","d":1,"ks":{"a":1,"k":[{"o":{"x":0,"y":0},"i":{"x":0.58,"y":1},"s":[{"c":true,"i":[[0,0],[0,0],[0,8.52],[0,0],[0,0],[-7.62,0],[0,0],[0,0],[0,0],[0,0],[0,0],[0,0],[0,0],[0,0],[0,-5.6],[0,0],[0,0],[0,0],[0,0],[0,0],[0,0],[0,0],[1.72,6.05],[0,0],[0,0],[0,0],[0,0],[-6.43,0],[0,0]],"o":[[0,0],[-8.53,0],[0,0],[0,0],[-1.74,7.43],[0,0],[0,0],[0,0],[0,0],[0,0],[0,0],[0,0],[0,0],[-5.59,0],[0,0],[0,0],[0,0],[0,0],[0,0],[0,0],[0,0],[-6.29,0],[0,0],[0,0],[0,0],[0,0],[0,6.44],[0,0],[0,0]],"v":[[185.22,75.15],[185.22,78.87],[169.77,63.43],[169.77,16.22],[153.89,84.09],[165.42,98.63],[165.42,155.53],[158.34,155.53],[144.94,104.18],[137.59,100.64],[137.59,155.53],[130.51,155.53],[113.57,91.7],[72.85,91.7],[62.73,101.84],[62.73,155.53],[54.38,155.53],[45.27,91.7],[40.46,91.7],[40.46,155.53],[32.37,155.53],[22.26,84.45],[6.28,65.66],[0,43.48],[7.38,0],[173.55,0],[173.55,63.5],[185.2,75.15],[185.22,75.15]]}],"t":0},{"o":{"x":0,"y":0},"i":{"x":0.58,"y":1},"s":[{"c":true,"i":[[0,0],[0,0],[0,8.52],[0,0],[0,0],[-7.62,0],[0,0],[0,0],[0,0],[0,0],[0,0],[0,0],[0,0],[0,0],[0,-5.6],[0,0],[0,0],[0,0],[0,0],[0,0],[0,0],[0,0],[1.72,6.05],[0,0],[0,0],[0,0],[0,0],[-6.43,0],[0,0]],"o":[[0,0],[-8.53,0],[0,0],[0,0],[-1.74,7.43],[0,0],[0,0],[0,0],[0,0],[0,0],[0,0],[0,0],[0,0],[-5.59,0],[0,0],[0,0],[0,0],[0,0],[0,0],[0,0],[0,0],[-6.29,0],[0,0],[0,0],[0,0],[0,0],[0,6.44],[0,0],[0,0]],"v":[[185.22,75.15],[185.22,78.87],[169.77,63.43],[169.77,16.22],[153.89,84.09],[165.42,98.63],[165.42,155.53],[158.34,155.53],[144.94,104.18],[137.59,100.64],[137.59,155.53],[130.51,155.53],[113.57,91.7],[72.85,91.7],[62.73,101.84],[62.73,155.53],[54.38,155.53],[45.27,91.7],[40.46,91.7],[40.46,155.53],[32.37,155.53],[22.26,84.45],[6.28,65.66],[0,43.48],[7.38,0],[173.55,0],[173.55,63.5],[185.2,75.15],[185.22,75.15]]}],"t":60},{"o":{"x":0,"y":0},"i":{"x":0.58,"y":1},"s":[{"c":true,"i":[[0,0],[0,0],[0,8.52],[0,0],[0,0],[-7.62,0],[0,0],[0,0],[0,0],[0,0],[0,0],[0,0],[0,0],[0,0],[0,-5.6],[0,0],[0,0],[0,0],[0,0],[0,0],[0,0],[0,0],[1.72,6.05],[0,0],[0,0],[0,0],[0,0],[-6.43,0],[0,0]],"o":[[0,0],[-8.53,0],[0,0],[0,0],[-1.74,7.43],[0,0],[0,0],[0,0],[0,0],[0,0],[0,0],[0,0],[0,0],[-5.59,0],[0,0],[0,0],[0,0],[0,0],[0,0],[0,0],[0,0],[-6.29,0],[0,0],[0,0],[0,0],[0,0],[0,6.44],[0,0],[0,0]],"v":[[177.09,77.31],[177.09,81.03],[161.64,65.59],[165.42,17.36],[153.89,84.09],[165.42,98.63],[165.42,155.53],[158.34,155.53],[144.94,104.18],[137.59,100.64],[137.59,155.53],[130.51,155.53],[113.57,91.7],[72.85,91.7],[62.73,101.84],[62.73,155.53],[54.38,155.53],[45.27,91.7],[40.46,91.7],[40.46,155.53],[32.37,155.53],[22.26,84.45],[6.28,65.66],[0,43.48],[7.38,0],[173.55,0],[165.42,65.66],[177.07,77.31],[177.09,77.31]]}],"t":120},{"s":[{"c":true,"i":[[0,0],[0,0],[0,8.52],[0,0],[0,0],[-7.62,0],[0,0],[0,0],[0,0],[0,0],[0,0],[0,0],[0,0],[0,0],[0,-5.6],[0,0],[0,0],[0,0],[0,0],[0,0],[0,0],[0,0],[1.72,6.05],[0,0],[0,0],[0,0],[0,0],[-6.43,0],[0,0]],"o":[[0,0],[-8.53,0],[0,0],[0,0],[-1.74,7.43],[0,0],[0,0],[0,0],[0,0],[0,0],[0,0],[0,0],[0,0],[-5.59,0],[0,0],[0,0],[0,0],[0,0],[0,0],[0,0],[0,0],[-6.29,0],[0,0],[0,0],[0,0],[0,0],[0,6.44],[0,0],[0,0]],"v":[[185.22,75.15],[185.22,78.87],[169.77,63.43],[169.77,16.22],[153.89,84.09],[165.42,98.63],[165.42,155.53],[158.34,155.53],[144.94,104.18],[137.59,100.64],[137.59,155.53],[130.51,155.53],[113.57,91.7],[72.85,91.7],[62.73,101.84],[62.73,155.53],[54.38,155.53],[45.27,91.7],[40.46,91.7],[40.46,155.53],[32.37,155.53],[22.26,84.45],[6.28,65.66],[0,43.48],[7.38,0],[173.55,0],[173.55,63.5],[185.2,75.15],[185.22,75.15]]}],"t":180}]}},{"ty":"fl","bm":0,"hd":false,"nm":"","c":{"a":1,"k":[{"o":{"x":0,"y":0},"i":{"x":0.58,"y":1},"s":[1,0.9922,0.9961],"t":0},{"o":{"x":0,"y":0},"i":{"x":0.58,"y":1},"s":[1,0.9922,0.9961],"t":60},{"o":{"x":0,"y":0},"i":{"x":0.58,"y":1},"s":[1,0.9922,0.9961],"t":120},{"s":[1,0.9922,0.9961],"t":180}]},"r":1,"o":{"a":1,"k":[{"o":{"x":0,"y":0},"i":{"x":0.58,"y":1},"s":[100],"t":0},{"o":{"x":0,"y":0},"i":{"x":0.58,"y":1},"s":[100],"t":60},{"o":{"x":0,"y":0},"i":{"x":0.58,"y":1},"s":[100],"t":120},{"s":[100],"t":180}]}}],"ind":7},{"ty":4,"nm":"Vector","sr":1,"st":0,"op":181,"ip":0,"hd":false,"ddd":0,"bm":0,"hasMask":false,"ao":0,"ks":{"a":{"a":1,"k":[{"o":{"x":0,"y":0},"i":{"x":0.58,"y":1},"s":[13.56,6.78],"t":0},{"o":{"x":0,"y":0},"i":{"x":0.58,"y":1},"s":[13.56,6.78],"t":60},{"o":{"x":0,"y":0},"i":{"x":0.58,"y":1},"s":[13.56,6.78],"t":120},{"s":[13.56,6.78],"t":180}]},"s":{"a":1,"k":[{"o":{"x":0,"y":0},"i":{"x":0.58,"y":1},"s":[100,100],"t":0},{"o":{"x":0,"y":0},"i":{"x":0.58,"y":1},"s":[100,100],"t":60},{"o":{"x":0,"y":0},"i":{"x":0.58,"y":1},"s":[100,100],"t":120},{"s":[100,100],"t":180}]},"sk":{"a":0,"k":0},"p":{"a":1,"k":[{"o":{"x":0,"y":0},"i":{"x":0.58,"y":1},"s":[13.56,27.33],"t":0},{"o":{"x":0,"y":0},"i":{"x":0.58,"y":1},"s":[13.56,18.51],"t":60},{"o":{"x":0,"y":0},"i":{"x":0.58,"y":1},"s":[19.14,31.68],"t":120},{"s":[13.56,27.33],"t":180}]},"r":{"a":1,"k":[{"o":{"x":0,"y":0},"i":{"x":0.58,"y":1},"s":[0],"t":0},{"o":{"x":0,"y":0},"i":{"x":0.58,"y":1},"s":[36.41],"t":60},{"o":{"x":0,"y":0},"i":{"x":0.58,"y":1},"s":[-30.16],"t":120},{"s":[0],"t":180}]},"sa":{"a":0,"k":0},"o":{"a":1,"k":[{"o":{"x":0,"y":0},"i":{"x":0.58,"y":1},"s":[100],"t":0},{"o":{"x":0,"y":0},"i":{"x":0.58,"y":1},"s":[100],"t":60},{"o":{"x":0,"y":0},"i":{"x":0.58,"y":1},"s":[100],"t":120},{"s":[100],"t":180}]}},"ef":[],"shapes":[{"ty":"sh","bm":0,"hd":false,"nm":"","d":1,"ks":{"a":1,"k":[{"o":{"x":0,"y":0},"i":{"x":0.58,"y":1},"s":[{"c":true,"i":[[0,0],[7.49,0],[0,7.5],[0,0]],"o":[[0,7.49],[-7.49,0],[0,0],[0,0]],"v":[[27.13,0],[13.57,13.56],[0,0],[27.13,0]]}],"t":0},{"o":{"x":0,"y":0},"i":{"x":0.58,"y":1},"s":[{"c":true,"i":[[0,0],[7.49,0],[0,7.5],[0,0]],"o":[[0,7.49],[-7.49,0],[0,0],[0,0]],"v":[[27.13,0],[13.57,13.56],[0,0],[27.13,0]]}],"t":60},{"o":{"x":0,"y":0},"i":{"x":0.58,"y":1},"s":[{"c":true,"i":[[0,0],[7.49,0],[0,7.5],[0,0]],"o":[[0,7.49],[-7.49,0],[0,0],[0,0]],"v":[[27.13,0],[13.57,13.56],[0,0],[27.13,0]]}],"t":120},{"s":[{"c":true,"i":[[0,0],[7.49,0],[0,7.5],[0,0]],"o":[[0,7.49],[-7.49,0],[0,0],[0,0]],"v":[[27.13,0],[13.57,13.56],[0,0],[27.13,0]]}],"t":180}]}},{"ty":"fl","bm":0,"hd":false,"nm":"","c":{"a":1,"k":[{"o":{"x":0,"y":0},"i":{"x":0.58,"y":1},"s":[1,0.9922,0.9961],"t":0},{"o":{"x":0,"y":0},"i":{"x":0.58,"y":1},"s":[1,0.9922,0.9961],"t":60},{"o":{"x":0,"y":0},"i":{"x":0.58,"y":1},"s":[1,0.9922,0.9961],"t":120},{"s":[1,0.9922,0.9961],"t":180}]},"r":1,"o":{"a":1,"k":[{"o":{"x":0,"y":0},"i":{"x":0.58,"y":1},"s":[100],"t":0},{"o":{"x":0,"y":0},"i":{"x":0.58,"y":1},"s":[100],"t":60},{"o":{"x":0,"y":0},"i":{"x":0.58,"y":1},"s":[100],"t":120},{"s":[100],"t":180}]}}],"ind":8},{"ty":4,"nm":"Vector","sr":1,"st":0,"op":181,"ip":0,"hd":false,"ddd":0,"bm":0,"hasMask":false,"ao":0,"ks":{"a":{"a":1,"k":[{"o":{"x":0,"y":0},"i":{"x":0.58,"y":1},"s":[17.34,27.41],"t":0},{"o":{"x":0,"y":0},"i":{"x":0.58,"y":1},"s":[17.34,27.41],"t":60},{"o":{"x":0,"y":0},"i":{"x":0.58,"y":1},"s":[17.34,27.41],"t":120},{"s":[17.34,27.41],"t":180}]},"s":{"a":1,"k":[{"o":{"x":0,"y":0},"i":{"x":0.58,"y":1},"s":[100,100],"t":0},{"o":{"x":0,"y":0},"i":{"x":0.58,"y":1},"s":[100,100],"t":60},{"o":{"x":0,"y":0},"i":{"x":0.58,"y":1},"s":[100,100],"t":120},{"s":[100,100],"t":180}]},"sk":{"a":0,"k":0},"p":{"a":1,"k":[{"o":{"x":0,"y":0},"i":{"x":0.58,"y":1},"s":[44.47,27.41],"t":0},{"o":{"x":0,"y":0},"i":{"x":0.58,"y":1},"s":[44.47,27.41],"t":60},{"o":{"x":0,"y":0},"i":{"x":0.58,"y":1},"s":[44.47,27.41],"t":120},{"s":[44.47,27.41],"t":180}]},"r":{"a":1,"k":[{"o":{"x":0,"y":0},"i":{"x":0.58,"y":1},"s":[0],"t":0},{"o":{"x":0,"y":0},"i":{"x":0.58,"y":1},"s":[0],"t":60},{"o":{"x":0,"y":0},"i":{"x":0.58,"y":1},"s":[0],"t":120},{"s":[0],"t":180}]},"sa":{"a":0,"k":0},"o":{"a":1,"k":[{"o":{"x":0,"y":0},"i":{"x":0.58,"y":1},"s":[100],"t":0},{"o":{"x":0,"y":0},"i":{"x":0.58,"y":1},"s":[100],"t":60},{"o":{"x":0,"y":0},"i":{"x":0.58,"y":1},"s":[100],"t":120},{"s":[100],"t":180}]}},"ef":[],"shapes":[{"ty":"sh","bm":0,"hd":false,"nm":"","d":1,"ks":{"a":1,"k":[{"o":{"x":0,"y":0},"i":{"x":0.58,"y":1},"s":[{"c":true,"i":[[0,0],[0,0],[0,0],[0,0],[0,0],[0,0],[0,0]],"o":[[0,0],[0,0],[0,0],[0,0],[0,0],[0,0],[0,0]],"v":[[34.68,20.55],[23.92,54.82],[10.77,54.82],[0,20.55],[7.13,0],[27.55,0],[34.68,20.55]]}],"t":0},{"o":{"x":0,"y":0},"i":{"x":0.58,"y":1},"s":[{"c":true,"i":[[0,0],[0,0],[0,0],[0,0],[0,0],[0,0],[0,0]],"o":[[0,0],[0,0],[0,0],[0,0],[0,0],[0,0],[0,0]],"v":[[34.68,20.55],[23.92,54.82],[10.77,54.82],[0,20.55],[7.13,0],[27.55,0],[34.68,20.55]]}],"t":60},{"o":{"x":0,"y":0},"i":{"x":0.58,"y":1},"s":[{"c":true,"i":[[0,0],[0,0],[0,0],[0,0],[0,0],[0,0],[0,0]],"o":[[0,0],[0,0],[0,0],[0,0],[0,0],[0,0],[0,0]],"v":[[34.68,20.55],[23.92,54.82],[10.77,54.82],[0,20.55],[7.13,0],[27.55,0],[34.68,20.55]]}],"t":120},{"s":[{"c":true,"i":[[0,0],[0,0],[0,0],[0,0],[0,0],[0,0],[0,0]],"o":[[0,0],[0,0],[0,0],[0,0],[0,0],[0,0],[0,0]],"v":[[34.68,20.55],[23.92,54.82],[10.77,54.82],[0,20.55],[7.13,0],[27.55,0],[34.68,20.55]]}],"t":180}]}},{"ty":"fl","bm":0,"hd":false,"nm":"","c":{"a":1,"k":[{"o":{"x":0,"y":0},"i":{"x":0.58,"y":1},"s":[1,0.9922,0.9961],"t":0},{"o":{"x":0,"y":0},"i":{"x":0.58,"y":1},"s":[1,0.9922,0.9961],"t":60},{"o":{"x":0,"y":0},"i":{"x":0.58,"y":1},"s":[1,0.9922,0.9961],"t":120},{"s":[1,0.9922,0.9961],"t":180}]},"r":1,"o":{"a":1,"k":[{"o":{"x":0,"y":0},"i":{"x":0.58,"y":1},"s":[100],"t":0},{"o":{"x":0,"y":0},"i":{"x":0.58,"y":1},"s":[100],"t":60},{"o":{"x":0,"y":0},"i":{"x":0.58,"y":1},"s":[100],"t":120},{"s":[100],"t":180}]}}],"ind":9},{"ty":4,"nm":"Vector","sr":1,"st":0,"op":181,"ip":0,"hd":false,"ddd":0,"bm":0,"hasMask":false,"ao":0,"ks":{"a":{"a":1,"k":[{"o":{"x":0,"y":0},"i":{"x":0.58,"y":1},"s":[9.41,3.74],"t":0},{"o":{"x":0,"y":0},"i":{"x":0.58,"y":1},"s":[9.41,3.74],"t":60},{"o":{"x":0,"y":0},"i":{"x":0.58,"y":1},"s":[9.41,3.74],"t":120},{"s":[9.41,3.74],"t":180}]},"s":{"a":1,"k":[{"o":{"x":0,"y":0},"i":{"x":0.58,"y":1},"s":[100,100],"t":0},{"o":{"x":0,"y":0},"i":{"x":0.58,"y":1},"s":[100,100],"t":60},{"o":{"x":0,"y":0},"i":{"x":0.58,"y":1},"s":[100,100],"t":120},{"s":[100,100],"t":180}]},"sk":{"a":0,"k":0},"p":{"a":1,"k":[{"o":{"x":0,"y":0},"i":{"x":0.58,"y":1},"s":[64.09,3.74],"t":0},{"o":{"x":0,"y":0},"i":{"x":0.58,"y":1},"s":[64.09,3.74],"t":60},{"o":{"x":0,"y":0},"i":{"x":0.58,"y":1},"s":[64.09,3.74],"t":120},{"s":[64.09,3.74],"t":180}]},"r":{"a":1,"k":[{"o":{"x":0,"y":0},"i":{"x":0.58,"y":1},"s":[0],"t":0},{"o":{"x":0,"y":0},"i":{"x":0.58,"y":1},"s":[0],"t":60},{"o":{"x":0,"y":0},"i":{"x":0.58,"y":1},"s":[0],"t":120},{"s":[0],"t":180}]},"sa":{"a":0,"k":0},"o":{"a":1,"k":[{"o":{"x":0,"y":0},"i":{"x":0.58,"y":1},"s":[100],"t":0},{"o":{"x":0,"y":0},"i":{"x":0.58,"y":1},"s":[100],"t":60},{"o":{"x":0,"y":0},"i":{"x":0.58,"y":1},"s":[100],"t":120},{"s":[100],"t":180}]}},"ef":[],"shapes":[{"ty":"sh","bm":0,"hd":false,"nm":"","d":1,"ks":{"a":1,"k":[{"o":{"x":0,"y":0},"i":{"x":0.58,"y":1},"s":[{"c":true,"i":[[0,0],[0,0],[0,0],[0,0]],"o":[[0,0],[0,0],[0,0],[0,0]],"v":[[18.82,0],[0,7.48],[0,0],[18.82,0]]}],"t":0},{"o":{"x":0,"y":0},"i":{"x":0.58,"y":1},"s":[{"c":true,"i":[[0,0],[0,0],[0,0],[0,0]],"o":[[0,0],[0,0],[0,0],[0,0]],"v":[[18.82,0],[0,7.48],[0,0],[18.82,0]]}],"t":60},{"o":{"x":0,"y":0},"i":{"x":0.58,"y":1},"s":[{"c":true,"i":[[0,0],[0,0],[0,0],[0,0]],"o":[[0,0],[0,0],[0,0],[0,0]],"v":[[18.82,0],[0,7.48],[0,0],[18.82,0]]}],"t":120},{"s":[{"c":true,"i":[[0,0],[0,0],[0,0],[0,0]],"o":[[0,0],[0,0],[0,0],[0,0]],"v":[[18.82,0],[0,7.48],[0,0],[18.82,0]]}],"t":180}]}},{"ty":"fl","bm":0,"hd":false,"nm":"","c":{"a":1,"k":[{"o":{"x":0,"y":0},"i":{"x":0.58,"y":1},"s":[0.6471,0.6431,0.6431],"t":0},{"o":{"x":0,"y":0},"i":{"x":0.58,"y":1},"s":[0.6471,0.6431,0.6431],"t":60},{"o":{"x":0,"y":0},"i":{"x":0.58,"y":1},"s":[0.6471,0.6431,0.6431],"t":120},{"s":[0.6471,0.6431,0.6431],"t":180}]},"r":1,"o":{"a":1,"k":[{"o":{"x":0,"y":0},"i":{"x":0.58,"y":1},"s":[100],"t":0},{"o":{"x":0,"y":0},"i":{"x":0.58,"y":1},"s":[100],"t":60},{"o":{"x":0,"y":0},"i":{"x":0.58,"y":1},"s":[100],"t":120},{"s":[100],"t":180}]}}],"ind":10},{"ty":4,"nm":"Vector","sr":1,"st":0,"op":181,"ip":0,"hd":false,"ddd":0,"bm":0,"hasMask":false,"ao":0,"ks":{"a":{"a":1,"k":[{"o":{"x":0,"y":0},"i":{"x":0.58,"y":1},"s":[9.41,3.74],"t":0},{"o":{"x":0,"y":0},"i":{"x":0.58,"y":1},"s":[9.41,3.74],"t":60},{"o":{"x":0,"y":0},"i":{"x":0.58,"y":1},"s":[9.41,3.74],"t":120},{"s":[9.41,3.74],"t":180}]},"s":{"a":1,"k":[{"o":{"x":0,"y":0},"i":{"x":0.58,"y":1},"s":[100,100],"t":0},{"o":{"x":0,"y":0},"i":{"x":0.58,"y":1},"s":[100,100],"t":60},{"o":{"x":0,"y":0},"i":{"x":0.58,"y":1},"s":[100,100],"t":120},{"s":[100,100],"t":180}]},"sk":{"a":0,"k":0},"p":{"a":1,"k":[{"o":{"x":0,"y":0},"i":{"x":0.58,"y":1},"s":[24.85,3.74],"t":0},{"o":{"x":0,"y":0},"i":{"x":0.58,"y":1},"s":[24.85,3.74],"t":60},{"o":{"x":0,"y":0},"i":{"x":0.58,"y":1},"s":[24.85,3.74],"t":120},{"s":[24.85,3.74],"t":180}]},"r":{"a":1,"k":[{"o":{"x":0,"y":0},"i":{"x":0.58,"y":1},"s":[0],"t":0},{"o":{"x":0,"y":0},"i":{"x":0.58,"y":1},"s":[0],"t":60},{"o":{"x":0,"y":0},"i":{"x":0.58,"y":1},"s":[0],"t":120},{"s":[0],"t":180}]},"sa":{"a":0,"k":0},"o":{"a":1,"k":[{"o":{"x":0,"y":0},"i":{"x":0.58,"y":1},"s":[100],"t":0},{"o":{"x":0,"y":0},"i":{"x":0.58,"y":1},"s":[100],"t":60},{"o":{"x":0,"y":0},"i":{"x":0.58,"y":1},"s":[100],"t":120},{"s":[100],"t":180}]}},"ef":[],"shapes":[{"ty":"sh","bm":0,"hd":false,"nm":"","d":1,"ks":{"a":1,"k":[{"o":{"x":0,"y":0},"i":{"x":0.58,"y":1},"s":[{"c":true,"i":[[0,0],[0,0],[0,0],[0,0]],"o":[[0,0],[0,0],[0,0],[0,0]],"v":[[18.82,0],[18.82,7.48],[0,0],[18.82,0]]}],"t":0},{"o":{"x":0,"y":0},"i":{"x":0.58,"y":1},"s":[{"c":true,"i":[[0,0],[0,0],[0,0],[0,0]],"o":[[0,0],[0,0],[0,0],[0,0]],"v":[[18.82,0],[18.82,7.48],[0,0],[18.82,0]]}],"t":60},{"o":{"x":0,"y":0},"i":{"x":0.58,"y":1},"s":[{"c":true,"i":[[0,0],[0,0],[0,0],[0,0]],"o":[[0,0],[0,0],[0,0],[0,0]],"v":[[18.82,0],[18.82,7.48],[0,0],[18.82,0]]}],"t":120},{"s":[{"c":true,"i":[[0,0],[0,0],[0,0],[0,0]],"o":[[0,0],[0,0],[0,0],[0,0]],"v":[[18.82,0],[18.82,7.48],[0,0],[18.82,0]]}],"t":180}]}},{"ty":"fl","bm":0,"hd":false,"nm":"","c":{"a":1,"k":[{"o":{"x":0,"y":0},"i":{"x":0.58,"y":1},"s":[0.6471,0.6431,0.6431],"t":0},{"o":{"x":0,"y":0},"i":{"x":0.58,"y":1},"s":[0.6471,0.6431,0.6431],"t":60},{"o":{"x":0,"y":0},"i":{"x":0.58,"y":1},"s":[0.6471,0.6431,0.6431],"t":120},{"s":[0.6471,0.6431,0.6431],"t":180}]},"r":1,"o":{"a":1,"k":[{"o":{"x":0,"y":0},"i":{"x":0.58,"y":1},"s":[100],"t":0},{"o":{"x":0,"y":0},"i":{"x":0.58,"y":1},"s":[100],"t":60},{"o":{"x":0,"y":0},"i":{"x":0.58,"y":1},"s":[100],"t":120},{"s":[100],"t":180}]}}],"ind":11},{"ty":4,"nm":"Vector","sr":1,"st":0,"op":181,"ip":0,"hd":false,"ddd":0,"bm":0,"hasMask":false,"ao":0,"ks":{"a":{"a":1,"k":[{"o":{"x":0,"y":0},"i":{"x":0.58,"y":1},"s":[2.69,4.52],"t":0},{"o":{"x":0,"y":0},"i":{"x":0.58,"y":1},"s":[2.69,4.52],"t":60},{"o":{"x":0,"y":0},"i":{"x":0.58,"y":1},"s":[2.69,4.52],"t":120},{"s":[2.69,4.52],"t":180}]},"s":{"a":1,"k":[{"o":{"x":0,"y":0},"i":{"x":0.58,"y":1},"s":[100,100],"t":0},{"o":{"x":0,"y":0},"i":{"x":0.58,"y":1},"s":[100,100],"t":60},{"o":{"x":0,"y":0},"i":{"x":0.58,"y":1},"s":[100,100],"t":120},{"s":[100,100],"t":180}]},"sk":{"a":0,"k":0},"p":{"a":1,"k":[{"o":{"x":0,"y":0},"i":{"x":0.58,"y":1},"s":[163.33,111.19],"t":0},{"o":{"x":0,"y":0},"i":{"x":0.58,"y":1},"s":[163.33,111.19],"t":60},{"o":{"x":0,"y":0},"i":{"x":0.58,"y":1},"s":[163.33,111.19],"t":120},{"s":[163.33,111.19],"t":180}]},"r":{"a":1,"k":[{"o":{"x":0,"y":0},"i":{"x":0.58,"y":1},"s":[0],"t":0},{"o":{"x":0,"y":0},"i":{"x":0.58,"y":1},"s":[0],"t":60},{"o":{"x":0,"y":0},"i":{"x":0.58,"y":1},"s":[0],"t":120},{"s":[0],"t":180}]},"sa":{"a":0,"k":0},"o":{"a":1,"k":[{"o":{"x":0,"y":0},"i":{"x":0.58,"y":1},"s":[100],"t":0},{"o":{"x":0,"y":0},"i":{"x":0.58,"y":1},"s":[100],"t":60},{"o":{"x":0,"y":0},"i":{"x":0.58,"y":1},"s":[100],"t":120},{"s":[100],"t":180}]}},"ef":[],"shapes":[{"ty":"sh","bm":0,"hd":false,"nm":"","d":1,"ks":{"a":1,"k":[{"o":{"x":0,"y":0},"i":{"x":0.58,"y":1},"s":[{"c":true,"i":[[0,0],[0,0],[1.49,0],[0,1.49],[0,0],[-1.45,1.09],[-0.14,-0.15],[0,0]],"o":[[0,0],[0,1.48],[-1.48,0],[0,0],[1.83,-0.46],[0.15,0.16],[0,0],[0,0]],"v":[[5.38,0.48],[5.38,6.35],[2.69,9.04],[0,6.35],[0,2.36],[4.95,0],[5.37,0.48],[5.38,0.48]]}],"t":0},{"o":{"x":0,"y":0},"i":{"x":0.58,"y":1},"s":[{"c":true,"i":[[0,0],[0,0],[1.49,0],[0,1.49],[0,0],[-1.45,1.09],[-0.14,-0.15],[0,0]],"o":[[0,0],[0,1.48],[-1.48,0],[0,0],[1.83,-0.46],[0.15,0.16],[0,0],[0,0]],"v":[[5.38,0.48],[5.38,6.35],[2.69,9.04],[0,6.35],[0,2.36],[4.95,0],[5.37,0.48],[5.38,0.48]]}],"t":60},{"o":{"x":0,"y":0},"i":{"x":0.58,"y":1},"s":[{"c":true,"i":[[0,0],[0,0],[1.49,0],[0,1.49],[0,0],[-1.45,1.09],[-0.14,-0.15],[0,0]],"o":[[0,0],[0,1.48],[-1.48,0],[0,0],[1.83,-0.46],[0.15,0.16],[0,0],[0,0]],"v":[[5.38,0.48],[5.38,6.35],[2.69,9.04],[0,6.35],[0,2.36],[4.95,0],[5.37,0.48],[5.38,0.48]]}],"t":120},{"s":[{"c":true,"i":[[0,0],[0,0],[1.49,0],[0,1.49],[0,0],[-1.45,1.09],[-0.14,-0.15],[0,0]],"o":[[0,0],[0,1.48],[-1.48,0],[0,0],[1.83,-0.46],[0.15,0.16],[0,0],[0,0]],"v":[[5.38,0.48],[5.38,6.35],[2.69,9.04],[0,6.35],[0,2.36],[4.95,0],[5.37,0.48],[5.38,0.48]]}],"t":180}]}},{"ty":"fl","bm":0,"hd":false,"nm":"","c":{"a":1,"k":[{"o":{"x":0,"y":0},"i":{"x":0.58,"y":1},"s":[0.8706,0.4667,0.4353],"t":0},{"o":{"x":0,"y":0},"i":{"x":0.58,"y":1},"s":[0.8706,0.4667,0.4353],"t":60},{"o":{"x":0,"y":0},"i":{"x":0.58,"y":1},"s":[0.8706,0.4667,0.4353],"t":120},{"s":[0.8706,0.4667,0.4353],"t":180}]},"r":1,"o":{"a":1,"k":[{"o":{"x":0,"y":0},"i":{"x":0.58,"y":1},"s":[100],"t":0},{"o":{"x":0,"y":0},"i":{"x":0.58,"y":1},"s":[100],"t":60},{"o":{"x":0,"y":0},"i":{"x":0.58,"y":1},"s":[100],"t":120},{"s":[100],"t":180}]}}],"ind":12},{"ty":4,"nm":"Vector","sr":1,"st":0,"op":181,"ip":0,"hd":false,"ddd":0,"bm":0,"hasMask":false,"ao":0,"ks":{"a":{"a":1,"k":[{"o":{"x":0,"y":0},"i":{"x":0.58,"y":1},"s":[2.69,4.13],"t":0},{"o":{"x":0,"y":0},"i":{"x":0.58,"y":1},"s":[2.69,4.13],"t":60},{"o":{"x":0,"y":0},"i":{"x":0.58,"y":1},"s":[2.69,4.13],"t":120},{"s":[2.69,4.13],"t":180}]},"s":{"a":1,"k":[{"o":{"x":0,"y":0},"i":{"x":0.58,"y":1},"s":[100,100],"t":0},{"o":{"x":0,"y":0},"i":{"x":0.58,"y":1},"s":[100,100],"t":60},{"o":{"x":0,"y":0},"i":{"x":0.58,"y":1},"s":[100,100],"t":120},{"s":[100,100],"t":180}]},"sk":{"a":0,"k":0},"p":{"a":1,"k":[{"o":{"x":0,"y":0},"i":{"x":0.58,"y":1},"s":[152.86,111.58],"t":0},{"o":{"x":0,"y":0},"i":{"x":0.58,"y":1},"s":[152.86,111.58],"t":60},{"o":{"x":0,"y":0},"i":{"x":0.58,"y":1},"s":[152.86,111.58],"t":120},{"s":[152.86,111.58],"t":180}]},"r":{"a":1,"k":[{"o":{"x":0,"y":0},"i":{"x":0.58,"y":1},"s":[0],"t":0},{"o":{"x":0,"y":0},"i":{"x":0.58,"y":1},"s":[0],"t":60},{"o":{"x":0,"y":0},"i":{"x":0.58,"y":1},"s":[0],"t":120},{"s":[0],"t":180}]},"sa":{"a":0,"k":0},"o":{"a":1,"k":[{"o":{"x":0,"y":0},"i":{"x":0.58,"y":1},"s":[100],"t":0},{"o":{"x":0,"y":0},"i":{"x":0.58,"y":1},"s":[100],"t":60},{"o":{"x":0,"y":0},"i":{"x":0.58,"y":1},"s":[100],"t":120},{"s":[100],"t":180}]}},"ef":[],"shapes":[{"ty":"sh","bm":0,"hd":false,"nm":"","d":1,"ks":{"a":1,"k":[{"o":{"x":0,"y":0},"i":{"x":0.58,"y":1},"s":[{"c":true,"i":[[0,0],[0,0],[1.49,0],[0,1.49],[0,0],[-1.94,-0.24],[0,0]],"o":[[0,0],[0,1.48],[-1.48,0],[0,0],[1.6,0.97],[0,0],[0,0]],"v":[[5.38,1.86],[5.38,5.56],[2.69,8.25],[0,5.56],[0,0],[5.37,1.86],[5.38,1.86]]}],"t":0},{"o":{"x":0,"y":0},"i":{"x":0.58,"y":1},"s":[{"c":true,"i":[[0,0],[0,0],[1.49,0],[0,1.49],[0,0],[-1.94,-0.24],[0,0]],"o":[[0,0],[0,1.48],[-1.48,0],[0,0],[1.6,0.97],[0,0],[0,0]],"v":[[5.38,1.86],[5.38,5.56],[2.69,8.25],[0,5.56],[0,0],[5.37,1.86],[5.38,1.86]]}],"t":60},{"o":{"x":0,"y":0},"i":{"x":0.58,"y":1},"s":[{"c":true,"i":[[0,0],[0,0],[1.49,0],[0,1.49],[0,0],[-1.94,-0.24],[0,0]],"o":[[0,0],[0,1.48],[-1.48,0],[0,0],[1.6,0.97],[0,0],[0,0]],"v":[[5.38,1.86],[5.38,5.56],[2.69,8.25],[0,5.56],[0,0],[5.37,1.86],[5.38,1.86]]}],"t":120},{"s":[{"c":true,"i":[[0,0],[0,0],[1.49,0],[0,1.49],[0,0],[-1.94,-0.24],[0,0]],"o":[[0,0],[0,1.48],[-1.48,0],[0,0],[1.6,0.97],[0,0],[0,0]],"v":[[5.38,1.86],[5.38,5.56],[2.69,8.25],[0,5.56],[0,0],[5.37,1.86],[5.38,1.86]]}],"t":180}]}},{"ty":"fl","bm":0,"hd":false,"nm":"","c":{"a":1,"k":[{"o":{"x":0,"y":0},"i":{"x":0.58,"y":1},"s":[0.8706,0.4667,0.4353],"t":0},{"o":{"x":0,"y":0},"i":{"x":0.58,"y":1},"s":[0.8706,0.4667,0.4353],"t":60},{"o":{"x":0,"y":0},"i":{"x":0.58,"y":1},"s":[0.8706,0.4667,0.4353],"t":120},{"s":[0.8706,0.4667,0.4353],"t":180}]},"r":1,"o":{"a":1,"k":[{"o":{"x":0,"y":0},"i":{"x":0.58,"y":1},"s":[100],"t":0},{"o":{"x":0,"y":0},"i":{"x":0.58,"y":1},"s":[100],"t":60},{"o":{"x":0,"y":0},"i":{"x":0.58,"y":1},"s":[100],"t":120},{"s":[100],"t":180}]}}],"ind":13},{"ty":4,"nm":"Vector","sr":1,"st":0,"op":181,"ip":0,"hd":false,"ddd":0,"bm":0,"hasMask":false,"ao":0,"ks":{"a":{"a":1,"k":[{"o":{"x":0,"y":0},"i":{"x":0.58,"y":1},"s":[10.96,5.8],"t":0},{"o":{"x":0,"y":0},"i":{"x":0.58,"y":1},"s":[10.96,5.8],"t":60},{"o":{"x":0,"y":0},"i":{"x":0.58,"y":1},"s":[10.96,5.8],"t":120},{"s":[10.96,5.8],"t":180}]},"s":{"a":1,"k":[{"o":{"x":0,"y":0},"i":{"x":0.58,"y":1},"s":[100,100],"t":0},{"o":{"x":0,"y":0},"i":{"x":0.58,"y":1},"s":[100,100],"t":60},{"o":{"x":0,"y":0},"i":{"x":0.58,"y":1},"s":[100,100],"t":120},{"s":[100,100],"t":180}]},"sk":{"a":0,"k":0},"p":{"a":1,"k":[{"o":{"x":0,"y":0},"i":{"x":0.58,"y":1},"s":[154.65,103.63],"t":0},{"o":{"x":0,"y":0},"i":{"x":0.58,"y":1},"s":[154.65,103.63],"t":60},{"o":{"x":0,"y":0},"i":{"x":0.58,"y":1},"s":[154.65,103.63],"t":120},{"s":[154.65,103.63],"t":180}]},"r":{"a":1,"k":[{"o":{"x":0,"y":0},"i":{"x":0.58,"y":1},"s":[0],"t":0},{"o":{"x":0,"y":0},"i":{"x":0.58,"y":1},"s":[0],"t":60},{"o":{"x":0,"y":0},"i":{"x":0.58,"y":1},"s":[0],"t":120},{"s":[0],"t":180}]},"sa":{"a":0,"k":0},"o":{"a":1,"k":[{"o":{"x":0,"y":0},"i":{"x":0.58,"y":1},"s":[100],"t":0},{"o":{"x":0,"y":0},"i":{"x":0.58,"y":1},"s":[100],"t":60},{"o":{"x":0,"y":0},"i":{"x":0.58,"y":1},"s":[100],"t":120},{"s":[100],"t":180}]}},"ef":[],"shapes":[{"ty":"sh","bm":0,"hd":false,"nm":"","d":1,"ks":{"a":1,"k":[{"o":{"x":0,"y":0},"i":{"x":0.58,"y":1},"s":[{"c":true,"i":[[0,0],[1.82,-0.46],[1.15,0],[0.57,0.08],[1.6,0.98],[0.64,4.07],[0,0],[-1.98,-2.4],[0,0]],"o":[[-1.45,1.09],[-1.08,0.27],[-0.6,0],[-1.95,-0.24],[-3.4,-2.06],[0,0],[0,3.37],[0,0],[0,0]],"v":[[21.91,8.84],[16.96,11.2],[13.61,11.6],[11.86,11.48],[6.49,9.62],[0,0],[18.73,0],[21.92,8.83],[21.91,8.84]]}],"t":0},{"o":{"x":0,"y":0},"i":{"x":0.58,"y":1},"s":[{"c":true,"i":[[0,0],[1.82,-0.46],[1.15,0],[0.57,0.08],[1.6,0.98],[0.64,4.07],[0,0],[-1.98,-2.4],[0,0]],"o":[[-1.45,1.09],[-1.08,0.27],[-0.6,0],[-1.95,-0.24],[-3.4,-2.06],[0,0],[0,3.37],[0,0],[0,0]],"v":[[21.91,8.84],[16.96,11.2],[13.61,11.6],[11.86,11.48],[6.49,9.62],[0,0],[18.73,0],[21.92,8.83],[21.91,8.84]]}],"t":60},{"o":{"x":0,"y":0},"i":{"x":0.58,"y":1},"s":[{"c":true,"i":[[0,0],[1.82,-0.46],[1.15,0],[0.57,0.08],[1.6,0.98],[0.64,4.07],[0,0],[-1.98,-2.4],[0,0]],"o":[[-1.45,1.09],[-1.08,0.27],[-0.6,0],[-1.95,-0.24],[-3.4,-2.06],[0,0],[0,3.37],[0,0],[0,0]],"v":[[21.91,8.84],[16.96,11.2],[13.61,11.6],[11.86,11.48],[6.49,9.62],[0,0],[18.73,0],[21.92,8.83],[21.91,8.84]]}],"t":120},{"s":[{"c":true,"i":[[0,0],[1.82,-0.46],[1.15,0],[0.57,0.08],[1.6,0.98],[0.64,4.07],[0,0],[-1.98,-2.4],[0,0]],"o":[[-1.45,1.09],[-1.08,0.27],[-0.6,0],[-1.95,-0.24],[-3.4,-2.06],[0,0],[0,3.37],[0,0],[0,0]],"v":[[21.91,8.84],[16.96,11.2],[13.61,11.6],[11.86,11.48],[6.49,9.62],[0,0],[18.73,0],[21.92,8.83],[21.91,8.84]]}],"t":180}]}},{"ty":"fl","bm":0,"hd":false,"nm":"","c":{"a":1,"k":[{"o":{"x":0,"y":0},"i":{"x":0.58,"y":1},"s":[0.8706,0.4667,0.4353],"t":0},{"o":{"x":0,"y":0},"i":{"x":0.58,"y":1},"s":[0.8706,0.4667,0.4353],"t":60},{"o":{"x":0,"y":0},"i":{"x":0.58,"y":1},"s":[0.8706,0.4667,0.4353],"t":120},{"s":[0.8706,0.4667,0.4353],"t":180}]},"r":1,"o":{"a":1,"k":[{"o":{"x":0,"y":0},"i":{"x":0.58,"y":1},"s":[100],"t":0},{"o":{"x":0,"y":0},"i":{"x":0.58,"y":1},"s":[100],"t":60},{"o":{"x":0,"y":0},"i":{"x":0.58,"y":1},"s":[100],"t":120},{"s":[100],"t":180}]}}],"ind":14},{"ty":4,"nm":"Vache Bg","sr":1,"st":0,"op":181,"ip":0,"hd":false,"ddd":0,"bm":0,"hasMask":false,"ao":0,"ks":{"a":{"a":1,"k":[{"o":{"x":0,"y":0},"i":{"x":0.58,"y":1},"s":[119.71,81.83],"t":0},{"o":{"x":0,"y":0},"i":{"x":0.58,"y":1},"s":[119.71,81.83],"t":60},{"o":{"x":0,"y":0},"i":{"x":0.58,"y":1},"s":[119.71,81.83],"t":120},{"s":[119.71,81.83],"t":180}]},"s":{"a":1,"k":[{"o":{"x":0,"y":0},"i":{"x":0.58,"y":1},"s":[100,100],"t":0},{"o":{"x":0,"y":0},"i":{"x":0.58,"y":1},"s":[100,100],"t":60},{"o":{"x":0,"y":0},"i":{"x":0.58,"y":1},"s":[100,100],"t":120},{"s":[100,100],"t":180}]},"sk":{"a":0,"k":0},"p":{"a":1,"k":[{"o":{"x":0,"y":0},"i":{"x":0.58,"y":1},"s":[119.71,81.83],"t":0},{"o":{"x":0,"y":0},"i":{"x":0.58,"y":1},"s":[119.71,81.83],"t":60},{"o":{"x":0,"y":0},"i":{"x":0.58,"y":1},"s":[119.71,81.83],"t":120},{"s":[119.71,81.83],"t":180}]},"r":{"a":1,"k":[{"o":{"x":0,"y":0},"i":{"x":0.58,"y":1},"s":[0],"t":0},{"o":{"x":0,"y":0},"i":{"x":0.58,"y":1},"s":[0],"t":60},{"o":{"x":0,"y":0},"i":{"x":0.58,"y":1},"s":[0],"t":120},{"s":[0],"t":180}]},"sa":{"a":0,"k":0},"o":{"a":1,"k":[{"o":{"x":0,"y":0},"i":{"x":0.58,"y":1},"s":[100],"t":0},{"o":{"x":0,"y":0},"i":{"x":0.58,"y":1},"s":[100],"t":60},{"o":{"x":0,"y":0},"i":{"x":0.58,"y":1},"s":[100],"t":120},{"s":[100],"t":180}]}},"ef":[],"shapes":[{"ty":"sh","bm":0,"hd":false,"nm":"","d":1,"ks":{"a":1,"k":[{"o":{"x":0,"y":0},"i":{"x":0.58,"y":1},"s":[{"c":true,"i":[[0,0],[0,0],[0,0],[0,0]],"o":[[0,0],[0,0],[0,0],[0,0]],"v":[[0,0],[239.41,0],[239.41,163.67],[0,163.67]]}],"t":0},{"o":{"x":0,"y":0},"i":{"x":0.58,"y":1},"s":[{"c":true,"i":[[0,0],[0,0],[0,0],[0,0]],"o":[[0,0],[0,0],[0,0],[0,0]],"v":[[0,0],[239.41,0],[239.41,163.67],[0,163.67]]}],"t":60},{"o":{"x":0,"y":0},"i":{"x":0.58,"y":1},"s":[{"c":true,"i":[[0,0],[0,0],[0,0],[0,0]],"o":[[0,0],[0,0],[0,0],[0,0]],"v":[[0,0],[239.41,0],[239.41,163.67],[0,163.67]]}],"t":120},{"s":[{"c":true,"i":[[0,0],[0,0],[0,0],[0,0]],"o":[[0,0],[0,0],[0,0],[0,0]],"v":[[0,0],[239.41,0],[239.41,163.67],[0,163.67]]}],"t":180}]}},{"ty":"fl","bm":0,"hd":false,"nm":"","c":{"a":1,"k":[{"o":{"x":0,"y":0},"i":{"x":0.58,"y":1},"s":[1,1,1],"t":0},{"o":{"x":0,"y":0},"i":{"x":0.58,"y":1},"s":[1,1,1],"t":60},{"o":{"x":0,"y":0},"i":{"x":0.58,"y":1},"s":[1,1,1],"t":120},{"s":[1,1,1],"t":180}]},"r":1,"o":{"a":1,"k":[{"o":{"x":0,"y":0},"i":{"x":0.58,"y":1},"s":[0],"t":0},{"o":{"x":0,"y":0},"i":{"x":0.58,"y":1},"s":[0],"t":60},{"o":{"x":0,"y":0},"i":{"x":0.58,"y":1},"s":[0],"t":120},{"s":[0],"t":180}]}}],"ind":15}]},{"nm":"[Asset] Calque_13","id":"2","layers":[{"ty":4,"nm":"Calque_13 Bg","sr":1,"st":0,"op":181,"ip":0,"hd":false,"ddd":0,"bm":0,"hasMask":false,"ao":0,"ks":{"a":{"a":1,"k":[{"o":{"x":0,"y":0},"i":{"x":0.58,"y":1},"s":[50.64,137.64],"t":0},{"o":{"x":0,"y":0},"i":{"x":0.58,"y":1},"s":[50.64,137.64],"t":60},{"o":{"x":0,"y":0},"i":{"x":0.58,"y":1},"s":[50.64,137.64],"t":120},{"s":[50.64,137.64],"t":180}]},"s":{"a":1,"k":[{"o":{"x":0,"y":0},"i":{"x":0.58,"y":1},"s":[100,100],"t":0},{"o":{"x":0,"y":0},"i":{"x":0.58,"y":1},"s":[100,100],"t":60},{"o":{"x":0,"y":0},"i":{"x":0.58,"y":1},"s":[100,100],"t":120},{"s":[100,100],"t":180}]},"sk":{"a":0,"k":0},"p":{"a":1,"k":[{"o":{"x":0,"y":0},"i":{"x":0.58,"y":1},"s":[50.64,137.64],"t":0},{"o":{"x":0,"y":0},"i":{"x":0.58,"y":1},"s":[50.64,137.64],"t":60},{"o":{"x":0,"y":0},"i":{"x":0.58,"y":1},"s":[50.64,137.64],"t":120},{"s":[50.64,137.64],"t":180}]},"r":{"a":1,"k":[{"o":{"x":0,"y":0},"i":{"x":0.58,"y":1},"s":[0],"t":0},{"o":{"x":0,"y":0},"i":{"x":0.58,"y":1},"s":[0],"t":60},{"o":{"x":0,"y":0},"i":{"x":0.58,"y":1},"s":[0],"t":120},{"s":[0],"t":180}]},"sa":{"a":0,"k":0},"o":{"a":1,"k":[{"o":{"x":0,"y":0},"i":{"x":0.58,"y":1},"s":[100],"t":0},{"o":{"x":0,"y":0},"i":{"x":0.58,"y":1},"s":[100],"t":60},{"o":{"x":0,"y":0},"i":{"x":0.58,"y":1},"s":[100],"t":120},{"s":[100],"t":180}]}},"ef":[],"shapes":[{"ty":"sh","bm":0,"hd":false,"nm":"","d":1,"ks":{"a":1,"k":[{"o":{"x":0,"y":0},"i":{"x":0.58,"y":1},"s":[{"c":true,"i":[[0,0],[0,0],[0,0],[0,0]],"o":[[0,0],[0,0],[0,0],[0,0]],"v":[[0,0],[101.28,0],[101.28,275.28],[0,275.28]]}],"t":0},{"o":{"x":0,"y":0},"i":{"x":0.58,"y":1},"s":[{"c":true,"i":[[0,0],[0,0],[0,0],[0,0]],"o":[[0,0],[0,0],[0,0],[0,0]],"v":[[0,0],[101.28,0],[101.28,275.28],[0,275.28]]}],"t":60},{"o":{"x":0,"y":0},"i":{"x":0.58,"y":1},"s":[{"c":true,"i":[[0,0],[0,0],[0,0],[0,0]],"o":[[0,0],[0,0],[0,0],[0,0]],"v":[[0,0],[101.28,0],[101.28,275.28],[0,275.28]]}],"t":120},{"s":[{"c":true,"i":[[0,0],[0,0],[0,0],[0,0]],"o":[[0,0],[0,0],[0,0],[0,0]],"v":[[0,0],[101.28,0],[101.28,275.28],[0,275.28]]}],"t":180}]}},{"ty":"fl","bm":0,"hd":false,"nm":"","c":{"a":1,"k":[{"o":{"x":0,"y":0},"i":{"x":0.58,"y":1},"s":[1,1,1],"t":0},{"o":{"x":0,"y":0},"i":{"x":0.58,"y":1},"s":[1,1,1],"t":60},{"o":{"x":0,"y":0},"i":{"x":0.58,"y":1},"s":[1,1,1],"t":120},{"s":[1,1,1],"t":180}]},"r":1,"o":{"a":1,"k":[{"o":{"x":0,"y":0},"i":{"x":0.58,"y":1},"s":[0],"t":0},{"o":{"x":0,"y":0},"i":{"x":0.58,"y":1},"s":[0],"t":60},{"o":{"x":0,"y":0},"i":{"x":0.58,"y":1},"s":[0],"t":120},{"s":[0],"t":180}]}}],"ind":1}]}]}