{"nm":"Frame 56","ddd":0,"h":147.83,"w":176.05,"meta":{"g":"LottieFiles Figma v46"},"layers":[{"ty":0,"nm":"Chevre","sr":1,"st":0,"op":121,"ip":0,"hd":false,"ddd":0,"bm":0,"hasMask":true,"ao":0,"ks":{"a":{"a":1,"k":[{"o":{"x":0,"y":0},"i":{"x":0.58,"y":1},"s":[88.03,73.92],"t":0},{"o":{"x":0,"y":0},"i":{"x":0.58,"y":1},"s":[88.03,73.92],"t":60},{"s":[88.03,73.92],"t":120}]},"s":{"a":1,"k":[{"o":{"x":0,"y":0},"i":{"x":0.58,"y":1},"s":[100,100],"t":0},{"o":{"x":0,"y":0},"i":{"x":0.58,"y":1},"s":[100,100],"t":60},{"s":[100,100],"t":120}]},"sk":{"a":0,"k":0},"p":{"a":1,"k":[{"o":{"x":0,"y":0},"i":{"x":0.58,"y":1},"s":[88.03,73.92],"t":0},{"o":{"x":0,"y":0},"i":{"x":0.58,"y":1},"s":[88.03,73.92],"t":60},{"s":[88.03,73.92],"t":120}]},"r":{"a":1,"k":[{"o":{"x":0,"y":0},"i":{"x":0.58,"y":1},"s":[0],"t":0},{"o":{"x":0,"y":0},"i":{"x":0.58,"y":1},"s":[0],"t":60},{"s":[0],"t":120}]},"sa":{"a":0,"k":0},"o":{"a":1,"k":[{"o":{"x":0,"y":0},"i":{"x":0.58,"y":1},"s":[100],"t":0},{"o":{"x":0,"y":0},"i":{"x":0.58,"y":1},"s":[100],"t":60},{"s":[100],"t":120}]}},"masksProperties":[{"nm":"","inv":false,"mode":"a","x":{"a":0,"k":0},"o":{"a":0,"k":100},"pt":{"a":1,"k":[{"o":{"x":0,"y":0},"i":{"x":0.58,"y":1},"s":[{"c":true,"i":[[0,0],[0,0],[0,0],[0,0]],"o":[[0,0],[0,0],[0,0],[0,0]],"v":[[0,0],[176.05,0],[176.05,147.83],[0,147.83]]}],"t":0},{"o":{"x":0,"y":0},"i":{"x":0.58,"y":1},"s":[{"c":true,"i":[[0,0],[0,0],[0,0],[0,0]],"o":[[0,0],[0,0],[0,0],[0,0]],"v":[[0,0],[176.05,0],[176.05,147.83],[0,147.83]]}],"t":60},{"s":[{"c":true,"i":[[0,0],[0,0],[0,0],[0,0]],"o":[[0,0],[0,0],[0,0],[0,0]],"v":[[0,0],[176.05,0],[176.05,147.83],[0,147.83]]}],"t":120}]}}],"w":176.0500030517578,"h":147.8300018310547,"refId":"1","ind":1}],"v":"5.7.0","fr":60,"op":120,"ip":0,"assets":[{"nm":"[Asset] Chevre","id":"1","layers":[{"ty":4,"nm":"Vector","sr":1,"st":0,"op":121,"ip":0,"hd":false,"ddd":0,"bm":0,"hasMask":false,"ao":0,"ks":{"a":{"a":1,"k":[{"o":{"x":0,"y":0},"i":{"x":0.58,"y":1},"s":[2.97,2.97],"t":0},{"o":{"x":0,"y":0},"i":{"x":0.58,"y":1},"s":[3,0.5],"t":60},{"s":[2.97,2.97],"t":120}]},"s":{"a":1,"k":[{"o":{"x":0,"y":0},"i":{"x":0.58,"y":1},"s":[100,100],"t":0},{"o":{"x":0,"y":0},"i":{"x":0.58,"y":1},"s":[100,100],"t":60},{"s":[100,100],"t":120}]},"sk":{"a":0,"k":0},"p":{"a":1,"k":[{"o":{"x":0,"y":0},"i":{"x":0.58,"y":1},"s":[25.82,14.81],"t":0},{"o":{"x":0,"y":0},"i":{"x":0.58,"y":1},"s":[26,17.5],"t":60},{"s":[25.82,14.81],"t":120}]},"r":{"a":1,"k":[{"o":{"x":0,"y":0},"i":{"x":0.58,"y":1},"s":[0],"t":0},{"o":{"x":0,"y":0},"i":{"x":0.58,"y":1},"s":[0],"t":60},{"s":[0],"t":120}]},"sa":{"a":0,"k":0},"o":{"a":1,"k":[{"o":{"x":0,"y":0},"i":{"x":0.58,"y":1},"s":[100],"t":0},{"o":{"x":0,"y":0},"i":{"x":0.58,"y":1},"s":[100],"t":60},{"s":[100],"t":120}]}},"ef":[],"shapes":[{"ty":"sh","bm":0,"hd":false,"nm":"","d":1,"ks":{"a":1,"k":[{"o":{"x":0,"y":0},"i":{"x":0.58,"y":1},"s":[{"c":true,"i":[[0,0],[0,1.64],[1.64,0],[0,-1.64],[-1.64,0]],"o":[[1.64,0],[0,-1.64],[-1.64,0],[0,1.64],[0,0]],"v":[[2.97,5.94],[5.94,2.97],[2.97,0],[0,2.97],[2.97,5.94]]}],"t":0},{"o":{"x":0,"y":0},"i":{"x":0.58,"y":1},"s":[{"c":true,"i":[[0,0],[0,0.28],[1.66,0],[0,-0.28],[-1.66,0]],"o":[[1.66,0],[0,-0.28],[-1.66,0],[0,0.28],[0,0]],"v":[[3,1],[6,0.5],[3,0],[0,0.5],[3,1]]}],"t":60},{"s":[{"c":true,"i":[[0,0],[0,1.64],[1.64,0],[0,-1.64],[-1.64,0]],"o":[[1.64,0],[0,-1.64],[-1.64,0],[0,1.64],[0,0]],"v":[[2.97,5.94],[5.94,2.97],[2.97,0],[0,2.97],[2.97,5.94]]}],"t":120}]}},{"ty":"fl","bm":0,"hd":false,"nm":"","c":{"a":1,"k":[{"o":{"x":0,"y":0},"i":{"x":0.58,"y":1},"s":[1,0.9922,0.9961],"t":0},{"o":{"x":0,"y":0},"i":{"x":0.58,"y":1},"s":[1,0.9922,0.9961],"t":60},{"s":[1,0.9922,0.9961],"t":120}]},"r":1,"o":{"a":1,"k":[{"o":{"x":0,"y":0},"i":{"x":0.58,"y":1},"s":[100],"t":0},{"o":{"x":0,"y":0},"i":{"x":0.58,"y":1},"s":[100],"t":60},{"s":[100],"t":120}]}}],"ind":1},{"ty":4,"nm":"Vector","sr":1,"st":0,"op":121,"ip":0,"hd":false,"ddd":0,"bm":0,"hasMask":false,"ao":0,"ks":{"a":{"a":1,"k":[{"o":{"x":0,"y":0},"i":{"x":0.58,"y":1},"s":[2.2,3.7],"t":0},{"o":{"x":0,"y":0},"i":{"x":0.58,"y":1},"s":[2.2,3.7],"t":60},{"s":[2.2,3.7],"t":120}]},"s":{"a":1,"k":[{"o":{"x":0,"y":0},"i":{"x":0.58,"y":1},"s":[100,100],"t":0},{"o":{"x":0,"y":0},"i":{"x":0.58,"y":1},"s":[100,100],"t":60},{"s":[100,100],"t":120}]},"sk":{"a":0,"k":0},"p":{"a":1,"k":[{"o":{"x":0,"y":0},"i":{"x":0.58,"y":1},"s":[127.61,96.03],"t":0},{"o":{"x":0,"y":0},"i":{"x":0.58,"y":1},"s":[127.61,96.03],"t":60},{"s":[127.61,96.03],"t":120}]},"r":{"a":1,"k":[{"o":{"x":0,"y":0},"i":{"x":0.58,"y":1},"s":[0],"t":0},{"o":{"x":0,"y":0},"i":{"x":0.58,"y":1},"s":[0],"t":60},{"s":[0],"t":120}]},"sa":{"a":0,"k":0},"o":{"a":1,"k":[{"o":{"x":0,"y":0},"i":{"x":0.58,"y":1},"s":[100],"t":0},{"o":{"x":0,"y":0},"i":{"x":0.58,"y":1},"s":[100],"t":60},{"s":[100],"t":120}]}},"ef":[],"shapes":[{"ty":"sh","bm":0,"hd":false,"nm":"","d":1,"ks":{"a":1,"k":[{"o":{"x":0,"y":0},"i":{"x":0.58,"y":1},"s":[{"c":true,"i":[[0,0],[0,0],[1.22,0],[0,1.22],[0,0],[-1.19,0.89],[-0.11,-0.12],[0,0]],"o":[[0,0],[0,1.21],[-1.21,0],[0,0],[1.49,-0.38],[0.12,0.13],[0,0],[0,0]],"v":[[4.4,0.39],[4.4,5.19],[2.2,7.39],[0,5.19],[0,1.93],[4.05,0],[4.39,0.39],[4.4,0.39]]}],"t":0},{"o":{"x":0,"y":0},"i":{"x":0.58,"y":1},"s":[{"c":true,"i":[[0,0],[0,0],[1.22,0],[0,1.22],[0,0],[-1.19,0.89],[-0.11,-0.12],[0,0]],"o":[[0,0],[0,1.21],[-1.21,0],[0,0],[1.49,-0.38],[0.12,0.13],[0,0],[0,0]],"v":[[4.4,0.39],[4.4,5.19],[2.2,7.39],[0,5.19],[0,1.93],[4.05,0],[4.39,0.39],[4.4,0.39]]}],"t":60},{"s":[{"c":true,"i":[[0,0],[0,0],[1.22,0],[0,1.22],[0,0],[-1.19,0.89],[-0.11,-0.12],[0,0]],"o":[[0,0],[0,1.21],[-1.21,0],[0,0],[1.49,-0.38],[0.12,0.13],[0,0],[0,0]],"v":[[4.4,0.39],[4.4,5.19],[2.2,7.39],[0,5.19],[0,1.93],[4.05,0],[4.39,0.39],[4.4,0.39]]}],"t":120}]}},{"ty":"fl","bm":0,"hd":false,"nm":"","c":{"a":1,"k":[{"o":{"x":0,"y":0},"i":{"x":0.58,"y":1},"s":[0.8706,0.4667,0.4353],"t":0},{"o":{"x":0,"y":0},"i":{"x":0.58,"y":1},"s":[0.8706,0.4667,0.4353],"t":60},{"s":[0.8706,0.4667,0.4353],"t":120}]},"r":1,"o":{"a":1,"k":[{"o":{"x":0,"y":0},"i":{"x":0.58,"y":1},"s":[100],"t":0},{"o":{"x":0,"y":0},"i":{"x":0.58,"y":1},"s":[100],"t":60},{"s":[100],"t":120}]}}],"ind":2},{"ty":4,"nm":"Vector","sr":1,"st":0,"op":121,"ip":0,"hd":false,"ddd":0,"bm":0,"hasMask":false,"ao":0,"ks":{"a":{"a":1,"k":[{"o":{"x":0,"y":0},"i":{"x":0.58,"y":1},"s":[2.2,3.38],"t":0},{"o":{"x":0,"y":0},"i":{"x":0.58,"y":1},"s":[2.2,3.38],"t":60},{"s":[2.2,3.38],"t":120}]},"s":{"a":1,"k":[{"o":{"x":0,"y":0},"i":{"x":0.58,"y":1},"s":[100,100],"t":0},{"o":{"x":0,"y":0},"i":{"x":0.58,"y":1},"s":[100,100],"t":60},{"s":[100,100],"t":120}]},"sk":{"a":0,"k":0},"p":{"a":1,"k":[{"o":{"x":0,"y":0},"i":{"x":0.58,"y":1},"s":[119.04,96.36],"t":0},{"o":{"x":0,"y":0},"i":{"x":0.58,"y":1},"s":[119.04,96.36],"t":60},{"s":[119.04,96.36],"t":120}]},"r":{"a":1,"k":[{"o":{"x":0,"y":0},"i":{"x":0.58,"y":1},"s":[0],"t":0},{"o":{"x":0,"y":0},"i":{"x":0.58,"y":1},"s":[0],"t":60},{"s":[0],"t":120}]},"sa":{"a":0,"k":0},"o":{"a":1,"k":[{"o":{"x":0,"y":0},"i":{"x":0.58,"y":1},"s":[100],"t":0},{"o":{"x":0,"y":0},"i":{"x":0.58,"y":1},"s":[100],"t":60},{"s":[100],"t":120}]}},"ef":[],"shapes":[{"ty":"sh","bm":0,"hd":false,"nm":"","d":1,"ks":{"a":1,"k":[{"o":{"x":0,"y":0},"i":{"x":0.58,"y":1},"s":[{"c":true,"i":[[0,0],[0,0],[1.22,0],[0,1.22],[0,0],[-1.59,-0.2],[0,0]],"o":[[0,0],[0,1.21],[-1.21,0],[0,0],[1.31,0.8],[0,0],[0,0]],"v":[[4.4,1.52],[4.4,4.55],[2.2,6.75],[0,4.55],[0,0],[4.39,1.52],[4.4,1.52]]}],"t":0},{"o":{"x":0,"y":0},"i":{"x":0.58,"y":1},"s":[{"c":true,"i":[[0,0],[0,0],[1.22,0],[0,1.22],[0,0],[-1.59,-0.2],[0,0]],"o":[[0,0],[0,1.21],[-1.21,0],[0,0],[1.31,0.8],[0,0],[0,0]],"v":[[4.4,1.52],[4.4,4.55],[2.2,6.75],[0,4.55],[0,0],[4.39,1.52],[4.4,1.52]]}],"t":60},{"s":[{"c":true,"i":[[0,0],[0,0],[1.22,0],[0,1.22],[0,0],[-1.59,-0.2],[0,0]],"o":[[0,0],[0,1.21],[-1.21,0],[0,0],[1.31,0.8],[0,0],[0,0]],"v":[[4.4,1.52],[4.4,4.55],[2.2,6.75],[0,4.55],[0,0],[4.39,1.52],[4.4,1.52]]}],"t":120}]}},{"ty":"fl","bm":0,"hd":false,"nm":"","c":{"a":1,"k":[{"o":{"x":0,"y":0},"i":{"x":0.58,"y":1},"s":[0.8706,0.4667,0.4353],"t":0},{"o":{"x":0,"y":0},"i":{"x":0.58,"y":1},"s":[0.8706,0.4667,0.4353],"t":60},{"s":[0.8706,0.4667,0.4353],"t":120}]},"r":1,"o":{"a":1,"k":[{"o":{"x":0,"y":0},"i":{"x":0.58,"y":1},"s":[100],"t":0},{"o":{"x":0,"y":0},"i":{"x":0.58,"y":1},"s":[100],"t":60},{"s":[100],"t":120}]}}],"ind":3},{"ty":4,"nm":"Vector","sr":1,"st":0,"op":121,"ip":0,"hd":false,"ddd":0,"bm":0,"hasMask":false,"ao":0,"ks":{"a":{"a":1,"k":[{"o":{"x":0,"y":0},"i":{"x":0.58,"y":1},"s":[8.97,4.74],"t":0},{"o":{"x":0,"y":0},"i":{"x":0.58,"y":1},"s":[8.97,4.74],"t":60},{"s":[8.97,4.74],"t":120}]},"s":{"a":1,"k":[{"o":{"x":0,"y":0},"i":{"x":0.58,"y":1},"s":[100,100],"t":0},{"o":{"x":0,"y":0},"i":{"x":0.58,"y":1},"s":[100,100],"t":60},{"s":[100,100],"t":120}]},"sk":{"a":0,"k":0},"p":{"a":1,"k":[{"o":{"x":0,"y":0},"i":{"x":0.58,"y":1},"s":[120.52,89.84],"t":0},{"o":{"x":0,"y":0},"i":{"x":0.58,"y":1},"s":[120.52,89.84],"t":60},{"s":[120.52,89.84],"t":120}]},"r":{"a":1,"k":[{"o":{"x":0,"y":0},"i":{"x":0.58,"y":1},"s":[0],"t":0},{"o":{"x":0,"y":0},"i":{"x":0.58,"y":1},"s":[0],"t":60},{"s":[0],"t":120}]},"sa":{"a":0,"k":0},"o":{"a":1,"k":[{"o":{"x":0,"y":0},"i":{"x":0.58,"y":1},"s":[100],"t":0},{"o":{"x":0,"y":0},"i":{"x":0.58,"y":1},"s":[100],"t":60},{"s":[100],"t":120}]}},"ef":[],"shapes":[{"ty":"sh","bm":0,"hd":false,"nm":"","d":1,"ks":{"a":1,"k":[{"o":{"x":0,"y":0},"i":{"x":0.58,"y":1},"s":[{"c":true,"i":[[0,0],[1.49,-0.38],[0.94,0],[0.46,0.06],[1.31,0.8],[0.52,3.33],[0,0],[-1.62,-1.96],[0,0]],"o":[[-1.19,0.89],[-0.88,0.22],[-0.49,0],[-1.59,-0.2],[-2.78,-1.69],[0,0],[0,2.75],[0,0],[0,0]],"v":[[17.92,7.23],[13.87,9.16],[11.13,9.49],[9.7,9.39],[5.31,7.87],[0,0],[15.33,0],[17.94,7.22],[17.92,7.23]]}],"t":0},{"o":{"x":0,"y":0},"i":{"x":0.58,"y":1},"s":[{"c":true,"i":[[0,0],[1.49,-0.38],[0.94,0],[0.46,0.06],[1.31,0.8],[0.52,3.33],[0,0],[-1.62,-1.96],[0,0]],"o":[[-1.19,0.89],[-0.88,0.22],[-0.49,0],[-1.59,-0.2],[-2.78,-1.69],[0,0],[0,2.75],[0,0],[0,0]],"v":[[17.92,7.23],[13.87,9.16],[11.13,9.49],[9.7,9.39],[5.31,7.87],[0,0],[15.33,0],[17.94,7.22],[17.92,7.23]]}],"t":60},{"s":[{"c":true,"i":[[0,0],[1.49,-0.38],[0.94,0],[0.46,0.06],[1.31,0.8],[0.52,3.33],[0,0],[-1.62,-1.96],[0,0]],"o":[[-1.19,0.89],[-0.88,0.22],[-0.49,0],[-1.59,-0.2],[-2.78,-1.69],[0,0],[0,2.75],[0,0],[0,0]],"v":[[17.92,7.23],[13.87,9.16],[11.13,9.49],[9.7,9.39],[5.31,7.87],[0,0],[15.33,0],[17.94,7.22],[17.92,7.23]]}],"t":120}]}},{"ty":"fl","bm":0,"hd":false,"nm":"","c":{"a":1,"k":[{"o":{"x":0,"y":0},"i":{"x":0.58,"y":1},"s":[0.8706,0.4667,0.4353],"t":0},{"o":{"x":0,"y":0},"i":{"x":0.58,"y":1},"s":[0.8706,0.4667,0.4353],"t":60},{"s":[0.8706,0.4667,0.4353],"t":120}]},"r":1,"o":{"a":1,"k":[{"o":{"x":0,"y":0},"i":{"x":0.58,"y":1},"s":[100],"t":0},{"o":{"x":0,"y":0},"i":{"x":0.58,"y":1},"s":[100],"t":60},{"s":[100],"t":120}]}}],"ind":4},{"ty":4,"nm":"Vector","sr":1,"st":0,"op":121,"ip":0,"hd":false,"ddd":0,"bm":0,"hasMask":false,"ao":0,"ks":{"a":{"a":1,"k":[{"o":{"x":0,"y":0},"i":{"x":0.58,"y":1},"s":[73.77,72.49],"t":0},{"o":{"x":0,"y":0},"i":{"x":0.58,"y":1},"s":[73.77,72.49],"t":60},{"s":[73.77,72.49],"t":120}]},"s":{"a":1,"k":[{"o":{"x":0,"y":0},"i":{"x":0.58,"y":1},"s":[100,100],"t":0},{"o":{"x":0,"y":0},"i":{"x":0.58,"y":1},"s":[100,100],"t":60},{"s":[100,100],"t":120}]},"sk":{"a":0,"k":0},"p":{"a":1,"k":[{"o":{"x":0,"y":0},"i":{"x":0.58,"y":1},"s":[102.32,75.35],"t":0},{"o":{"x":0,"y":0},"i":{"x":0.58,"y":1},"s":[102.32,75.35],"t":60},{"s":[102.32,75.35],"t":120}]},"r":{"a":1,"k":[{"o":{"x":0,"y":0},"i":{"x":0.58,"y":1},"s":[0],"t":0},{"o":{"x":0,"y":0},"i":{"x":0.58,"y":1},"s":[0],"t":60},{"s":[0],"t":120}]},"sa":{"a":0,"k":0},"o":{"a":1,"k":[{"o":{"x":0,"y":0},"i":{"x":0.58,"y":1},"s":[100],"t":0},{"o":{"x":0,"y":0},"i":{"x":0.58,"y":1},"s":[100],"t":60},{"s":[100],"t":120}]}},"ef":[],"shapes":[{"ty":"sh","bm":0,"hd":false,"nm":"","d":1,"ks":{"a":1,"k":[{"o":{"x":0,"y":0},"i":{"x":0.58,"y":1},"s":[{"c":true,"i":[[0,0],[0,0],[0,0],[0,0],[0,0],[0,0],[0,0],[0,0],[0,0],[2.07,2.26],[0.12,0.13],[0,2.75],[0,0],[0,0],[0,0],[0,0],[0,0],[0,0],[0,0],[0,0],[2.28,7.32],[0,0],[0,0],[0,4.73],[0,0],[-0.99,-1.72],[-4.31,-0.02],[0,0],[-4.25,0.59],[0,0],[-0.15,0.02],[-1.08,0.05],[0,-17.76],[7.11,-5.91],[-5.54,0],[0,0]],"o":[[0,0],[0,0],[0,0],[0,0],[0,0],[0,0],[0,0],[0,0],[-3.31,0],[-0.11,-0.12],[-1.62,-1.96],[0,0],[0,0],[0,0],[0,0],[0,0],[0,0],[0,0],[0,0],[-7.64,0],[0,0],[0,0],[4.73,0],[0,0],[0,2.13],[2.02,3.49],[0,0],[1.92,3.84],[0,0],[0.15,-0.01],[1.04,-0.13],[17.75,-0.72],[0,9.96],[0.58,2.89],[0,0],[0,0]],"v":[[143.77,83.43],[132.9,144.97],[128.69,144.97],[129.62,93.43],[126.19,92.77],[116.73,144.97],[112.4,144.97],[113.32,93.55],[109.64,93.55],[101.28,89.87],[100.94,89.48],[98.33,82.26],[55.61,82.26],[53.5,144.97],[49.42,144.97],[43.12,97.1],[41.8,144.97],[37.33,144.97],[29.57,81.32],[29.22,81.32],[12.49,66.69],[0,28.84],[7.85,28.84],[16.42,20.27],[16.42,0],[17.99,5.86],[28.08,11.71],[34.07,23.68],[44.39,29.13],[111.76,19.97],[112.2,19.91],[115.37,19.64],[147.54,51.81],[135.9,76.58],[143.81,83.42],[143.77,83.43]]}],"t":0},{"o":{"x":0,"y":0},"i":{"x":0.58,"y":1},"s":[{"c":true,"i":[[0,0],[0,0],[0,0],[0,0],[0,0],[0,0],[0,0],[0,0],[0,0],[2.07,2.26],[0.12,0.13],[0,2.75],[0,0],[0,0],[0,0],[0,0],[0,0],[0,0],[0,0],[0,0],[2.28,7.32],[0,0],[0,0],[0,4.73],[0,0],[-0.99,-1.72],[-4.31,-0.02],[0,0],[-4.25,0.59],[0,0],[-0.15,0.02],[-1.08,0.05],[0,-17.76],[7.11,-5.91],[-5.54,0],[0,0]],"o":[[0,0],[0,0],[0,0],[0,0],[0,0],[0,0],[0,0],[0,0],[-3.31,0],[-0.11,-0.12],[-1.62,-1.96],[0,0],[0,0],[0,0],[0,0],[0,0],[0,0],[0,0],[0,0],[-7.64,0],[0,0],[0,0],[4.73,0],[0,0],[0,2.13],[2.02,3.49],[0,0],[1.92,3.84],[0,0],[0.15,-0.01],[1.04,-0.13],[17.75,-0.72],[0,9.96],[0.58,2.89],[0,0],[0,0]],"v":[[143.77,83.43],[132.9,144.97],[128.69,144.97],[129.62,93.43],[126.19,92.77],[116.73,144.97],[112.4,144.97],[113.32,93.55],[109.64,93.55],[101.28,89.87],[100.94,89.48],[98.33,82.26],[55.61,82.26],[53.5,144.97],[49.42,144.97],[43.12,97.1],[41.8,144.97],[37.33,144.97],[29.57,81.32],[29.22,81.32],[12.49,66.69],[0,28.84],[7.85,28.84],[16.42,20.27],[16.42,0],[17.99,5.86],[28.08,11.71],[34.07,23.68],[44.39,29.13],[111.76,19.97],[112.2,19.91],[115.37,19.64],[147.54,51.81],[135.9,76.58],[143.81,83.42],[143.77,83.43]]}],"t":60},{"s":[{"c":true,"i":[[0,0],[0,0],[0,0],[0,0],[0,0],[0,0],[0,0],[0,0],[0,0],[2.07,2.26],[0.12,0.13],[0,2.75],[0,0],[0,0],[0,0],[0,0],[0,0],[0,0],[0,0],[0,0],[2.28,7.32],[0,0],[0,0],[0,4.73],[0,0],[-0.99,-1.72],[-4.31,-0.02],[0,0],[-4.25,0.59],[0,0],[-0.15,0.02],[-1.08,0.05],[0,-17.76],[7.11,-5.91],[-5.54,0],[0,0]],"o":[[0,0],[0,0],[0,0],[0,0],[0,0],[0,0],[0,0],[0,0],[-3.31,0],[-0.11,-0.12],[-1.62,-1.96],[0,0],[0,0],[0,0],[0,0],[0,0],[0,0],[0,0],[0,0],[-7.64,0],[0,0],[0,0],[4.73,0],[0,0],[0,2.13],[2.02,3.49],[0,0],[1.92,3.84],[0,0],[0.15,-0.01],[1.04,-0.13],[17.75,-0.72],[0,9.96],[0.58,2.89],[0,0],[0,0]],"v":[[143.77,83.43],[132.9,144.97],[128.69,144.97],[129.62,93.43],[126.19,92.77],[116.73,144.97],[112.4,144.97],[113.32,93.55],[109.64,93.55],[101.28,89.87],[100.94,89.48],[98.33,82.26],[55.61,82.26],[53.5,144.97],[49.42,144.97],[43.12,97.1],[41.8,144.97],[37.33,144.97],[29.57,81.32],[29.22,81.32],[12.49,66.69],[0,28.84],[7.85,28.84],[16.42,20.27],[16.42,0],[17.99,5.86],[28.08,11.71],[34.07,23.68],[44.39,29.13],[111.76,19.97],[112.2,19.91],[115.37,19.64],[147.54,51.81],[135.9,76.58],[143.81,83.42],[143.77,83.43]]}],"t":120}]}},{"ty":"fl","bm":0,"hd":false,"nm":"","c":{"a":1,"k":[{"o":{"x":0,"y":0},"i":{"x":0.58,"y":1},"s":[1,0.9922,0.9961],"t":0},{"o":{"x":0,"y":0},"i":{"x":0.58,"y":1},"s":[1,0.9922,0.9961],"t":60},{"s":[1,0.9922,0.9961],"t":120}]},"r":1,"o":{"a":1,"k":[{"o":{"x":0,"y":0},"i":{"x":0.58,"y":1},"s":[100],"t":0},{"o":{"x":0,"y":0},"i":{"x":0.58,"y":1},"s":[100],"t":60},{"s":[100],"t":120}]}}],"ind":5},{"ty":4,"nm":"Vector","sr":1,"st":0,"op":121,"ip":0,"hd":false,"ddd":0,"bm":0,"hasMask":false,"ao":0,"ks":{"a":{"a":1,"k":[{"o":{"x":0,"y":0},"i":{"x":0.58,"y":1},"s":[12.03,7.53],"t":0},{"o":{"x":0,"y":0},"i":{"x":0.58,"y":1},"s":[12.03,7.53],"t":60},{"s":[12.03,7.53],"t":120}]},"s":{"a":1,"k":[{"o":{"x":0,"y":0},"i":{"x":0.58,"y":1},"s":[100,100],"t":0},{"o":{"x":0,"y":0},"i":{"x":0.58,"y":1},"s":[100,100],"t":60},{"s":[100,100],"t":120}]},"sk":{"a":0,"k":0},"p":{"a":1,"k":[{"o":{"x":0,"y":0},"i":{"x":0.58,"y":1},"s":[16.77,7.52],"t":0},{"o":{"x":0,"y":0},"i":{"x":0.58,"y":1},"s":[18.15,13.18],"t":60},{"s":[16.77,7.52],"t":120}]},"r":{"a":1,"k":[{"o":{"x":0,"y":0},"i":{"x":0.58,"y":1},"s":[0],"t":0},{"o":{"x":0,"y":0},"i":{"x":0.58,"y":1},"s":[-36.28],"t":60},{"s":[0],"t":120}]},"sa":{"a":0,"k":0},"o":{"a":1,"k":[{"o":{"x":0,"y":0},"i":{"x":0.58,"y":1},"s":[100],"t":0},{"o":{"x":0,"y":0},"i":{"x":0.58,"y":1},"s":[100],"t":60},{"s":[100],"t":120}]}},"ef":[],"shapes":[{"ty":"sh","bm":0,"hd":false,"nm":"","d":1,"ks":{"a":1,"k":[{"o":{"x":0,"y":0},"i":{"x":0.58,"y":1},"s":[{"c":true,"i":[[0,0],[0,0],[3.73,-5.81],[0,0],[0,0],[0,0]],"o":[[0,0],[-6.05,-3.32],[0,0],[0,0],[0,0],[0,0]],"v":[[24.05,5.29],[17.37,1.62],[0,6.04],[17.73,15.05],[24.05,5.3],[24.05,5.29]]}],"t":0},{"o":{"x":0,"y":0},"i":{"x":0.58,"y":1},"s":[{"c":true,"i":[[0,0],[0,0],[3.73,-5.81],[0,0],[0,0],[0,0]],"o":[[0,0],[-6.05,-3.32],[0,0],[0,0],[0,0],[0,0]],"v":[[24.05,5.29],[17.37,1.62],[0,6.04],[17.73,15.05],[24.05,5.3],[24.05,5.29]]}],"t":60},{"s":[{"c":true,"i":[[0,0],[0,0],[3.73,-5.81],[0,0],[0,0],[0,0]],"o":[[0,0],[-6.05,-3.32],[0,0],[0,0],[0,0],[0,0]],"v":[[24.05,5.29],[17.37,1.62],[0,6.04],[17.73,15.05],[24.05,5.3],[24.05,5.29]]}],"t":120}]}},{"ty":"fl","bm":0,"hd":false,"nm":"","c":{"a":1,"k":[{"o":{"x":0,"y":0},"i":{"x":0.58,"y":1},"s":[0.6471,0.6431,0.6431],"t":0},{"o":{"x":0,"y":0},"i":{"x":0.58,"y":1},"s":[0.6471,0.6431,0.6431],"t":60},{"s":[0.6471,0.6431,0.6431],"t":120}]},"r":1,"o":{"a":1,"k":[{"o":{"x":0,"y":0},"i":{"x":0.58,"y":1},"s":[100],"t":0},{"o":{"x":0,"y":0},"i":{"x":0.58,"y":1},"s":[100],"t":60},{"s":[100],"t":120}]}}],"ind":6},{"ty":4,"nm":"Vector","sr":1,"st":0,"op":121,"ip":0,"hd":false,"ddd":0,"bm":0,"hasMask":false,"ao":0,"ks":{"a":{"a":1,"k":[{"o":{"x":0,"y":0},"i":{"x":0.58,"y":1},"s":[9.6,5.86],"t":0},{"o":{"x":0,"y":0},"i":{"x":0.58,"y":1},"s":[9.6,5.86],"t":60},{"s":[9.6,5.86],"t":120}]},"s":{"a":1,"k":[{"o":{"x":0,"y":0},"i":{"x":0.58,"y":1},"s":[100,100],"t":0},{"o":{"x":0,"y":0},"i":{"x":0.58,"y":1},"s":[100,100],"t":60},{"s":[100,100],"t":120}]},"sk":{"a":0,"k":0},"p":{"a":1,"k":[{"o":{"x":0,"y":0},"i":{"x":0.58,"y":1},"s":[54.53,8.72],"t":0},{"o":{"x":0,"y":0},"i":{"x":0.58,"y":1},"s":[54.53,8.72],"t":60},{"s":[54.53,8.72],"t":120}]},"r":{"a":1,"k":[{"o":{"x":0,"y":0},"i":{"x":0.58,"y":1},"s":[0],"t":0},{"o":{"x":0,"y":0},"i":{"x":0.58,"y":1},"s":[0],"t":60},{"s":[0],"t":120}]},"sa":{"a":0,"k":0},"o":{"a":1,"k":[{"o":{"x":0,"y":0},"i":{"x":0.58,"y":1},"s":[100],"t":0},{"o":{"x":0,"y":0},"i":{"x":0.58,"y":1},"s":[100],"t":60},{"s":[100],"t":120}]}},"ef":[],"shapes":[{"ty":"sh","bm":0,"hd":false,"nm":"","d":1,"ks":{"a":1,"k":[{"o":{"x":0,"y":0},"i":{"x":0.58,"y":1},"s":[{"c":true,"i":[[0,0],[0,0],[2.02,3.49],[0,2.13],[0,0],[0,-6.48],[0,0]],"o":[[0,0],[-4.31,-0.02],[-0.99,-1.73],[0,0],[6.46,0],[0,0],[0,0]],"v":[[19.2,11.71],[11.66,11.71],[1.57,5.86],[0,0],[7.49,0],[19.19,11.72],[19.2,11.71]]}],"t":0},{"o":{"x":0,"y":0},"i":{"x":0.58,"y":1},"s":[{"c":true,"i":[[0,0],[0,0],[2.02,3.49],[0,2.13],[0,0],[0,-6.48],[0,0]],"o":[[0,0],[-4.31,-0.02],[-0.99,-1.73],[0,0],[6.46,0],[0,0],[0,0]],"v":[[19.2,11.71],[11.66,11.71],[1.57,5.86],[0,0],[7.49,0],[19.19,11.72],[19.2,11.71]]}],"t":60},{"s":[{"c":true,"i":[[0,0],[0,0],[2.02,3.49],[0,2.13],[0,0],[0,-6.48],[0,0]],"o":[[0,0],[-4.31,-0.02],[-0.99,-1.73],[0,0],[6.46,0],[0,0],[0,0]],"v":[[19.2,11.71],[11.66,11.71],[1.57,5.86],[0,0],[7.49,0],[19.19,11.72],[19.2,11.71]]}],"t":120}]}},{"ty":"fl","bm":0,"hd":false,"nm":"","c":{"a":1,"k":[{"o":{"x":0,"y":0},"i":{"x":0.58,"y":1},"s":[0.6471,0.6431,0.6431],"t":0},{"o":{"x":0,"y":0},"i":{"x":0.58,"y":1},"s":[0.6471,0.6431,0.6431],"t":60},{"s":[0.6471,0.6431,0.6431],"t":120}]},"r":1,"o":{"a":1,"k":[{"o":{"x":0,"y":0},"i":{"x":0.58,"y":1},"s":[100],"t":0},{"o":{"x":0,"y":0},"i":{"x":0.58,"y":1},"s":[100],"t":60},{"s":[100],"t":120}]}}],"ind":7},{"ty":4,"nm":"Vector","sr":1,"st":0,"op":121,"ip":0,"hd":false,"ddd":0,"bm":0,"hasMask":false,"ao":0,"ks":{"a":{"a":1,"k":[{"o":{"x":0,"y":0},"i":{"x":0.58,"y":1},"s":[22.47,14.43],"t":0},{"o":{"x":0,"y":0},"i":{"x":0.58,"y":1},"s":[22.47,14.43],"t":60},{"s":[22.47,14.43],"t":120}]},"s":{"a":1,"k":[{"o":{"x":0,"y":0},"i":{"x":0.58,"y":1},"s":[100,100],"t":0},{"o":{"x":0,"y":0},"i":{"x":0.58,"y":1},"s":[100,100],"t":60},{"s":[100,100],"t":120}]},"sk":{"a":0,"k":0},"p":{"a":1,"k":[{"o":{"x":0,"y":0},"i":{"x":0.58,"y":1},"s":[22.47,17.28],"t":0},{"o":{"x":0,"y":0},"i":{"x":0.58,"y":1},"s":[22.47,17.28],"t":60},{"s":[22.47,17.28],"t":120}]},"r":{"a":1,"k":[{"o":{"x":0,"y":0},"i":{"x":0.58,"y":1},"s":[0],"t":0},{"o":{"x":0,"y":0},"i":{"x":0.58,"y":1},"s":[0],"t":60},{"s":[0],"t":120}]},"sa":{"a":0,"k":0},"o":{"a":1,"k":[{"o":{"x":0,"y":0},"i":{"x":0.58,"y":1},"s":[100],"t":0},{"o":{"x":0,"y":0},"i":{"x":0.58,"y":1},"s":[100],"t":60},{"s":[100],"t":120}]}},"ef":[],"shapes":[{"ty":"sh","bm":0,"hd":false,"nm":"","d":1,"ks":{"a":1,"k":[{"o":{"x":0,"y":0},"i":{"x":0.58,"y":1},"s":[{"c":true,"i":[[0,0],[0,0],[4.73,0],[0,0],[0,4.73],[-6.67,3.76],[-0.26,0.14],[-4.41,1.09],[-2.14,0],[0,0],[0,0]],"o":[[0,0],[0,4.73],[0,0],[-4.74,0],[0,-4.73],[0.26,-0.15],[4.33,-2.36],[2.74,-0.67],[0,0],[0,0],[0,0]],"v":[[44.94,0.01],[44.94,20.28],[36.37,28.85],[8.57,28.85],[0,20.28],[11.9,6.81],[12.67,6.38],[26.3,1.05],[33.74,0],[44.94,0],[44.94,0.01]]}],"t":0},{"o":{"x":0,"y":0},"i":{"x":0.58,"y":1},"s":[{"c":true,"i":[[0,0],[0,0],[4.73,0],[0,0],[0,4.73],[-6.67,3.76],[-0.26,0.14],[-4.41,1.09],[-2.14,0],[0,0],[0,0]],"o":[[0,0],[0,4.73],[0,0],[-4.74,0],[0,-4.73],[0.26,-0.15],[4.33,-2.36],[2.74,-0.67],[0,0],[0,0],[0,0]],"v":[[44.94,0.01],[44.94,20.28],[36.37,28.85],[8.57,28.85],[0,20.28],[11.9,6.81],[12.67,6.38],[26.3,1.05],[33.74,0],[44.94,0],[44.94,0.01]]}],"t":60},{"s":[{"c":true,"i":[[0,0],[0,0],[4.73,0],[0,0],[0,4.73],[-6.67,3.76],[-0.26,0.14],[-4.41,1.09],[-2.14,0],[0,0],[0,0]],"o":[[0,0],[0,4.73],[0,0],[-4.74,0],[0,-4.73],[0.26,-0.15],[4.33,-2.36],[2.74,-0.67],[0,0],[0,0],[0,0]],"v":[[44.94,0.01],[44.94,20.28],[36.37,28.85],[8.57,28.85],[0,20.28],[11.9,6.81],[12.67,6.38],[26.3,1.05],[33.74,0],[44.94,0],[44.94,0.01]]}],"t":120}]}},{"ty":"fl","bm":0,"hd":false,"nm":"","c":{"a":1,"k":[{"o":{"x":0,"y":0},"i":{"x":0.58,"y":1},"s":[0.6471,0.6431,0.6431],"t":0},{"o":{"x":0,"y":0},"i":{"x":0.58,"y":1},"s":[0.6471,0.6431,0.6431],"t":60},{"s":[0.6471,0.6431,0.6431],"t":120}]},"r":1,"o":{"a":1,"k":[{"o":{"x":0,"y":0},"i":{"x":0.58,"y":1},"s":[100],"t":0},{"o":{"x":0,"y":0},"i":{"x":0.58,"y":1},"s":[100],"t":60},{"s":[100],"t":120}]}}],"ind":8},{"ty":4,"nm":"Chevre Bg","sr":1,"st":0,"op":121,"ip":0,"hd":false,"ddd":0,"bm":0,"hasMask":false,"ao":0,"ks":{"a":{"a":1,"k":[{"o":{"x":0,"y":0},"i":{"x":0.58,"y":1},"s":[88.03,73.92],"t":0},{"o":{"x":0,"y":0},"i":{"x":0.58,"y":1},"s":[88.03,73.92],"t":60},{"s":[88.03,73.92],"t":120}]},"s":{"a":1,"k":[{"o":{"x":0,"y":0},"i":{"x":0.58,"y":1},"s":[100,100],"t":0},{"o":{"x":0,"y":0},"i":{"x":0.58,"y":1},"s":[100,100],"t":60},{"s":[100,100],"t":120}]},"sk":{"a":0,"k":0},"p":{"a":1,"k":[{"o":{"x":0,"y":0},"i":{"x":0.58,"y":1},"s":[88.03,73.92],"t":0},{"o":{"x":0,"y":0},"i":{"x":0.58,"y":1},"s":[88.03,73.92],"t":60},{"s":[88.03,73.92],"t":120}]},"r":{"a":1,"k":[{"o":{"x":0,"y":0},"i":{"x":0.58,"y":1},"s":[0],"t":0},{"o":{"x":0,"y":0},"i":{"x":0.58,"y":1},"s":[0],"t":60},{"s":[0],"t":120}]},"sa":{"a":0,"k":0},"o":{"a":1,"k":[{"o":{"x":0,"y":0},"i":{"x":0.58,"y":1},"s":[100],"t":0},{"o":{"x":0,"y":0},"i":{"x":0.58,"y":1},"s":[100],"t":60},{"s":[100],"t":120}]}},"ef":[],"shapes":[{"ty":"sh","bm":0,"hd":false,"nm":"","d":1,"ks":{"a":1,"k":[{"o":{"x":0,"y":0},"i":{"x":0.58,"y":1},"s":[{"c":true,"i":[[0,0],[0,0],[0,0],[0,0]],"o":[[0,0],[0,0],[0,0],[0,0]],"v":[[0,0],[176.05,0],[176.05,147.83],[0,147.83]]}],"t":0},{"o":{"x":0,"y":0},"i":{"x":0.58,"y":1},"s":[{"c":true,"i":[[0,0],[0,0],[0,0],[0,0]],"o":[[0,0],[0,0],[0,0],[0,0]],"v":[[0,0],[176.05,0],[176.05,147.83],[0,147.83]]}],"t":60},{"s":[{"c":true,"i":[[0,0],[0,0],[0,0],[0,0]],"o":[[0,0],[0,0],[0,0],[0,0]],"v":[[0,0],[176.05,0],[176.05,147.83],[0,147.83]]}],"t":120}]}},{"ty":"fl","bm":0,"hd":false,"nm":"","c":{"a":1,"k":[{"o":{"x":0,"y":0},"i":{"x":0.58,"y":1},"s":[1,1,1],"t":0},{"o":{"x":0,"y":0},"i":{"x":0.58,"y":1},"s":[1,1,1],"t":60},{"s":[1,1,1],"t":120}]},"r":1,"o":{"a":1,"k":[{"o":{"x":0,"y":0},"i":{"x":0.58,"y":1},"s":[0],"t":0},{"o":{"x":0,"y":0},"i":{"x":0.58,"y":1},"s":[0],"t":60},{"s":[0],"t":120}]}}],"ind":9}]}]}