{"v":"4.8.0","meta":{"g":"LottieFiles AE 3.5.3","a":"","k":"","d":"","tc":""},"fr":29.9700012207031,"ip":0,"op":900.000036657751,"w":1815,"h":1815,"nm":"Anims data","ddd":0,"assets":[],"fonts":{"list":[{"fName":"Nunito-Bold","fFamily":"Nunito","fStyle":"Bold","ascent":72.0997436903417},{"fName":"Nunito-Regular","fFamily":"Nunito","fStyle":"Regular","ascent":71.4991455432028}]},"layers":[{"ddd":0,"ind":1,"ty":5,"nm":"de tonnes à partir de chèvre, mouton, alpaga et lapin (2021)","sr":1,"ks":{"o":{"a":1,"k":[{"i":{"x":[0.833],"y":[0.833]},"o":{"x":[0.167],"y":[0.167]},"t":0,"s":[0]},{"i":{"x":[0.833],"y":[0.833]},"o":{"x":[0.167],"y":[0.167]},"t":31,"s":[0]},{"t":60.0000024438501,"s":[100]}],"ix":11},"r":{"a":0,"k":0,"ix":10},"p":{"a":1,"k":[{"i":{"x":0.833,"y":0.833},"o":{"x":0.167,"y":0.167},"t":0,"s":[1212,1419,0],"to":[0,0,0],"ti":[0,0,0]},{"i":{"x":0.833,"y":0.833},"o":{"x":0.167,"y":0.167},"t":31,"s":[1212,1419,0],"to":[0,0,0],"ti":[0,0,0]},{"t":60.0000024438501,"s":[1212,1347,0]}],"ix":2},"a":{"a":0,"k":[0,0,0],"ix":1},"s":{"a":0,"k":[100,100,100],"ix":6}},"ao":0,"t":{"d":{"k":[{"s":{"sz":[1582,370],"ps":[-864,-185],"s":46,"f":"Nunito-Regular","t":"de tonnes à partir de chèvre, mouton, alpaga et lapin (2021)","j":0,"tr":0,"lh":55.2,"ls":0,"fc":[0,0,0]},"t":0}]},"p":{},"m":{"g":1,"a":{"a":0,"k":[0,0],"ix":2}},"a":[]},"ip":0,"op":900.000036657751,"st":0,"bm":0},{"ddd":0,"ind":2,"ty":5,"nm":"Laine : 1 million","sr":1,"ks":{"o":{"a":1,"k":[{"i":{"x":[0.833],"y":[0.833]},"o":{"x":[0.167],"y":[0.167]},"t":0,"s":[0]},{"i":{"x":[0.833],"y":[0.833]},"o":{"x":[0.167],"y":[0.167]},"t":31,"s":[0]},{"t":60.0000024438501,"s":[100]}],"ix":11},"r":{"a":0,"k":0,"ix":10},"p":{"a":1,"k":[{"i":{"x":0.833,"y":0.833},"o":{"x":0.167,"y":0.167},"t":0,"s":[995,1319,0],"to":[0,0,0],"ti":[0,0,0]},{"i":{"x":0.833,"y":0.833},"o":{"x":0.167,"y":0.167},"t":31,"s":[995,1319,0],"to":[0,0,0],"ti":[0,0,0]},{"t":60.0000024438501,"s":[995,1247,0]}],"ix":2},"a":{"a":0,"k":[0,0,0],"ix":1},"s":{"a":0,"k":[100,100,100],"ix":6}},"ao":0,"t":{"d":{"k":[{"s":{"sz":[1410,322],"ps":[-705,-161],"s":62,"f":"Nunito-Bold","t":"Laine : 1 million","j":0,"tr":0,"lh":74.4,"ls":0,"fc":[0,0,0]},"t":0}]},"p":{},"m":{"g":1,"a":{"a":0,"k":[0,0],"ix":2}},"a":[]},"ip":0,"op":900.000036657751,"st":0,"bm":0},{"ddd":0,"ind":3,"ty":4,"nm":"Calque de forme 2","sr":1,"ks":{"o":{"a":0,"k":100,"ix":11},"r":{"a":0,"k":0,"ix":10},"p":{"a":0,"k":[164.75,1257.25,0],"ix":2},"a":{"a":0,"k":[-705.75,238.75,0],"ix":1},"s":{"a":1,"k":[{"i":{"x":[0.833,0.833,0.833],"y":[0.833,0.833,0.833]},"o":{"x":[0.167,0.167,0.167],"y":[0.167,0.167,0.167]},"t":0,"s":[0,100,100]},{"t":31.0000012626559,"s":[100,100,100]}],"ix":6}},"ao":0,"shapes":[{"ty":"gr","it":[{"ind":0,"ty":"sh","ix":1,"ks":{"a":0,"k":{"i":[[0,0],[0,0]],"o":[[0,0],[0,0]],"v":[[-706.5,238.5],[769.5,238.5]],"c":false},"ix":2},"nm":"Tracé 1","mn":"ADBE Vector Shape - Group","hd":false},{"ty":"st","c":{"a":0,"k":[0,0,0,1],"ix":3},"o":{"a":0,"k":100,"ix":4},"w":{"a":0,"k":5,"ix":5},"lc":1,"lj":1,"ml":4,"bm":0,"nm":"Contour 1","mn":"ADBE Vector Graphic - Stroke","hd":false},{"ty":"tr","p":{"a":0,"k":[0,0],"ix":2},"a":{"a":0,"k":[0,0],"ix":1},"s":{"a":0,"k":[100,100],"ix":3},"r":{"a":0,"k":0,"ix":6},"o":{"a":0,"k":100,"ix":7},"sk":{"a":0,"k":0,"ix":4},"sa":{"a":0,"k":0,"ix":5},"nm":"Transformer "}],"nm":"Forme 1","np":3,"cix":2,"bm":0,"ix":1,"mn":"ADBE Vector Group","hd":false}],"ip":0,"op":900.000036657751,"st":0,"bm":0},{"ddd":0,"ind":4,"ty":4,"nm":"Calque de forme 1","sr":1,"ks":{"o":{"a":0,"k":100,"ix":11},"r":{"a":0,"k":0,"ix":10},"p":{"a":0,"k":[853.5,1015.5,0],"ix":2},"a":{"a":0,"k":[0,0,0],"ix":1},"s":{"a":0,"k":[100,100,100],"ix":6}},"ao":0,"shapes":[{"ty":"gr","it":[{"d":1,"ty":"el","s":{"a":0,"k":[126,126],"ix":2},"p":{"a":0,"k":[0,0],"ix":3},"nm":"Tracé d'ellipse 1","mn":"ADBE Vector Shape - Ellipse","hd":false},{"ty":"st","c":{"a":0,"k":[0,0,0,1],"ix":3},"o":{"a":0,"k":100,"ix":4},"w":{"a":0,"k":5,"ix":5},"lc":1,"lj":1,"ml":4,"bm":0,"nm":"Contour 1","mn":"ADBE Vector Graphic - Stroke","hd":false},{"ty":"tr","p":{"a":0,"k":[-688.5,304.5],"ix":2},"a":{"a":0,"k":[0,0],"ix":1},"s":{"a":0,"k":[100,100],"ix":3},"r":{"a":0,"k":0,"ix":6},"o":{"a":0,"k":100,"ix":7},"sk":{"a":0,"k":0,"ix":4},"sa":{"a":0,"k":0,"ix":5},"nm":"Transformer "}],"nm":"Ellipse 1","np":3,"cix":2,"bm":0,"ix":1,"mn":"ADBE Vector Group","hd":false}],"ip":0,"op":900.000036657751,"st":0,"bm":0}],"markers":[],"chars":[{"ch":"L","size":62,"style":"Bold","w":56.2,"data":{"shapes":[{"ty":"gr","it":[{"ind":0,"ty":"sh","ix":1,"ks":{"a":0,"k":{"i":[[0,0],[-0.967,0.967],[0,1.734],[0.966,0.934],[1.8,0],[0,0],[0,0],[1.1,1.1],[2.066,0],[1.1,-1.1],[0,-2.133],[0,0],[-1.134,-1.166],[-2.067,0]],"o":[[1.8,0],[0.966,-0.966],[0,-1.733],[-0.967,-0.933],[0,0],[0,0],[0,-2.133],[-1.1,-1.1],[-2.067,0],[-1.1,1.1],[0,0],[0,2.067],[1.133,1.167],[0,0]],"v":[[49.5,0],[53.65,-1.45],[55.1,-5.5],[53.65,-9.5],[49.5,-10.9],[20.5,-10.9],[20.5,-64.3],[18.85,-69.15],[14.1,-70.8],[9.35,-69.15],[7.7,-64.3],[7.7,-6.6],[9.4,-1.75],[14.2,0]],"c":true},"ix":2},"nm":"L","mn":"ADBE Vector Shape - Group","hd":false}],"nm":"L","np":3,"cix":2,"bm":0,"ix":1,"mn":"ADBE Vector Group","hd":false}]},"fFamily":"Nunito"},{"ch":"a","size":62,"style":"Bold","w":54.7,"data":{"shapes":[{"ty":"gr","it":[{"ind":0,"ty":"sh","ix":1,"ks":{"a":0,"k":{"i":[[-2.067,0.933],[-1.367,1.7],[-0.467,2.334],[0,0],[0,0],[-1.034,-1.1],[-1.867,0],[-1,1.1],[0,2.067],[0,0],[1.533,2.967],[3.1,1.467],[4.8,0],[2.833,-0.533],[3.066,-1.266],[0.533,-0.966],[0,-1],[-0.534,-0.833],[-0.967,-0.266],[-1.267,0.6],[-2.234,0.467],[-1.934,0],[-1.467,-1.466],[0,-3.333],[0,0],[1,-1.8],[1.7,-1.033],[2.2,0],[1.533,1.4],[0,2.2],[-1.034,0.967],[-2.467,0.4],[-4.134,0],[0,0],[0,0],[0,0],[4.2,-0.933],[1.866,-2.1],[0,-3.6],[-1.567,-2.333],[-2.767,-1.366],[-3.534,0]],"o":[[2.066,-0.933],[1.366,-1.7],[0,0],[0,0],[0,2.067],[1.033,1.1],[1.866,0],[1,-1.1],[0,0],[0,-4.666],[-1.534,-2.966],[-3.1,-1.466],[-2.334,0],[-2.834,0.534],[-1.267,0.467],[-0.534,0.967],[0,1],[0.533,0.834],[0.966,0.267],[2.466,-1.133],[2.233,-0.466],[3.466,0],[1.466,1.467],[0,0],[0,2.334],[-1,1.8],[-1.7,1.034],[-2.734,0],[-1.534,-1.4],[0,-1.733],[1.033,-0.966],[2.466,-0.4],[0,0],[0,0],[0,0],[-7.067,0],[-4.2,0.934],[-1.867,2.1],[0,2.934],[1.566,2.334],[2.766,1.366],[2.666,0]],"v":[[29.7,-0.4],[34.85,-4.35],[37.6,-10.4],[36.8,-10.4],[36.8,-5.6],[38.35,-0.85],[42.7,0.8],[47,-0.85],[48.5,-5.6],[48.5,-29.6],[46.2,-41.05],[39.25,-47.7],[27.4,-49.9],[19.65,-49.1],[10.8,-46.4],[8.1,-44.25],[7.3,-41.3],[8.1,-38.55],[10.35,-36.9],[13.7,-37.4],[20.75,-39.8],[27,-40.5],[34.4,-38.3],[36.6,-31.1],[36.6,-19.6],[35.1,-13.4],[31.05,-9.15],[25.2,-7.6],[18.8,-9.7],[16.5,-15.1],[18.05,-19.15],[23.3,-21.2],[33.2,-21.8],[38.1,-21.8],[38.1,-29],[33.1,-29],[16.2,-27.6],[7.1,-23.05],[4.3,-14.5],[6.65,-6.6],[13.15,-1.05],[22.6,1]],"c":true},"ix":2},"nm":"a","mn":"ADBE Vector Shape - Group","hd":false}],"nm":"a","np":3,"cix":2,"bm":0,"ix":1,"mn":"ADBE Vector Group","hd":false}]},"fFamily":"Nunito"},{"ch":"i","size":62,"style":"Bold","w":25.5,"data":{"shapes":[{"ty":"gr","it":[{"ind":0,"ty":"sh","ix":1,"ks":{"a":0,"k":{"i":[[-1.067,1.2],[0,2.134],[0,0],[1.1,1.167],[2,0],[1.066,-1.166],[0,-2.2],[0,0],[-1.067,-1.2],[-2,0]],"o":[[1.066,-1.2],[0,0],[0,-2.2],[-1.1,-1.166],[-2,0],[-1.067,1.167],[0,0],[0,2.134],[1.066,1.2],[2.066,0]],"v":[[17.4,-1.1],[19,-6.1],[19,-42.8],[17.35,-47.85],[12.7,-49.6],[8.1,-47.85],[6.5,-42.8],[6.5,-6.1],[8.1,-1.1],[12.7,0.7]],"c":true},"ix":2},"nm":"i","mn":"ADBE Vector Shape - Group","hd":false},{"ind":1,"ty":"sh","ix":2,"ks":{"a":0,"k":{"i":[[-1.267,1.167],[0,2.067],[1.266,1.134],[2.4,0],[1.3,-1.133],[0,-2.133],[-1.3,-1.166],[-2.334,0]],"o":[[1.266,-1.166],[0,-2.133],[-1.267,-1.133],[-2.334,0],[-1.3,1.134],[0,2.067],[1.3,1.167],[2.4,0]],"v":[[18.2,-60.65],[20.1,-65.5],[18.2,-70.4],[12.7,-72.1],[7.25,-70.4],[5.3,-65.5],[7.25,-60.65],[12.7,-58.9]],"c":true},"ix":2},"nm":"i","mn":"ADBE Vector Shape - Group","hd":false}],"nm":"i","np":5,"cix":2,"bm":0,"ix":1,"mn":"ADBE Vector Group","hd":false}]},"fFamily":"Nunito"},{"ch":"n","size":62,"style":"Bold","w":58.5,"data":{"shapes":[{"ty":"gr","it":[{"ind":0,"ty":"sh","ix":1,"ks":{"a":0,"k":{"i":[[0,4.267],[0,0],[-2.167,2.3],[-3.667,0],[-1.434,-1.733],[0,-3.8],[0,0],[-1.1,-1.1],[-2,0],[-1.067,1.1],[0,2.067],[0,0],[1.266,2.967],[2.533,1.467],[3.933,0],[3.1,-1.833],[1.466,-3.533],[0,0],[0,0],[1.066,1.067],[1.933,0],[1.066,-1.066],[0,-2.066],[0,0],[-1.067,-1.1],[-2,0]],"o":[[0,0],[0,-3.8],[2.166,-2.3],[3,0],[1.433,1.734],[0,0],[0,2.067],[1.1,1.1],[2,0],[1.066,-1.1],[0,0],[0,-4.533],[-1.267,-2.966],[-2.534,-1.466],[-3.934,0],[-3.1,1.834],[0,0],[0,0],[0,-2.066],[-1.067,-1.066],[-1.934,0],[-1.067,1.067],[0,0],[0,2.067],[1.066,1.1],[4.2,0]],"v":[[19,-5.6],[19,-27.5],[22.25,-36.65],[31,-40.1],[37.65,-37.5],[39.8,-29.2],[39.8,-5.6],[41.45,-0.85],[46.1,0.8],[50.7,-0.85],[52.3,-5.6],[52.3,-29.8],[50.4,-41.05],[44.7,-47.7],[35,-49.9],[24.45,-47.15],[17.6,-39.1],[18.7,-36.6],[18.7,-43.4],[17.1,-48.1],[12.6,-49.7],[8.1,-48.1],[6.5,-43.4],[6.5,-5.6],[8.1,-0.85],[12.7,0.8]],"c":true},"ix":2},"nm":"n","mn":"ADBE Vector Shape - Group","hd":false}],"nm":"n","np":3,"cix":2,"bm":0,"ix":1,"mn":"ADBE Vector Group","hd":false}]},"fFamily":"Nunito"},{"ch":"e","size":62,"style":"Bold","w":54.2,"data":{"shapes":[{"ty":"gr","it":[{"ind":0,"ty":"sh","ix":1,"ks":{"a":0,"k":{"i":[[-3.034,0.7],[-2.334,1.467],[-0.5,1],[0.133,0.967],[0.633,0.667],[1.066,0.1],[1.4,-0.8],[2.166,-0.433],[1.733,0],[2.566,2.7],[0,5.467],[0,0],[-1.034,2.367],[-1.967,1.3],[-2.8,0],[-1.7,-1.1],[-0.9,-2.066],[0,-3.066],[0,0],[0,0],[0,0],[0,0],[-0.834,0.634],[0,1.2],[1.033,3.034],[1.966,2.134],[2.766,1.134],[3.466,0],[3.7,-2.166],[2.1,-3.8],[0,-5.066],[-2.167,-3.8],[-4,-2.066],[-5.534,0]],"o":[[3.033,-0.7],[1.2,-0.733],[0.5,-1],[-0.134,-0.966],[-0.634,-0.666],[-1.067,-0.1],[-1.934,1.067],[-2.167,0.434],[-5,0],[-2.567,-2.7],[0,0],[0,-3.266],[1.033,-2.366],[1.966,-1.3],[2.533,0],[1.7,1.1],[0.9,2.067],[0,0],[0,0],[0,0],[0,0],[1.533,0],[0.833,-0.633],[0,-3.8],[-1.034,-3.033],[-1.967,-2.133],[-2.767,-1.133],[-4.734,0],[-3.7,2.167],[-2.1,3.8],[0,5.2],[2.166,3.8],[4,2.067],[2.6,0]],"v":[[39.05,-0.05],[47.1,-3.3],[49.65,-5.9],[50.2,-8.85],[49.05,-11.3],[46.5,-12.45],[42.8,-11.4],[36.65,-9.15],[30.8,-8.5],[19.45,-12.55],[15.6,-24.8],[15.6,-25.5],[17.15,-33.95],[21.65,-39.45],[28.8,-41.4],[35.15,-39.75],[39.05,-35],[40.4,-27.3],[42,-28.8],[13.9,-28.8],[13.9,-21.6],[46,-21.6],[49.55,-22.55],[50.8,-25.3],[49.25,-35.55],[44.75,-43.3],[37.65,-48.2],[28.3,-49.9],[15.65,-46.65],[6.95,-37.7],[3.8,-24.4],[7.05,-10.9],[16.3,-2.1],[30.6,1]],"c":true},"ix":2},"nm":"e","mn":"ADBE Vector Shape - Group","hd":false}],"nm":"e","np":3,"cix":2,"bm":0,"ix":1,"mn":"ADBE Vector Group","hd":false}]},"fFamily":"Nunito"},{"ch":" ","size":62,"style":"Bold","w":27.1,"data":{},"fFamily":"Nunito"},{"ch":":","size":62,"style":"Bold","w":24.8,"data":{"shapes":[{"ty":"gr","it":[{"ind":0,"ty":"sh","ix":1,"ks":{"a":0,"k":{"i":[[-1.3,1.4],[0,2.2],[1.3,1.367],[2.333,0],[1.366,-1.366],[0,-2.133],[-1.367,-1.4],[-2.267,0]],"o":[[1.3,-1.4],[0,-2.133],[-1.3,-1.366],[-2.267,0],[-1.367,1.367],[0,2.2],[1.366,1.4],[2.333,0]],"v":[[17.95,-1.6],[19.9,-7],[17.95,-12.25],[12.5,-14.3],[7.05,-12.25],[5,-7],[7.05,-1.6],[12.5,0.5]],"c":true},"ix":2},"nm":":","mn":"ADBE Vector Shape - Group","hd":false},{"ind":1,"ty":"sh","ix":2,"ks":{"a":0,"k":{"i":[[-1.3,1.4],[0,2.134],[1.3,1.367],[2.333,0],[1.366,-1.366],[0,-2.2],[-1.367,-1.4],[-2.267,0]],"o":[[1.3,-1.4],[0,-2.2],[-1.3,-1.366],[-2.267,0],[-1.367,1.367],[0,2.134],[1.366,1.4],[2.333,0]],"v":[[17.95,-36.7],[19.9,-42],[17.95,-47.35],[12.5,-49.4],[7.05,-47.35],[5,-42],[7.05,-36.7],[12.5,-34.6]],"c":true},"ix":2},"nm":":","mn":"ADBE Vector Shape - Group","hd":false}],"nm":":","np":5,"cix":2,"bm":0,"ix":1,"mn":"ADBE Vector Group","hd":false}]},"fFamily":"Nunito"},{"ch":"1","size":62,"style":"Bold","w":60,"data":{"shapes":[{"ty":"gr","it":[{"ind":0,"ty":"sh","ix":1,"ks":{"a":0,"k":{"i":[[0,0],[-0.967,0.934],[0,1.734],[0.966,0.867],[1.733,0],[0,0],[0,0],[0.933,0.767],[1.4,0],[1.333,-0.566],[1.333,-0.8],[0,0],[0.433,-1.1],[-0.267,-1.066],[-0.767,-0.766],[-1.1,-0.166],[-1.267,0.734],[0,0],[0,0],[0,0],[0,0],[0.966,-0.866],[0,-1.733],[-0.967,-0.966],[-1.734,0]],"o":[[1.733,0],[0.966,-0.933],[0,-1.733],[-0.967,-0.866],[0,0],[0,0],[0,-1.733],[-0.934,-0.766],[-1.134,0],[-1.334,0.567],[0,0],[-1.267,0.734],[-0.434,1.1],[0.266,1.067],[0.766,0.767],[1.1,0.167],[0,0],[0,0],[0,0],[0,0],[-1.734,0],[-0.967,0.867],[0,1.667],[0.966,0.967],[0,0]],"v":[[49.8,0],[53.85,-1.4],[55.3,-5.4],[53.85,-9.3],[49.8,-10.6],[39.6,-10.6],[39.6,-66.4],[38.2,-70.15],[34.7,-71.3],[31,-70.45],[27,-68.4],[13.2,-60.1],[10.65,-57.35],[10.4,-54.1],[11.95,-51.35],[14.75,-49.95],[18.3,-50.8],[33,-59.7],[26.8,-59.7],[26.8,-10.6],[15.6,-10.6],[11.55,-9.3],[10.1,-5.4],[11.55,-1.45],[15.6,0]],"c":true},"ix":2},"nm":"1","mn":"ADBE Vector Shape - Group","hd":false}],"nm":"1","np":3,"cix":2,"bm":0,"ix":1,"mn":"ADBE Vector Group","hd":false}]},"fFamily":"Nunito"},{"ch":"m","size":62,"style":"Bold","w":87.7,"data":{"shapes":[{"ty":"gr","it":[{"ind":0,"ty":"sh","ix":1,"ks":{"a":0,"k":{"i":[[0,4.267],[0,0],[-1.867,2.3],[-3.267,0],[-1.234,-1.733],[0,-3.733],[0,0],[-1.1,-1.1],[-2,0],[-1.067,1.1],[0,2.067],[0,0],[-1.867,2.3],[-3.267,0],[-1.234,-1.733],[0,-3.733],[0,0],[-1.067,-1.1],[-2,0],[-1.1,1.1],[0,2.067],[0,0],[1.2,2.967],[2.433,1.467],[3.733,0],[3.066,-2.033],[1.333,-3.533],[0,0],[2.533,1.867],[3.933,0],[2.8,-1.933],[1.333,-3.333],[0,0],[0,0],[1.066,1.067],[1.933,0],[1.066,-1.066],[0,-2.066],[0,0],[-1.067,-1.1],[-2,0]],"o":[[0,0],[0,-4.066],[1.866,-2.3],[2.866,0],[1.233,1.734],[0,0],[0,2.067],[1.1,1.1],[2,0],[1.066,-1.1],[0,0],[0,-4.066],[1.866,-2.3],[2.933,0],[1.233,1.734],[0,0],[0,2.067],[1.066,1.1],[2,0],[1.1,-1.1],[0,0],[0,-4.533],[-1.2,-2.966],[-2.434,-1.466],[-4,0],[-3.067,2.034],[0,0],[-1,-3.866],[-2.534,-1.866],[-3.867,0],[-2.8,1.934],[0,0],[0,0],[0,-2.066],[-1.067,-1.066],[-1.934,0],[-1.067,1.067],[0,0],[0,2.067],[1.066,1.1],[4.2,0]],"v":[[19.2,-5.6],[19.2,-27.1],[22,-36.65],[29.7,-40.1],[35.85,-37.5],[37.7,-29.3],[37.7,-5.6],[39.35,-0.85],[44,0.8],[48.6,-0.85],[50.2,-5.6],[50.2,-27.1],[53,-36.65],[60.7,-40.1],[66.95,-37.5],[68.8,-29.3],[68.8,-5.6],[70.4,-0.85],[75,0.8],[79.65,-0.85],[81.3,-5.6],[81.3,-29.8],[79.5,-41.05],[74.05,-47.7],[64.8,-49.9],[54.2,-46.85],[47.6,-38.5],[49,-38.5],[43.7,-47.1],[34,-49.9],[24,-47],[17.8,-39.1],[18.9,-36.1],[18.9,-43.4],[17.3,-48.1],[12.8,-49.7],[8.3,-48.1],[6.7,-43.4],[6.7,-5.6],[8.3,-0.85],[12.9,0.8]],"c":true},"ix":2},"nm":"m","mn":"ADBE Vector Shape - Group","hd":false}],"nm":"m","np":3,"cix":2,"bm":0,"ix":1,"mn":"ADBE Vector Group","hd":false}]},"fFamily":"Nunito"},{"ch":"l","size":62,"style":"Bold","w":31.9,"data":{"shapes":[{"ty":"gr","it":[{"ind":0,"ty":"sh","ix":1,"ks":{"a":0,"k":{"i":[[-0.734,0.066],[-0.667,0.066],[-0.667,0.934],[0,1.667],[0.333,0.634],[0.933,-0.133],[0.466,-0.033],[0.533,0],[1.3,1.467],[0,3.067],[0,0],[1.1,1.067],[2,0],[1.066,-1.066],[0,-2.066],[0,0],[-2.8,-3.166],[-5.534,0]],"o":[[0.733,-0.067],[1.533,-0.2],[0.666,-0.933],[0,-1.933],[-0.334,-0.633],[-0.467,0.067],[-0.467,0.034],[-2.4,0],[-1.3,-1.466],[0,0],[0,-2.066],[-1.1,-1.066],[-2,0],[-1.067,1.067],[0,0],[0,6.134],[2.8,3.167],[0.733,0]],"v":[[25.4,0.9],[27.5,0.7],[30.8,-1],[31.8,-4.9],[31.3,-8.75],[29.4,-9.5],[28,-9.35],[26.5,-9.3],[20.95,-11.5],[19,-18.3],[19,-65],[17.35,-69.7],[12.7,-71.3],[8.1,-69.7],[6.5,-65],[6.5,-17.7],[10.7,-3.75],[23.2,1]],"c":true},"ix":2},"nm":"l","mn":"ADBE Vector Shape - Group","hd":false}],"nm":"l","np":3,"cix":2,"bm":0,"ix":1,"mn":"ADBE Vector Group","hd":false}]},"fFamily":"Nunito"},{"ch":"o","size":62,"style":"Bold","w":57.6,"data":{"shapes":[{"ty":"gr","it":[{"ind":0,"ty":"sh","ix":1,"ks":{"a":0,"k":{"i":[[-3.067,1.166],[-2.2,2.234],[-1.167,3.134],[0,3.934],[2.066,3.8],[3.733,2.067],[5.066,0],[3.066,-1.166],[2.2,-2.233],[1.166,-3.1],[0,-3.933],[-2.067,-3.833],[-3.734,-2.066],[-5.067,0]],"o":[[3.066,-1.166],[2.2,-2.233],[1.166,-3.133],[0,-5.2],[-2.067,-3.8],[-3.734,-2.066],[-3.8,0],[-3.067,1.167],[-2.2,2.234],[-1.167,3.1],[0,5.2],[2.066,3.834],[3.733,2.067],[3.8,0]],"v":[[39.1,-0.75],[47,-5.85],[52.05,-13.9],[53.8,-24.5],[50.7,-38],[42,-46.8],[28.8,-49.9],[18.5,-48.15],[10.6,-43.05],[5.55,-35.05],[3.8,-24.5],[6.9,-10.95],[15.6,-2.1],[28.8,1]],"c":true},"ix":2},"nm":"o","mn":"ADBE Vector Shape - Group","hd":false},{"ind":1,"ty":"sh","ix":2,"ks":{"a":0,"k":{"i":[[2.266,2.7],[0,5.267],[-1.034,2.367],[-1.867,1.167],[-2.467,0],[-2.267,-2.633],[0,-5.333],[1.033,-2.366],[1.866,-1.2],[2.466,0]],"o":[[-2.267,-2.7],[0,-3.533],[1.033,-2.366],[1.866,-1.166],[3.733,0],[2.266,2.634],[0,3.534],[-1.034,2.367],[-1.867,1.2],[-3.734,0]],"v":[[19.8,-12.55],[16.4,-24.5],[17.95,-33.35],[22.3,-38.65],[28.8,-40.4],[37.8,-36.45],[41.2,-24.5],[39.65,-15.65],[35.3,-10.3],[28.8,-8.5]],"c":true},"ix":2},"nm":"o","mn":"ADBE Vector Shape - Group","hd":false}],"nm":"o","np":5,"cix":2,"bm":0,"ix":1,"mn":"ADBE Vector Group","hd":false}]},"fFamily":"Nunito"},{"ch":"d","size":46,"style":"Regular","w":58.2,"data":{"shapes":[{"ty":"gr","it":[{"ind":0,"ty":"sh","ix":1,"ks":{"a":0,"k":{"i":[[1.266,0],[0.7,-0.7],[0,-1.2],[0,0],[2.833,1.667],[3.8,0],[3.266,-2.066],[1.8,-3.8],[0,-5],[-1.8,-3.833],[-3.267,-2.133],[-4.267,0],[-2.834,1.667],[-1.467,3.067],[0,0],[-0.7,-0.733],[-1.267,0],[-0.734,0.733],[0,1.2],[0,0],[0.733,0.734]],"o":[[-1.267,0],[-0.7,0.7],[0,0],[-1.467,-3.066],[-2.834,-1.666],[-4.267,0],[-3.267,2.067],[-1.8,3.8],[0,5.067],[1.8,3.834],[3.266,2.134],[3.8,0],[2.833,-1.666],[0,0],[0,1.2],[0.7,0.733],[1.266,0],[0.733,-0.733],[0,0],[0,-1.133],[-0.734,-0.733]],"v":[[46.6,-71],[43.65,-69.95],[42.6,-67.1],[42.6,-40.3],[36.15,-47.4],[26.2,-49.9],[14.9,-46.8],[7.3,-38],[4.6,-24.8],[7.3,-11.45],[14.9,-2.5],[26.2,0.7],[36.15,-1.8],[42.6,-8.9],[42.6,-3.5],[43.65,-0.6],[46.6,0.5],[49.6,-0.6],[50.7,-3.5],[50.7,-67.1],[49.6,-69.9]],"c":true},"ix":2},"nm":"d","mn":"ADBE Vector Shape - Group","hd":false},{"ind":1,"ty":"sh","ix":2,"ks":{"a":0,"k":{"i":[[4.733,0],[2.633,3.3],[0,5.934],[-2.634,3.2],[-4.734,0],[-2.567,-3.2],[0,-5.933],[2.566,-3.233]],"o":[[-4.734,0],[-2.634,-3.3],[0,-5.8],[2.633,-3.2],[4.733,0],[2.566,3.2],[0,5.934],[-2.567,3.234]],"v":[[27.8,-6],[16.75,-10.95],[12.8,-24.8],[16.75,-38.3],[27.8,-43.1],[38.75,-38.3],[42.6,-24.6],[38.75,-10.85]],"c":true},"ix":2},"nm":"d","mn":"ADBE Vector Shape - Group","hd":false}],"nm":"d","np":5,"cix":2,"bm":0,"ix":1,"mn":"ADBE Vector Group","hd":false}]},"fFamily":"Nunito"},{"ch":"e","size":46,"style":"Regular","w":52.7,"data":{"shapes":[{"ty":"gr","it":[{"ind":0,"ty":"sh","ix":1,"ks":{"a":0,"k":{"i":[[0.733,0],[1.733,-1],[1.866,-0.7],[2.6,0],[0.6,11.467],[0,0],[-0.534,0.6],[0,1.334],[3.733,4.134],[6.333,0],[3.5,-2.133],[1.933,-3.833],[0,-5],[-4.367,-4.466],[-7.534,0],[-2.667,0.7],[-2.4,1.4],[0,1.667],[0.533,0.6]],"o":[[-0.6,0],[-2.134,1.2],[-1.867,0.7],[-10.267,0],[0,0],[1.2,0],[0.533,-0.6],[0,-7.066],[-3.734,-4.133],[-4.467,0],[-3.5,2.134],[-1.934,3.834],[0,7.867],[4.366,4.467],[2.533,0],[2.666,-0.7],[2.333,-1.4],[0,-0.933],[-0.534,-0.6]],"v":[[45.2,-11.3],[41.7,-9.8],[35.7,-6.95],[29,-5.9],[12.7,-23.1],[44.9,-23.1],[47.5,-24],[48.3,-26.9],[42.7,-43.7],[27.6,-49.9],[15.65,-46.7],[7.5,-37.75],[4.6,-24.5],[11.15,-6],[29,0.7],[36.8,-0.35],[44.4,-3.5],[47.9,-8.1],[47.1,-10.4]],"c":true},"ix":2},"nm":"e","mn":"ADBE Vector Shape - Group","hd":false},{"ind":1,"ty":"sh","ix":2,"ks":{"a":0,"k":{"i":[[-4.267,0],[-2.334,-2.633],[-0.134,-4.933],[0,0],[-2.567,2.667]],"o":[[4.2,0],[2.333,2.634],[0,0],[0.466,-4.866],[2.566,-2.666]],"v":[[27.7,-43.6],[37.5,-39.65],[41.2,-28.3],[12.9,-28.3],[17.45,-39.6]],"c":true},"ix":2},"nm":"e","mn":"ADBE Vector Shape - Group","hd":false}],"nm":"e","np":5,"cix":2,"bm":0,"ix":1,"mn":"ADBE Vector Group","hd":false}]},"fFamily":"Nunito"},{"ch":" ","size":46,"style":"Regular","w":25.8,"data":{},"fFamily":"Nunito"},{"ch":"t","size":46,"style":"Regular","w":34.3,"data":{"shapes":[{"ty":"gr","it":[{"ind":0,"ty":"sh","ix":1,"ks":{"a":0,"k":{"i":[[2.333,0.2],[0,0],[1.5,1.634],[0,3.667],[0,0],[0,0],[-0.634,0.567],[0,0.934],[0.633,0.6],[1.066,0],[0,0],[0,0],[0.733,0.7],[1.2,0],[0.733,-0.7],[0,-1.266],[0,0],[0,0],[0.633,-0.6],[0,-1],[-0.634,-0.566],[-1.134,0],[0,0],[0,0],[-2.534,-2.8],[-5.334,-0.4],[0,0],[-0.834,0.566],[0,1.134]],"o":[[0,0],[-3,-0.2],[-1.5,-1.633],[0,0],[0,0],[1.066,0],[0.633,-0.566],[0,-1],[-0.634,-0.6],[0,0],[0,0],[0,-1.266],[-0.734,-0.7],[-1.267,0],[-0.734,0.7],[0,0],[0,0],[-1.134,0],[-0.634,0.6],[0,0.934],[0.633,0.567],[0,0],[0,0],[0,5.667],[2.533,2.8],[0,0],[1.666,0.133],[0.833,-0.566],[0,-1.933]],"v":[[30,-5.9],[27.3,-6.1],[20.55,-8.85],[18.3,-16.8],[18.3,-42.3],[29.4,-42.3],[31.95,-43.15],[32.9,-45.4],[31.95,-47.8],[29.4,-48.7],[18.3,-48.7],[18.3,-60],[17.2,-62.95],[14.3,-64],[11.3,-62.95],[10.2,-60],[10.2,-48.7],[3.5,-48.7],[0.85,-47.8],[-0.1,-45.4],[0.85,-43.15],[3.5,-42.3],[10.2,-42.3],[10.2,-17.2],[14,-4.5],[25.8,0.3],[28.5,0.5],[32.25,-0.15],[33.5,-2.7]],"c":true},"ix":2},"nm":"t","mn":"ADBE Vector Shape - Group","hd":false}],"nm":"t","np":3,"cix":2,"bm":0,"ix":1,"mn":"ADBE Vector Group","hd":false}]},"fFamily":"Nunito"},{"ch":"o","size":46,"style":"Regular","w":55.5,"data":{"shapes":[{"ty":"gr","it":[{"ind":0,"ty":"sh","ix":1,"ks":{"a":0,"k":{"i":[[-4.6,0],[-3.534,2.067],[-1.9,3.834],[0,5.067],[1.9,3.834],[3.533,2.067],[4.6,0],[3.5,-2.066],[1.9,-3.833],[0,-5.066],[-1.9,-3.833],[-3.5,-2.066]],"o":[[4.6,0],[3.533,-2.066],[1.9,-3.833],[0,-5.066],[-1.9,-3.833],[-3.534,-2.066],[-4.6,0],[-3.5,2.067],[-1.9,3.834],[0,5.067],[1.9,3.834],[3.5,2.067]],"v":[[27.7,0.7],[39.9,-2.4],[48.05,-11.25],[50.9,-24.6],[48.05,-37.95],[39.9,-46.8],[27.7,-49.9],[15.55,-46.8],[7.45,-37.95],[4.6,-24.6],[7.45,-11.25],[15.55,-2.4]],"c":true},"ix":2},"nm":"o","mn":"ADBE Vector Shape - Group","hd":false},{"ind":1,"ty":"sh","ix":2,"ks":{"a":0,"k":{"i":[[4.8,0],[2.566,3.2],[0,6],[-2.6,3.234],[-4.734,0],[-2.6,-3.233],[0,-5.933],[2.566,-3.166]],"o":[[-4.8,0],[-2.567,-3.2],[0,-5.933],[2.6,-3.233],[4.733,0],[2.6,3.234],[0,6.067],[-2.567,3.167]],"v":[[27.7,-6],[16.65,-10.8],[12.8,-24.6],[16.7,-38.35],[27.7,-43.2],[38.7,-38.35],[42.6,-24.6],[38.75,-10.75]],"c":true},"ix":2},"nm":"o","mn":"ADBE Vector Shape - Group","hd":false}],"nm":"o","np":5,"cix":2,"bm":0,"ix":1,"mn":"ADBE Vector Group","hd":false}]},"fFamily":"Nunito"},{"ch":"n","size":46,"style":"Regular","w":56.8,"data":{"shapes":[{"ty":"gr","it":[{"ind":0,"ty":"sh","ix":1,"ks":{"a":0,"k":{"i":[[11.666,0],[2.866,-1.566],[1.6,-3],[0,0],[0.7,0.734],[1.2,0],[0.733,-0.733],[0,-1.2],[0,0],[-0.734,-0.7],[-1.267,0],[-0.7,0.7],[0,1.267],[0,0],[-2.667,2.734],[-4.467,0],[-1.767,-2.066],[0,-4.533],[0,0],[-0.734,-0.7],[-1.267,0],[-0.7,0.7],[0,1.267],[0,0]],"o":[[-3.667,0],[-2.867,1.567],[0,0],[0,-1.133],[-0.7,-0.733],[-1.267,0],[-0.734,0.734],[0,0],[0,1.267],[0.733,0.7],[1.266,0],[0.7,-0.7],[0,0],[0,-4.666],[2.666,-2.733],[3.866,0],[1.766,2.067],[0,0],[0,1.267],[0.733,0.7],[1.266,0],[0.7,-0.7],[0,0],[0,-12.866]],"v":[[32,-49.9],[22.2,-47.55],[15.5,-40.7],[15.5,-45.8],[14.45,-48.6],[11.6,-49.7],[8.6,-48.6],[7.5,-45.7],[7.5,-3.5],[8.6,-0.55],[11.6,0.5],[14.55,-0.55],[15.6,-3.5],[15.6,-27.9],[19.6,-39],[30.3,-43.1],[38.75,-40],[41.4,-30.1],[41.4,-3.5],[42.5,-0.55],[45.5,0.5],[48.45,-0.55],[49.5,-3.5],[49.5,-30.6]],"c":true},"ix":2},"nm":"n","mn":"ADBE Vector Shape - Group","hd":false}],"nm":"n","np":3,"cix":2,"bm":0,"ix":1,"mn":"ADBE Vector Group","hd":false}]},"fFamily":"Nunito"},{"ch":"s","size":46,"style":"Regular","w":48,"data":{"shapes":[{"ty":"gr","it":[{"ind":0,"ty":"sh","ix":1,"ks":{"a":0,"k":{"i":[[-3.067,0],[-3.534,2.567],[0,4.2],[1.066,1.734],[2.5,1.2],[4.533,1],[1.633,0.7],[0.7,0.9],[0,1.467],[-1.9,1.4],[-3.134,0],[-1.667,-0.666],[-1.867,-1.2],[-0.8,0],[-0.534,0.6],[0,0.867],[2.266,1.6],[2.433,0.7],[2.6,0],[2.833,-1.266],[1.6,-2.2],[0,-2.866],[-2.534,-2.133],[-5.867,-1.266],[-1.8,-0.7],[-0.734,-0.9],[0,-1.466],[2,-1.266],[3.6,0],[1.966,0.7],[2,1.2],[0.8,0],[0.5,-0.566],[0,-0.866],[-0.5,-0.7],[-1.2,-0.8],[-2.767,-0.733]],"o":[[5.8,0],[3.533,-2.566],[0,-2.666],[-1.067,-1.733],[-2.5,-1.2],[-3.067,-0.666],[-1.634,-0.7],[-0.7,-0.9],[0,-2.333],[1.9,-1.4],[2.466,0],[1.666,0.667],[1.6,1.134],[0.733,0],[0.533,-0.6],[0,-1.733],[-1.867,-1.266],[-2.434,-0.7],[-3.6,0],[-2.834,1.267],[-1.6,2.2],[0,3.667],[2.533,2.134],[3.466,0.734],[1.8,0.7],[0.733,0.9],[0,2.4],[-2,1.267],[-2.934,0],[-1.967,-0.7],[-1.534,-1],[-0.8,0],[-0.5,0.567],[0,1],[0.5,0.7],[2.133,1.334],[2.766,0.733]],"v":[[23.9,0.7],[37.9,-3.15],[43.2,-13.3],[41.6,-19.9],[36.25,-24.3],[25.7,-27.6],[18.65,-29.65],[15.15,-32.05],[14.1,-35.6],[16.95,-41.2],[24.5,-43.3],[30.7,-42.3],[36,-39.5],[39.6,-37.8],[41.5,-38.7],[42.3,-40.9],[38.9,-45.9],[32.45,-48.85],[24.9,-49.9],[15.25,-48],[8.6,-42.8],[6.2,-35.2],[10,-26.5],[22.6,-21.4],[30.5,-19.25],[34.3,-16.85],[35.4,-13.3],[32.4,-7.8],[24,-5.9],[16.65,-6.95],[10.7,-9.8],[7.2,-11.3],[5.25,-10.45],[4.5,-8.3],[5.25,-5.75],[7.8,-3.5],[15.15,-0.4]],"c":true},"ix":2},"nm":"s","mn":"ADBE Vector Shape - Group","hd":false}],"nm":"s","np":3,"cix":2,"bm":0,"ix":1,"mn":"ADBE Vector Group","hd":false}]},"fFamily":"Nunito"},{"ch":"à","size":46,"style":"Regular","w":53,"data":{"shapes":[{"ty":"gr","it":[{"ind":0,"ty":"sh","ix":1,"ks":{"a":0,"k":{"i":[[12.2,0],[2.966,-0.766],[2.333,-1.333],[0.566,-0.7],[0,-0.933],[-0.534,-0.6],[-0.8,0],[-1.8,1.134],[-4.534,0],[-1.634,-1.866],[0,-4],[0,0],[0,0],[4.266,-0.9],[1.866,-2.033],[0,-3.666],[-1.534,-2.266],[-2.634,-1.266],[-3.134,0],[-2.6,1.567],[-1.267,2.867],[0,0],[-0.734,-0.733],[-1.2,0],[-0.7,0.733],[0,1.2],[0,0]],"o":[[-2.934,0],[-2.967,0.767],[-1.267,0.734],[-0.567,0.7],[0,0.934],[0.533,0.6],[0.733,0],[4.666,-2.466],[3.666,0],[1.633,1.867],[0,0],[0,0],[-7.6,0],[-4.267,0.9],[-1.867,2.034],[0,2.734],[1.533,2.267],[2.633,1.266],[3.4,0],[2.6,-1.566],[0,0],[0,1.2],[0.733,0.733],[1.2,0],[0.7,-0.733],[0,0],[0,-12.8]],"v":[[27.4,-49.9],[18.55,-48.75],[10.6,-45.6],[7.85,-43.45],[7,-41],[7.8,-38.7],[9.8,-37.8],[13.6,-39.5],[27.4,-43.2],[35.35,-40.4],[37.8,-31.6],[37.8,-28.3],[35.6,-28.3],[17.8,-26.95],[8.6,-22.55],[5.8,-14],[8.1,-6.5],[14.35,-1.2],[23,0.7],[32,-1.65],[37.8,-8.3],[37.8,-3.5],[38.9,-0.6],[41.8,0.5],[44.65,-0.6],[45.7,-3.5],[45.7,-30.7]],"c":true},"ix":2},"nm":"à","mn":"ADBE Vector Shape - Group","hd":false},{"ind":1,"ty":"sh","ix":2,"ks":{"a":0,"k":{"i":[[4,0],[1.9,1.7],[0,2.6],[-1.3,1.167],[-3.067,0.5],[-5.867,0],[0,0],[0,0],[2.566,-2.7]],"o":[[-2.867,0],[-1.9,-1.7],[0,-2.266],[1.3,-1.166],[3.066,-0.5],[0,0],[0,0],[0,4.267],[-2.567,2.7]],"v":[[24.1,-5.7],[16.95,-8.25],[14.1,-14.7],[16.05,-19.85],[22.6,-22.35],[36,-23.1],[37.8,-23.1],[37.8,-20.2],[33.95,-9.75]],"c":true},"ix":2},"nm":"à","mn":"ADBE Vector Shape - Group","hd":false},{"ind":2,"ty":"sh","ix":3,"ks":{"a":0,"k":{"i":[[0,0],[-0.6,0],[-0.467,0.434],[0,0.6],[0.4,0.467],[0,0],[1.533,0],[0.733,-0.7],[0,-1.066],[-1.334,-1.266]],"o":[[0.466,0.4],[0.6,0],[0.466,-0.433],[0,-0.533],[0,0],[-1.2,-1.533],[-1.067,0],[-0.734,0.7],[0,1.267],[0,0]],"v":[[25.7,-55.2],[27.3,-54.6],[28.9,-55.25],[29.6,-56.8],[29,-58.3],[17.4,-73.5],[13.3,-75.8],[10.6,-74.75],[9.5,-72.1],[11.5,-68.3]],"c":true},"ix":2},"nm":"à","mn":"ADBE Vector Shape - Group","hd":false}],"nm":"à","np":6,"cix":2,"bm":0,"ix":1,"mn":"ADBE Vector Group","hd":false}]},"fFamily":"Nunito"},{"ch":"p","size":46,"style":"Regular","w":58.2,"data":{"shapes":[{"ty":"gr","it":[{"ind":0,"ty":"sh","ix":1,"ks":{"a":0,"k":{"i":[[4.266,0],[2.833,-1.666],[1.466,-3.066],[0,0],[0.7,0.734],[1.266,0],[0.733,-0.733],[0,-1.2],[0,0],[-0.734,-0.734],[-1.267,0],[-0.7,0.7],[0,1.2],[0,0],[-2.834,-1.666],[-3.8,0],[-3.234,2.067],[-1.8,3.767],[0,5.067],[1.8,3.834],[3.266,2.134]],"o":[[-3.8,0],[-2.834,1.667],[0,0],[0,-1.2],[-0.7,-0.733],[-1.267,0],[-0.734,0.734],[0,0],[0,1.133],[0.733,0.733],[1.266,0],[0.7,-0.7],[0,0],[1.466,3.067],[2.833,1.667],[4.333,0],[3.233,-2.066],[1.8,-3.766],[0,-5.066],[-1.8,-3.833],[-3.267,-2.133]],"v":[[32,-49.9],[22.05,-47.4],[15.6,-40.3],[15.6,-45.7],[14.55,-48.6],[11.6,-49.7],[8.6,-48.6],[7.5,-45.7],[7.5,14.6],[8.6,17.4],[11.6,18.5],[14.55,17.45],[15.6,14.6],[15.6,-8.9],[22.05,-1.8],[32,0.7],[43.35,-2.4],[50.9,-11.15],[53.6,-24.4],[50.9,-37.75],[43.3,-46.7]],"c":true},"ix":2},"nm":"p","mn":"ADBE Vector Shape - Group","hd":false},{"ind":1,"ty":"sh","ix":2,"ks":{"a":0,"k":{"i":[[4.733,0],[2.566,3.234],[0,5.934],[-2.567,3.2],[-4.734,0],[-2.6,-3.3],[0,-5.866],[2.6,-3.2]],"o":[[-4.734,0],[-2.567,-3.233],[0,-5.933],[2.566,-3.2],[4.733,0],[2.6,3.3],[0,5.867],[-2.6,3.2]],"v":[[30.4,-6],[19.45,-10.85],[15.6,-24.6],[19.45,-38.3],[30.4,-43.1],[41.4,-38.15],[45.3,-24.4],[41.4,-10.8]],"c":true},"ix":2},"nm":"p","mn":"ADBE Vector Shape - Group","hd":false}],"nm":"p","np":5,"cix":2,"bm":0,"ix":1,"mn":"ADBE Vector Group","hd":false}]},"fFamily":"Nunito"},{"ch":"a","size":46,"style":"Regular","w":53,"data":{"shapes":[{"ty":"gr","it":[{"ind":0,"ty":"sh","ix":1,"ks":{"a":0,"k":{"i":[[12.2,0],[2.966,-0.766],[2.333,-1.333],[0.566,-0.7],[0,-0.933],[-0.534,-0.6],[-0.8,0],[-1.8,1.134],[-4.534,0],[-1.634,-1.866],[0,-4],[0,0],[0,0],[4.266,-0.9],[1.866,-2.033],[0,-3.666],[-1.534,-2.266],[-2.634,-1.266],[-3.134,0],[-2.6,1.567],[-1.267,2.867],[0,0],[-0.734,-0.733],[-1.2,0],[-0.7,0.733],[0,1.2],[0,0]],"o":[[-2.934,0],[-2.967,0.767],[-1.267,0.734],[-0.567,0.7],[0,0.934],[0.533,0.6],[0.733,0],[4.666,-2.466],[3.666,0],[1.633,1.867],[0,0],[0,0],[-7.6,0],[-4.267,0.9],[-1.867,2.034],[0,2.734],[1.533,2.267],[2.633,1.266],[3.4,0],[2.6,-1.566],[0,0],[0,1.2],[0.733,0.733],[1.2,0],[0.7,-0.733],[0,0],[0,-12.8]],"v":[[27.4,-49.9],[18.55,-48.75],[10.6,-45.6],[7.85,-43.45],[7,-41],[7.8,-38.7],[9.8,-37.8],[13.6,-39.5],[27.4,-43.2],[35.35,-40.4],[37.8,-31.6],[37.8,-28.3],[35.6,-28.3],[17.8,-26.95],[8.6,-22.55],[5.8,-14],[8.1,-6.5],[14.35,-1.2],[23,0.7],[32,-1.65],[37.8,-8.3],[37.8,-3.5],[38.9,-0.6],[41.8,0.5],[44.65,-0.6],[45.7,-3.5],[45.7,-30.7]],"c":true},"ix":2},"nm":"a","mn":"ADBE Vector Shape - Group","hd":false},{"ind":1,"ty":"sh","ix":2,"ks":{"a":0,"k":{"i":[[4,0],[1.9,1.7],[0,2.6],[-1.3,1.167],[-3.067,0.5],[-5.867,0],[0,0],[0,0],[2.566,-2.7]],"o":[[-2.867,0],[-1.9,-1.7],[0,-2.266],[1.3,-1.166],[3.066,-0.5],[0,0],[0,0],[0,4.267],[-2.567,2.7]],"v":[[24.1,-5.7],[16.95,-8.25],[14.1,-14.7],[16.05,-19.85],[22.6,-22.35],[36,-23.1],[37.8,-23.1],[37.8,-20.2],[33.95,-9.75]],"c":true},"ix":2},"nm":"a","mn":"ADBE Vector Shape - Group","hd":false}],"nm":"a","np":5,"cix":2,"bm":0,"ix":1,"mn":"ADBE Vector Group","hd":false}]},"fFamily":"Nunito"},{"ch":"r","size":46,"style":"Regular","w":35.3,"data":{"shapes":[{"ty":"gr","it":[{"ind":0,"ty":"sh","ix":1,"ks":{"a":0,"k":{"i":[[2.8,-0.2],[0,0],[2.566,-1.533],[1.4,-2.933],[0,0],[0.733,0.7],[1.066,0],[0.8,-0.7],[0,-1.266],[0,0],[-0.767,-0.7],[-1.2,0],[-0.734,0.666],[0,1.334],[0,0],[-2.167,2.767],[-4.467,0.4],[0,0],[-0.6,0.634],[0,1.067]],"o":[[0,0],[-3.334,0.267],[-2.567,1.534],[0,0],[0,-1.2],[-0.734,-0.7],[-1.134,0],[-0.8,0.7],[0,0],[0,1.267],[0.766,0.7],[1.2,0],[0.733,-0.666],[0,0],[0,-3.733],[2.166,-2.766],[0,0],[1.466,-0.133],[0.6,-0.633],[0,-2.466]],"v":[[31.6,-49.7],[30.2,-49.6],[21.35,-46.9],[15.4,-40.2],[15.4,-45.8],[14.3,-48.65],[11.6,-49.7],[8.7,-48.65],[7.5,-45.7],[7.5,-3.5],[8.65,-0.55],[11.6,0.5],[14.5,-0.5],[15.6,-3.5],[15.6,-27.8],[18.85,-37.55],[28.8,-42.3],[31.8,-42.6],[34.9,-43.75],[35.8,-46.3]],"c":true},"ix":2},"nm":"r","mn":"ADBE Vector Shape - Group","hd":false}],"nm":"r","np":3,"cix":2,"bm":0,"ix":1,"mn":"ADBE Vector Group","hd":false}]},"fFamily":"Nunito"},{"ch":"i","size":46,"style":"Regular","w":23.2,"data":{"shapes":[{"ty":"gr","it":[{"ind":0,"ty":"sh","ix":1,"ks":{"a":0,"k":{"i":[[-1.2,0],[-0.734,0.666],[0,1.334],[0,0],[0.733,0.7],[1.2,0],[0.766,-0.7],[0,-1.266],[0,0],[-0.767,-0.7]],"o":[[1.2,0],[0.733,-0.666],[0,0],[0,-1.266],[-0.734,-0.7],[-1.2,0],[-0.767,0.7],[0,0],[0,1.267],[0.766,0.7]],"v":[[11.6,0.5],[14.5,-0.5],[15.6,-3.5],[15.6,-45.7],[14.5,-48.65],[11.6,-49.7],[8.65,-48.65],[7.5,-45.7],[7.5,-3.5],[8.65,-0.55]],"c":true},"ix":2},"nm":"i","mn":"ADBE Vector Shape - Group","hd":false},{"ind":1,"ty":"sh","ix":2,"ks":{"a":0,"k":{"i":[[-1.6,0],[-1,0.934],[0,1.534],[1,0.934],[1.6,0],[1,-0.933],[0,-1.466],[-1,-0.933]],"o":[[1.6,0],[1,-0.933],[0,-1.466],[-1,-0.933],[-1.6,0],[-1,0.934],[0,1.534],[1,0.934]],"v":[[11.6,-60.2],[15.5,-61.6],[17,-65.3],[15.5,-68.9],[11.6,-70.3],[7.7,-68.9],[6.2,-65.3],[7.7,-61.6]],"c":true},"ix":2},"nm":"i","mn":"ADBE Vector Shape - Group","hd":false}],"nm":"i","np":5,"cix":2,"bm":0,"ix":1,"mn":"ADBE Vector Group","hd":false}]},"fFamily":"Nunito"},{"ch":"c","size":46,"style":"Regular","w":47.9,"data":{"shapes":[{"ty":"gr","it":[{"ind":0,"ty":"sh","ix":1,"ks":{"a":0,"k":{"i":[[-4.534,0],[-2.634,0.766],[-1.867,1.267],[-0.467,0.7],[0,0.867],[0.5,0.6],[0.733,0],[0.666,-0.333],[0.733,-0.466],[1.633,-0.666],[2.266,0],[2.7,3.2],[0,5.867],[-2.7,3.3],[-4.867,0],[-1.567,-0.666],[-1.734,-1.133],[-0.367,-0.266],[-0.534,-0.266],[-0.467,0],[-0.5,0.6],[0,0.934],[0.5,0.767],[1.2,0.8],[2.5,0.7],[2.533,0],[3.533,-2.133],[1.966,-3.866],[0,-5],[-1.9,-3.8],[-3.5,-2.066]],"o":[[2.666,0],[2.633,-0.766],[1.266,-0.866],[0.466,-0.7],[0,-0.933],[-0.5,-0.6],[-0.467,0],[-0.667,0.334],[-1.667,1.134],[-1.634,0.667],[-4.867,0],[-2.7,-3.2],[0,-5.866],[2.7,-3.3],[2.266,0],[1.566,0.667],[0.133,0.067],[0.366,0.267],[0.533,0.267],[0.8,0],[0.5,-0.6],[0,-0.933],[-0.5,-0.766],[-1.867,-1.333],[-2.5,-0.7],[-4.6,0],[-3.534,2.134],[-1.967,3.867],[0,5],[1.9,3.8],[3.5,2.067]],"v":[[27.6,0.7],[35.55,-0.45],[42.3,-3.5],[44.9,-5.85],[45.6,-8.2],[44.85,-10.5],[43,-11.4],[41.3,-10.9],[39.2,-9.7],[34.25,-7],[28.4,-6],[17.05,-10.8],[13,-24.4],[17.05,-38.15],[28.4,-43.1],[34.15,-42.1],[39.1,-39.4],[39.85,-38.9],[41.2,-38.1],[42.7,-37.7],[44.65,-38.6],[45.4,-40.9],[44.65,-43.45],[42.1,-45.8],[35.55,-48.85],[28,-49.9],[15.8,-46.7],[7.55,-37.7],[4.6,-24.4],[7.45,-11.2],[15.55,-2.4]],"c":true},"ix":2},"nm":"c","mn":"ADBE Vector Shape - Group","hd":false}],"nm":"c","np":3,"cix":2,"bm":0,"ix":1,"mn":"ADBE Vector Group","hd":false}]},"fFamily":"Nunito"},{"ch":"h","size":46,"style":"Regular","w":56.8,"data":{"shapes":[{"ty":"gr","it":[{"ind":0,"ty":"sh","ix":1,"ks":{"a":0,"k":{"i":[[5.733,0],[2.866,-1.533],[1.6,-2.933],[0,0],[0.7,0.7],[1.266,0],[0.766,-0.733],[0,-1.133],[0,0],[-0.734,-0.7],[-1.267,0],[-0.7,0.7],[0,1.267],[0,0],[-2.667,2.734],[-4.467,0],[-1.767,-2.066],[0,-4.333],[0,0],[-0.734,-0.7],[-1.267,0],[-0.734,0.7],[0,1.267],[0,0],[2.933,3.234]],"o":[[-3.667,0],[-2.867,1.534],[0,0],[0,-1.2],[-0.7,-0.7],[-1.2,0],[-0.767,0.734],[0,0],[0,1.267],[0.733,0.7],[1.266,0],[0.7,-0.7],[0,0],[0,-4.666],[2.666,-2.733],[3.866,0],[1.766,2.067],[0,0],[0,1.267],[0.733,0.7],[1.2,0],[0.733,-0.7],[0,0],[0,-6.4],[-2.934,-3.233]],"v":[[32.1,-49.9],[22.3,-47.6],[15.6,-40.9],[15.6,-67.1],[14.55,-69.95],[11.6,-71],[8.65,-69.9],[7.5,-67.1],[7.5,-3.5],[8.6,-0.55],[11.6,0.5],[14.55,-0.55],[15.6,-3.5],[15.6,-27.9],[19.6,-39],[30.3,-43.1],[38.75,-40],[41.4,-30.4],[41.4,-3.5],[42.5,-0.55],[45.5,0.5],[48.4,-0.55],[49.5,-3.5],[49.5,-30.6],[45.1,-45.05]],"c":true},"ix":2},"nm":"h","mn":"ADBE Vector Shape - Group","hd":false}],"nm":"h","np":3,"cix":2,"bm":0,"ix":1,"mn":"ADBE Vector Group","hd":false}]},"fFamily":"Nunito"},{"ch":"è","size":46,"style":"Regular","w":52.7,"data":{"shapes":[{"ty":"gr","it":[{"ind":0,"ty":"sh","ix":1,"ks":{"a":0,"k":{"i":[[0.733,0],[1.733,-1],[1.866,-0.7],[2.6,0],[0.6,11.467],[0,0],[-0.534,0.6],[0,1.334],[3.733,4.134],[6.333,0],[3.5,-2.133],[1.933,-3.833],[0,-5],[-4.367,-4.466],[-7.534,0],[-2.667,0.7],[-2.4,1.4],[0,1.667],[0.533,0.6]],"o":[[-0.6,0],[-2.134,1.2],[-1.867,0.7],[-10.267,0],[0,0],[1.2,0],[0.533,-0.6],[0,-7.066],[-3.734,-4.133],[-4.467,0],[-3.5,2.134],[-1.934,3.834],[0,7.867],[4.366,4.467],[2.533,0],[2.666,-0.7],[2.333,-1.4],[0,-0.933],[-0.534,-0.6]],"v":[[45.2,-11.3],[41.7,-9.8],[35.7,-6.95],[29,-5.9],[12.7,-23.1],[44.9,-23.1],[47.5,-24],[48.3,-26.9],[42.7,-43.7],[27.6,-49.9],[15.65,-46.7],[7.5,-37.75],[4.6,-24.5],[11.15,-6],[29,0.7],[36.8,-0.35],[44.4,-3.5],[47.9,-8.1],[47.1,-10.4]],"c":true},"ix":2},"nm":"è","mn":"ADBE Vector Shape - Group","hd":false},{"ind":1,"ty":"sh","ix":2,"ks":{"a":0,"k":{"i":[[-4.267,0],[-2.334,-2.633],[-0.134,-4.933],[0,0],[-2.567,2.667]],"o":[[4.2,0],[2.333,2.634],[0,0],[0.466,-4.866],[2.566,-2.666]],"v":[[27.7,-43.6],[37.5,-39.65],[41.2,-28.3],[12.9,-28.3],[17.45,-39.6]],"c":true},"ix":2},"nm":"è","mn":"ADBE Vector Shape - Group","hd":false},{"ind":2,"ty":"sh","ix":3,"ks":{"a":0,"k":{"i":[[0,0],[-0.6,0],[-0.467,0.434],[0,0.6],[0.4,0.467],[0,0],[1.533,0],[0.733,-0.7],[0,-1.066],[-1.334,-1.266]],"o":[[0.466,0.4],[0.6,0],[0.466,-0.433],[0,-0.533],[0,0],[-1.2,-1.533],[-1.067,0],[-0.734,0.7],[0,1.267],[0,0]],"v":[[25.9,-55.2],[27.5,-54.6],[29.1,-55.25],[29.8,-56.8],[29.2,-58.3],[17.6,-73.5],[13.5,-75.8],[10.8,-74.75],[9.7,-72.1],[11.7,-68.3]],"c":true},"ix":2},"nm":"è","mn":"ADBE Vector Shape - Group","hd":false}],"nm":"è","np":6,"cix":2,"bm":0,"ix":1,"mn":"ADBE Vector Group","hd":false}]},"fFamily":"Nunito"},{"ch":"v","size":46,"style":"Regular","w":51.4,"data":{"shapes":[{"ty":"gr","it":[{"ind":0,"ty":"sh","ix":1,"ks":{"a":0,"k":{"i":[[0.733,-1.6],[0,0],[0,0],[0.633,0.4],[0.666,0],[0.9,-0.733],[0,-1],[-0.267,-0.466],[0,0],[-0.8,-0.5],[-0.867,0],[-0.8,0.5],[-0.4,0.867],[0,0],[0,0.6],[0.8,0.667],[1,0]],"o":[[0,0],[0,0],[-0.334,-0.733],[-0.634,-0.4],[-1.067,0],[-0.9,0.734],[0,0.534],[0,0],[0.466,0.867],[0.8,0.5],[0.933,0],[0.8,-0.5],[0,0],[0.266,-0.466],[0,-1],[-0.8,-0.666],[-1.6,0]],"v":[[42.6,-47.2],[25.9,-9.9],[9.2,-47.4],[7.75,-49.1],[5.8,-49.7],[2.85,-48.6],[1.5,-46],[1.9,-44.5],[21.3,-2.5],[23.2,-0.45],[25.7,0.3],[28.3,-0.45],[30.1,-2.5],[49.6,-44.5],[50,-46.1],[48.8,-48.6],[46.1,-49.6]],"c":true},"ix":2},"nm":"v","mn":"ADBE Vector Shape - Group","hd":false}],"nm":"v","np":3,"cix":2,"bm":0,"ix":1,"mn":"ADBE Vector Group","hd":false}]},"fFamily":"Nunito"},{"ch":",","size":46,"style":"Regular","w":22.9,"data":{"shapes":[{"ty":"gr","it":[{"ind":0,"ty":"sh","ix":1,"ks":{"a":0,"k":{"i":[[1.666,0],[1.033,-1.066],[0,-1.666],[-0.967,-0.966],[-1.467,-0.134],[1.733,-1.8],[0,-0.734],[-0.534,-0.5],[-0.667,0],[-0.667,0.733],[0,5.266],[1.033,1.3]],"o":[[-1.534,0],[-1.034,1.067],[0,1.534],[0.966,0.967],[-0.467,2.666],[-0.534,0.533],[0,0.666],[0.533,0.5],[0.866,0],[3.4,-3.6],[0,-2.6],[-1.034,-1.3]],"v":[[11.3,-10.8],[7.45,-9.2],[5.9,-5.1],[7.35,-1.35],[11,0.3],[7.7,7],[6.9,8.9],[7.7,10.65],[9.5,11.4],[11.8,10.3],[16.9,-3],[15.35,-8.85]],"c":true},"ix":2},"nm":",","mn":"ADBE Vector Shape - Group","hd":false}],"nm":",","np":3,"cix":2,"bm":0,"ix":1,"mn":"ADBE Vector Group","hd":false}]},"fFamily":"Nunito"},{"ch":"m","size":46,"style":"Regular","w":85.2,"data":{"shapes":[{"ty":"gr","it":[{"ind":0,"ty":"sh","ix":1,"ks":{"a":0,"k":{"i":[[10.8,0],[2.866,-1.733],[1.4,-2.933],[7.6,0],[2.6,-1.533],[1.466,-2.866],[0,0],[0.733,0.7],[1.133,0],[0.766,-0.733],[0,-1.2],[0,0],[-0.767,-0.7],[-1.2,0],[-0.734,0.7],[0,1.267],[0,0],[-2.367,2.734],[-4,0],[-1.6,-2],[0,-4.466],[0,0],[-0.734,-0.7],[-1.2,0],[-0.767,0.7],[0,1.267],[0,0],[-2.334,2.734],[-4.067,0],[-1.6,-2],[0,-4.466],[0,0],[-0.767,-0.7],[-1.2,0],[-0.734,0.7],[0,1.267],[0,0]],"o":[[-3.667,0],[-2.867,1.734],[-2.334,-6.4],[-3.4,0],[-2.6,1.534],[0,0],[0,-1.2],[-0.734,-0.7],[-1.2,0],[-0.767,0.734],[0,0],[0,1.267],[0.766,0.7],[1.2,0],[0.733,-0.7],[0,0],[0,-4.666],[2.366,-2.733],[3.466,0],[1.6,2],[0,0],[0,1.267],[0.733,0.7],[1.2,0],[0.766,-0.7],[0,0],[0,-4.666],[2.333,-2.733],[3.4,0],[1.6,2],[0,0],[0,1.267],[0.766,0.7],[1.2,0],[0.733,-0.7],[0,0],[0,-12.866]],"v":[[61.7,-49.9],[51.9,-47.3],[45.5,-40.3],[30.6,-49.9],[21.6,-47.6],[15.5,-41],[15.5,-45.8],[14.4,-48.65],[11.6,-49.7],[8.65,-48.6],[7.5,-45.7],[7.5,-3.5],[8.65,-0.55],[11.6,0.5],[14.5,-0.55],[15.6,-3.5],[15.6,-27.9],[19.15,-39],[28.7,-43.1],[36.3,-40.1],[38.7,-30.4],[38.7,-3.5],[39.8,-0.55],[42.7,0.5],[45.65,-0.55],[46.8,-3.5],[46.8,-27.9],[50.3,-39],[59.9,-43.1],[67.4,-40.1],[69.8,-30.4],[69.8,-3.5],[70.95,-0.55],[73.9,0.5],[76.8,-0.55],[77.9,-3.5],[77.9,-30.6]],"c":true},"ix":2},"nm":"m","mn":"ADBE Vector Shape - Group","hd":false}],"nm":"m","np":3,"cix":2,"bm":0,"ix":1,"mn":"ADBE Vector Group","hd":false}]},"fFamily":"Nunito"},{"ch":"u","size":46,"style":"Regular","w":56.1,"data":{"shapes":[{"ty":"gr","it":[{"ind":0,"ty":"sh","ix":1,"ks":{"a":0,"k":{"i":[[1.266,0],[0.733,-0.733],[0,-1.2],[0,0],[2.6,-2.766],[4.266,0],[1.733,2.034],[0,4.334],[0,0],[0.7,0.734],[1.266,0],[0.733,-0.733],[0,-1.2],[0,0],[-2.934,-3.233],[-5.8,0],[-2.767,1.534],[-1.534,2.934],[0,0],[-0.7,-0.7],[-1.2,0],[-0.7,0.733],[0,1.134],[0,0],[0.7,0.734]],"o":[[-1.267,0],[-0.734,0.734],[0,0],[0,4.534],[-2.6,2.767],[-3.734,0],[-1.734,-2.033],[0,0],[0,-1.2],[-0.7,-0.733],[-1.267,0],[-0.734,0.734],[0,0],[0,6.334],[2.933,3.234],[3.466,0],[2.766,-1.533],[0,0],[0,1.134],[0.7,0.7],[1.266,0],[0.7,-0.733],[0,0],[0,-1.2],[-0.7,-0.733]],"v":[[44.5,-49.7],[41.5,-48.6],[40.4,-45.7],[40.4,-21.2],[36.5,-10.25],[26.2,-6.1],[18,-9.15],[15.4,-18.7],[15.4,-45.7],[14.35,-48.6],[11.4,-49.7],[8.4,-48.6],[7.3,-45.7],[7.3,-18.5],[11.7,-4.15],[24.8,0.7],[34.15,-1.6],[40.6,-8.3],[40.6,-3.3],[41.65,-0.55],[44.5,0.5],[47.45,-0.6],[48.5,-3.4],[48.5,-45.7],[47.45,-48.6]],"c":true},"ix":2},"nm":"u","mn":"ADBE Vector Shape - Group","hd":false}],"nm":"u","np":3,"cix":2,"bm":0,"ix":1,"mn":"ADBE Vector Group","hd":false}]},"fFamily":"Nunito"},{"ch":"l","size":46,"style":"Regular","w":23.2,"data":{"shapes":[{"ty":"gr","it":[{"ind":0,"ty":"sh","ix":1,"ks":{"a":0,"k":{"i":[[-1.2,0],[-0.767,0.7],[0,1.267],[0,0],[0.766,0.7],[1.133,0],[0.766,-0.7],[0,-1.266],[0,0],[-0.767,-0.7]],"o":[[1.133,0],[0.766,-0.7],[0,0],[0,-1.266],[-0.767,-0.7],[-1.2,0],[-0.767,0.7],[0,0],[0,1.267],[0.766,0.7]],"v":[[11.6,0.5],[14.45,-0.55],[15.6,-3.5],[15.6,-67],[14.45,-69.95],[11.6,-71],[8.65,-69.95],[7.5,-67],[7.5,-3.5],[8.65,-0.55]],"c":true},"ix":2},"nm":"l","mn":"ADBE Vector Shape - Group","hd":false}],"nm":"l","np":3,"cix":2,"bm":0,"ix":1,"mn":"ADBE Vector Group","hd":false}]},"fFamily":"Nunito"},{"ch":"g","size":46,"style":"Regular","w":58.6,"data":{"shapes":[{"ty":"gr","it":[{"ind":0,"ty":"sh","ix":1,"ks":{"a":0,"k":{"i":[[1.266,0],[0.7,-0.733],[0,-1.2],[0,0],[2.866,1.667],[3.866,0],[3.3,-2],[1.833,-3.666],[0,-4.8],[-1.834,-3.666],[-3.3,-2],[-4.267,0],[-2.9,1.667],[-1.4,3.134],[0,0],[2.4,-2.5],[4.733,0],[2.266,0.733],[2.333,1.2],[0.666,0],[0.5,-0.6],[0,-0.934],[-2.4,-1.334],[-7.134,0],[-3.734,3.7],[0,7.266],[0,0],[0.733,0.734]],"o":[[-1.267,0],[-0.7,0.734],[0,0],[-1.467,-3.066],[-2.867,-1.666],[-4.267,0],[-3.3,2],[-1.834,3.667],[0,4.8],[1.833,3.667],[3.3,2],[3.933,0],[2.9,-1.666],[0,0],[0,4.8],[-2.4,2.5],[-3.134,0],[-2.267,-0.734],[-1.734,-0.934],[-0.8,0],[-0.5,0.6],[0,1.733],[4.733,2.8],[7.333,0],[3.733,-3.7],[0,0],[0,-1.2],[-0.734,-0.733]],"v":[[47,-49.7],[44.05,-48.6],[43,-45.7],[43,-40.3],[36.5,-47.4],[26.4,-49.9],[15.05,-46.9],[7.35,-38.4],[4.6,-25.7],[7.35,-13],[15.05,-4.5],[26.4,-1.5],[36.65,-4],[43.1,-11.2],[43.1,-2.6],[39.5,8.35],[28.8,12.1],[20.7,11],[13.8,8.1],[10.2,6.7],[8.25,7.6],[7.5,9.9],[11.1,14.5],[28.9,18.7],[45.5,13.15],[51.1,-3.3],[51.1,-45.7],[50,-48.6]],"c":true},"ix":2},"nm":"g","mn":"ADBE Vector Shape - Group","hd":false},{"ind":1,"ty":"sh","ix":2,"ks":{"a":0,"k":{"i":[[4.666,0],[2.7,3.1],[0,5.467],[-2.7,3.1],[-4.734,0],[-2.634,-3.1],[0,-5.4],[2.666,-3.1]],"o":[[-4.734,0],[-2.7,-3.1],[0,-5.4],[2.7,-3.1],[4.733,0],[2.633,3.1],[0,5.467],[-2.667,3.1]],"v":[[28,-8.2],[16.85,-12.85],[12.8,-25.7],[16.85,-38.45],[28,-43.1],[39.05,-38.45],[43,-25.7],[39,-12.85]],"c":true},"ix":2},"nm":"g","mn":"ADBE Vector Shape - Group","hd":false}],"nm":"g","np":5,"cix":2,"bm":0,"ix":1,"mn":"ADBE Vector Group","hd":false}]},"fFamily":"Nunito"},{"ch":"(","size":46,"style":"Regular","w":31.4,"data":{"shapes":[{"ty":"gr","it":[{"ind":0,"ty":"sh","ix":1,"ks":{"a":0,"k":{"i":[[-7.067,-13.534],[-1.467,0],[-0.567,0.5],[0,0.866],[0.2,0.6],[0,13.934],[-5.6,13.2],[0,0.467],[0.566,0.534],[0.8,0],[0.866,-1.533],[0,-14.933]],"o":[[0.866,1.533],[0.8,0],[0.566,-0.5],[0,-0.4],[-5.6,-13.2],[0,-13.933],[0.2,-0.533],[0,-0.8],[-0.567,-0.533],[-1.467,0],[-7.067,13.534],[0,14.934]],"v":[[20.9,16.4],[24.4,18.7],[26.45,17.95],[27.3,15.9],[27,14.4],[18.6,-26.3],[27,-67],[27.3,-68.5],[26.45,-70.5],[24.4,-71.3],[20.9,-69],[10.3,-26.3]],"c":true},"ix":2},"nm":"(","mn":"ADBE Vector Shape - Group","hd":false}],"nm":"(","np":3,"cix":2,"bm":0,"ix":1,"mn":"ADBE Vector Group","hd":false}]},"fFamily":"Nunito"},{"ch":"2","size":46,"style":"Regular","w":60,"data":{"shapes":[{"ty":"gr","it":[{"ind":0,"ty":"sh","ix":1,"ks":{"a":0,"k":{"i":[[1.2,0],[0,0],[0,0],[-1.834,3.734],[0,4.067],[3.766,3.334],[6.333,0],[3.933,-1.466],[2.733,-2.533],[0,-1.4],[-0.534,-0.7],[-0.734,0],[-1,0.8],[-2.934,1.167],[-3.2,0],[-2.234,-2.066],[0,-3.866],[1.5,-2.966],[3.333,-3.733],[0,0],[0,-1.266],[-0.734,-0.7],[-1.134,0],[0,0],[0,2.334],[0.666,0.6]],"o":[[0,0],[0,0],[4.2,-4.6],[1.833,-3.733],[0,-5.666],[-3.767,-3.333],[-4.134,0],[-3.934,1.467],[-1.067,0.867],[0,1],[0.533,0.7],[0.866,0],[2.933,-2.4],[2.933,-1.166],[4.066,0],[2.233,2.067],[0,3],[-1.5,2.967],[0,0],[-0.934,0.934],[0,1],[0.733,0.7],[0,0],[2.533,0],[0,-1.066],[-0.667,-0.6]],"v":[[50.8,-6.9],[19.1,-6.9],[39.1,-28.6],[48.15,-41.1],[50.9,-52.8],[45.25,-66.3],[30.1,-71.3],[18,-69.1],[8,-63.1],[6.4,-59.7],[7.2,-57.15],[9.1,-56.1],[11.9,-57.3],[20.7,-62.65],[29.9,-64.4],[39.35,-61.3],[42.7,-52.4],[40.45,-43.45],[33.2,-33.4],[9.1,-6.9],[7.7,-3.6],[8.8,-1.05],[11.6,0],[50.8,0],[54.6,-3.5],[53.6,-6]],"c":true},"ix":2},"nm":"2","mn":"ADBE Vector Shape - Group","hd":false}],"nm":"2","np":3,"cix":2,"bm":0,"ix":1,"mn":"ADBE Vector Group","hd":false}]},"fFamily":"Nunito"},{"ch":"0","size":46,"style":"Regular","w":60,"data":{"shapes":[{"ty":"gr","it":[{"ind":0,"ty":"sh","ix":1,"ks":{"a":0,"k":{"i":[[-8.067,0],[-4.2,6.134],[0,11.8],[4.2,6.1],[8.066,0],[4.2,-6.133],[0,-11.8],[-4.2,-6.133]],"o":[[8.066,0],[4.2,-6.133],[0,-11.8],[-4.2,-6.1],[-8.067,0],[-4.2,6.134],[0,11.734],[4.2,6.134]],"v":[[30,0.8],[48.4,-8.4],[54.7,-35.3],[48.4,-62.15],[30,-71.3],[11.6,-62.1],[5.3,-35.2],[11.6,-8.4]],"c":true},"ix":2},"nm":"0","mn":"ADBE Vector Shape - Group","hd":false},{"ind":1,"ty":"sh","ix":2,"ks":{"a":0,"k":{"i":[[5.6,0],[2.666,4.734],[0,10],[-2.667,4.7],[-5.6,0],[-2.634,-4.666],[0,-10.066],[2.666,-4.733]],"o":[[-5.6,0],[-2.667,-4.733],[0,-10],[2.666,-4.7],[5.666,0],[2.633,4.667],[0,10],[-2.667,4.734]],"v":[[30,-6.1],[17.6,-13.2],[13.6,-35.3],[17.6,-57.35],[30,-64.4],[42.45,-57.4],[46.4,-35.3],[42.4,-13.2]],"c":true},"ix":2},"nm":"0","mn":"ADBE Vector Shape - Group","hd":false}],"nm":"0","np":5,"cix":2,"bm":0,"ix":1,"mn":"ADBE Vector Group","hd":false}]},"fFamily":"Nunito"},{"ch":"1","size":46,"style":"Regular","w":60,"data":{"shapes":[{"ty":"gr","it":[{"ind":0,"ty":"sh","ix":1,"ks":{"a":0,"k":{"i":[[1.2,0],[0,0],[0,0],[0.733,0.734],[1.133,0],[1.133,-0.733],[0,0],[0,-1.4],[-0.7,-0.866],[-0.934,0],[-0.534,0.334],[0,0],[0,0],[0,0],[0.666,-0.6],[0,-1.066],[-0.634,-0.6],[-1.267,0],[0,0],[-0.634,0.6],[0,1.134],[0.666,0.6]],"o":[[0,0],[0,0],[0,-1.333],[-0.734,-0.733],[-1.2,0],[0,0],[-1.067,0.6],[0,1],[0.7,0.867],[0.533,0],[0,0],[0,0],[0,0],[-1.2,0],[-0.667,0.6],[0,1.134],[0.633,0.6],[0,0],[1.266,0],[0.633,-0.6],[0,-1.066],[-0.667,-0.6]],"v":[[49.2,-6.9],[36.7,-6.9],[36.7,-66.8],[35.6,-69.9],[32.8,-71],[29.3,-69.9],[14.1,-60],[12.5,-57],[13.55,-54.2],[16,-52.9],[17.6,-53.4],[28.5,-60.5],[28.5,-6.9],[16.1,-6.9],[13.3,-6],[12.3,-3.5],[13.25,-0.9],[16.1,0],[49.2,0],[52.05,-0.9],[53,-3.5],[52,-6]],"c":true},"ix":2},"nm":"1","mn":"ADBE Vector Shape - Group","hd":false}],"nm":"1","np":3,"cix":2,"bm":0,"ix":1,"mn":"ADBE Vector Group","hd":false}]},"fFamily":"Nunito"},{"ch":")","size":46,"style":"Regular","w":31.4,"data":{"shapes":[{"ty":"gr","it":[{"ind":0,"ty":"sh","ix":1,"ks":{"a":0,"k":{"i":[[-0.867,1.533],[0,14.867],[7,13.6],[1.533,0],[0.566,-0.5],[0,-0.8],[-0.267,-0.8],[0,-13.866],[5.533,-13.267],[0,-0.267],[-0.567,-0.5],[-0.8,0]],"o":[[7,-13.6],[0,-14.866],[-0.867,-1.533],[-0.8,0],[-0.567,0.5],[0,0.267],[5.533,13.267],[0,13.867],[-0.267,0.8],[0,0.8],[0.566,0.5],[1.533,0]],"v":[[10.6,16.4],[21.1,-26.3],[10.6,-69],[7,-71.3],[4.95,-70.55],[4.1,-68.6],[4.5,-67],[12.8,-26.3],[4.5,14.4],[4.1,16],[4.95,17.95],[7,18.7]],"c":true},"ix":2},"nm":")","mn":"ADBE Vector Shape - Group","hd":false}],"nm":")","np":3,"cix":2,"bm":0,"ix":1,"mn":"ADBE Vector Group","hd":false}]},"fFamily":"Nunito"}]}