{"nm":"Frame 32","ddd":0,"h":317,"w":263,"meta":{"g":"LottieFiles Figma v45"},"layers":[{"ty":4,"nm":"Group","sr":1,"st":0,"op":121,"ip":0,"hd":false,"ddd":0,"bm":0,"hasMask":false,"ao":0,"ks":{"a":{"a":1,"k":[{"o":{"x":0,"y":0},"i":{"x":0.58,"y":1},"s":[108.19,128.12],"t":0},{"o":{"x":0,"y":0},"i":{"x":0.58,"y":1},"s":[108.19,153.12],"t":60},{"s":[108.19,128.12],"t":120}]},"s":{"a":1,"k":[{"o":{"x":0,"y":0},"i":{"x":0.58,"y":1},"s":[100,100],"t":0},{"o":{"x":0,"y":0},"i":{"x":0.58,"y":1},"s":[100,100],"t":60},{"s":[100,100],"t":120}]},"sk":{"a":0,"k":0},"p":{"a":1,"k":[{"o":{"x":0,"y":0},"i":{"x":0.58,"y":1},"s":[132.19,189.12],"t":0},{"o":{"x":0,"y":0},"i":{"x":0.58,"y":1},"s":[132.19,164.12],"t":60},{"s":[132.19,189.12],"t":120}]},"r":{"a":1,"k":[{"o":{"x":0,"y":0},"i":{"x":0.58,"y":1},"s":[0],"t":0},{"o":{"x":0,"y":0},"i":{"x":0.58,"y":1},"s":[0],"t":60},{"s":[0],"t":120}]},"sa":{"a":0,"k":0},"o":{"a":1,"k":[{"o":{"x":0,"y":0},"i":{"x":0.58,"y":1},"s":[100],"t":0},{"o":{"x":0,"y":0},"i":{"x":0.58,"y":1},"s":[100],"t":60},{"s":[100],"t":120}]}},"shapes":[],"ind":1},{"ty":4,"nm":"Group","sr":1,"st":0,"op":121,"ip":0,"hd":false,"ddd":0,"bm":0,"hasMask":false,"ao":0,"ks":{"a":{"a":1,"k":[{"o":{"x":0,"y":0},"i":{"x":0.58,"y":1},"s":[68.55,57.76],"t":0},{"o":{"x":0,"y":0},"i":{"x":0.58,"y":1},"s":[68.55,57.76],"t":60},{"s":[68.55,57.76],"t":120}]},"s":{"a":1,"k":[{"o":{"x":0,"y":0},"i":{"x":0.58,"y":1},"s":[100,100],"t":0},{"o":{"x":0,"y":0},"i":{"x":0.58,"y":1},"s":[100,100],"t":60},{"s":[100,100],"t":120}]},"sk":{"a":0,"k":0},"p":{"a":1,"k":[{"o":{"x":0,"y":0},"i":{"x":0.58,"y":1},"s":[147.82,198.47],"t":0},{"o":{"x":0,"y":0},"i":{"x":0.58,"y":1},"s":[147.82,248.47],"t":60},{"s":[147.82,198.47],"t":120}]},"r":{"a":1,"k":[{"o":{"x":0,"y":0},"i":{"x":0.58,"y":1},"s":[0],"t":0},{"o":{"x":0,"y":0},"i":{"x":0.58,"y":1},"s":[0],"t":60},{"s":[0],"t":120}]},"sa":{"a":0,"k":0},"o":{"a":1,"k":[{"o":{"x":0,"y":0},"i":{"x":0.58,"y":1},"s":[100],"t":0},{"o":{"x":0,"y":0},"i":{"x":0.58,"y":1},"s":[100],"t":60},{"s":[100],"t":120}]}},"shapes":[],"ind":2,"parent":1},{"ty":4,"nm":"Group","sr":1,"st":0,"op":121,"ip":0,"hd":false,"ddd":0,"bm":0,"hasMask":false,"ao":0,"ks":{"a":{"a":1,"k":[{"o":{"x":0,"y":0},"i":{"x":0.58,"y":1},"s":[37.4,47.64],"t":0},{"o":{"x":0,"y":0},"i":{"x":0.58,"y":1},"s":[37.4,47.64],"t":60},{"s":[37.4,47.64],"t":120}]},"s":{"a":1,"k":[{"o":{"x":0,"y":0},"i":{"x":0.58,"y":1},"s":[100,100],"t":0},{"o":{"x":0,"y":0},"i":{"x":0.58,"y":1},"s":[100,100],"t":60},{"s":[100,100],"t":120}]},"sk":{"a":0,"k":0},"p":{"a":1,"k":[{"o":{"x":0,"y":0},"i":{"x":0.58,"y":1},"s":[66.23,67.88],"t":0},{"o":{"x":0,"y":0},"i":{"x":0.58,"y":1},"s":[66.23,67.88],"t":60},{"s":[66.23,67.88],"t":120}]},"r":{"a":1,"k":[{"o":{"x":0,"y":0},"i":{"x":0.58,"y":1},"s":[0],"t":0},{"o":{"x":0,"y":0},"i":{"x":0.58,"y":1},"s":[0],"t":60},{"s":[0],"t":120}]},"sa":{"a":0,"k":0},"o":{"a":1,"k":[{"o":{"x":0,"y":0},"i":{"x":0.58,"y":1},"s":[100],"t":0},{"o":{"x":0,"y":0},"i":{"x":0.58,"y":1},"s":[100],"t":60},{"s":[100],"t":120}]}},"shapes":[],"ind":3,"parent":2},{"ty":4,"nm":"Vector","sr":1,"st":0,"op":121,"ip":0,"hd":false,"ddd":0,"bm":0,"hasMask":false,"ao":0,"ks":{"a":{"a":1,"k":[{"o":{"x":0,"y":0},"i":{"x":0.58,"y":1},"s":[15.11,15.54],"t":0},{"o":{"x":0,"y":0},"i":{"x":0.58,"y":1},"s":[15.11,15.54],"t":60},{"s":[15.11,15.54],"t":120}]},"s":{"a":1,"k":[{"o":{"x":0,"y":0},"i":{"x":0.58,"y":1},"s":[100,100],"t":0},{"o":{"x":0,"y":0},"i":{"x":0.58,"y":1},"s":[100,100],"t":60},{"s":[100,100],"t":120}]},"sk":{"a":0,"k":0},"p":{"a":1,"k":[{"o":{"x":0,"y":0},"i":{"x":0.58,"y":1},"s":[41.94,53.16],"t":0},{"o":{"x":0,"y":0},"i":{"x":0.58,"y":1},"s":[41.94,53.16],"t":60},{"s":[41.94,53.16],"t":120}]},"r":{"a":1,"k":[{"o":{"x":0,"y":0},"i":{"x":0.58,"y":1},"s":[0],"t":0},{"o":{"x":0,"y":0},"i":{"x":0.58,"y":1},"s":[0],"t":60},{"s":[0],"t":120}]},"sa":{"a":0,"k":0},"o":{"a":1,"k":[{"o":{"x":0,"y":0},"i":{"x":0.58,"y":1},"s":[100],"t":0},{"o":{"x":0,"y":0},"i":{"x":0.58,"y":1},"s":[100],"t":60},{"s":[100],"t":120}]}},"shapes":[{"ty":"sh","bm":0,"hd":false,"nm":"","d":1,"ks":{"a":1,"k":[{"o":{"x":0,"y":0},"i":{"x":0.58,"y":1},"s":[{"c":true,"i":[[0,0],[0,0],[0,0],[0,0],[0,0],[0,0],[0,0]],"o":[[0,0],[0,0],[0,0],[0,0],[0,0],[0,0],[0,0]],"v":[[30.23,25.2],[4.31,31.08],[0,12.05],[5.76,2.44],[16.53,0],[25.9,6.12],[30.23,25.2]]}],"t":0},{"o":{"x":0,"y":0},"i":{"x":0.58,"y":1},"s":[{"c":true,"i":[[0,0],[0,0],[0,0],[0,0],[0,0],[0,0],[0,0]],"o":[[0,0],[0,0],[0,0],[0,0],[0,0],[0,0],[0,0]],"v":[[30.23,25.2],[4.31,31.08],[0,12.05],[5.76,2.44],[16.53,0],[25.9,6.12],[30.23,25.2]]}],"t":60},{"s":[{"c":true,"i":[[0,0],[0,0],[0,0],[0,0],[0,0],[0,0],[0,0]],"o":[[0,0],[0,0],[0,0],[0,0],[0,0],[0,0],[0,0]],"v":[[30.23,25.2],[4.31,31.08],[0,12.05],[5.76,2.44],[16.53,0],[25.9,6.12],[30.23,25.2]]}],"t":120}]}},{"ty":"fl","bm":0,"hd":false,"nm":"","c":{"a":1,"k":[{"o":{"x":0,"y":0},"i":{"x":0.58,"y":1},"s":[0.1608,0.2589,0.2745],"t":0},{"o":{"x":0,"y":0},"i":{"x":0.58,"y":1},"s":[0.1608,0.2589,0.2745],"t":60},{"s":[0.1608,0.2589,0.2745],"t":120}]},"r":1,"o":{"a":1,"k":[{"o":{"x":0,"y":0},"i":{"x":0.58,"y":1},"s":[100],"t":0},{"o":{"x":0,"y":0},"i":{"x":0.58,"y":1},"s":[100],"t":60},{"s":[100],"t":120}]}}],"ind":4,"parent":3},{"ty":4,"nm":"Vector","sr":1,"st":0,"op":121,"ip":0,"hd":false,"ddd":0,"bm":0,"hasMask":false,"ao":0,"ks":{"a":{"a":1,"k":[{"o":{"x":0,"y":0},"i":{"x":0.58,"y":1},"s":[37.39,43.52],"t":0},{"o":{"x":0,"y":0},"i":{"x":0.58,"y":1},"s":[37.39,43.52],"t":60},{"s":[37.39,43.52],"t":120}]},"s":{"a":1,"k":[{"o":{"x":0,"y":0},"i":{"x":0.58,"y":1},"s":[100,100],"t":0},{"o":{"x":0,"y":0},"i":{"x":0.58,"y":1},"s":[100,100],"t":60},{"s":[100,100],"t":120}]},"sk":{"a":0,"k":0},"p":{"a":1,"k":[{"o":{"x":0,"y":0},"i":{"x":0.58,"y":1},"s":[37.39,43.52],"t":0},{"o":{"x":0,"y":0},"i":{"x":0.58,"y":1},"s":[37.39,43.52],"t":60},{"s":[37.39,43.52],"t":120}]},"r":{"a":1,"k":[{"o":{"x":0,"y":0},"i":{"x":0.58,"y":1},"s":[0],"t":0},{"o":{"x":0,"y":0},"i":{"x":0.58,"y":1},"s":[0],"t":60},{"s":[0],"t":120}]},"sa":{"a":0,"k":0},"o":{"a":1,"k":[{"o":{"x":0,"y":0},"i":{"x":0.58,"y":1},"s":[100],"t":0},{"o":{"x":0,"y":0},"i":{"x":0.58,"y":1},"s":[100],"t":60},{"s":[100],"t":120}]}},"shapes":[{"ty":"sh","bm":0,"hd":false,"nm":"","d":1,"ks":{"a":1,"k":[{"o":{"x":0,"y":0},"i":{"x":0.58,"y":1},"s":[{"c":true,"i":[[0,0],[0,0],[0,0],[0,0],[0,0],[0,0]],"o":[[0,0],[0,0],[0,0],[0,0],[0,0],[0,0]],"v":[[38.77,0.09],[0,0],[18.39,87.04],[71.91,74.11],[74.79,39.48],[38.77,0.09]]}],"t":0},{"o":{"x":0,"y":0},"i":{"x":0.58,"y":1},"s":[{"c":true,"i":[[0,0],[0,0],[0,0],[0,0],[0,0],[0,0]],"o":[[0,0],[0,0],[0,0],[0,0],[0,0],[0,0]],"v":[[38.77,0.09],[0,0],[18.39,87.04],[71.91,74.11],[74.79,39.48],[38.77,0.09]]}],"t":60},{"s":[{"c":true,"i":[[0,0],[0,0],[0,0],[0,0],[0,0],[0,0]],"o":[[0,0],[0,0],[0,0],[0,0],[0,0],[0,0]],"v":[[38.77,0.09],[0,0],[18.39,87.04],[71.91,74.11],[74.79,39.48],[38.77,0.09]]}],"t":120}]}},{"ty":"sh","bm":0,"hd":false,"nm":"","d":1,"ks":{"a":1,"k":[{"o":{"x":0,"y":0},"i":{"x":0.58,"y":1},"s":[{"c":true,"i":[[0,0],[0,0],[0,0],[0,0],[0,0],[0,0],[0,0],[0,0]],"o":[[0,0],[0,0],[0,0],[0,0],[0,0],[0,0],[0,0],[0,0]],"v":[[31.13,68.71],[26.82,49.67],[32.58,40.06],[43.33,37.62],[52.7,43.76],[57.03,62.84],[31.12,68.72],[31.13,68.71]]}],"t":0},{"o":{"x":0,"y":0},"i":{"x":0.58,"y":1},"s":[{"c":true,"i":[[0,0],[0,0],[0,0],[0,0],[0,0],[0,0],[0,0],[0,0]],"o":[[0,0],[0,0],[0,0],[0,0],[0,0],[0,0],[0,0],[0,0]],"v":[[31.13,68.71],[26.82,49.67],[32.58,40.06],[43.33,37.62],[52.7,43.76],[57.03,62.84],[31.12,68.72],[31.13,68.71]]}],"t":60},{"s":[{"c":true,"i":[[0,0],[0,0],[0,0],[0,0],[0,0],[0,0],[0,0],[0,0]],"o":[[0,0],[0,0],[0,0],[0,0],[0,0],[0,0],[0,0],[0,0]],"v":[[31.13,68.71],[26.82,49.67],[32.58,40.06],[43.33,37.62],[52.7,43.76],[57.03,62.84],[31.12,68.72],[31.13,68.71]]}],"t":120}]}},{"ty":"fl","bm":0,"hd":false,"nm":"","c":{"a":1,"k":[{"o":{"x":0,"y":0},"i":{"x":0.58,"y":1},"s":[0.2275,0.353,0.3844],"t":0},{"o":{"x":0,"y":0},"i":{"x":0.58,"y":1},"s":[0.2275,0.353,0.3844],"t":60},{"s":[0.2275,0.353,0.3844],"t":120}]},"r":1,"o":{"a":1,"k":[{"o":{"x":0,"y":0},"i":{"x":0.58,"y":1},"s":[100],"t":0},{"o":{"x":0,"y":0},"i":{"x":0.58,"y":1},"s":[100],"t":60},{"s":[100],"t":120}]}}],"ind":5,"parent":3},{"ty":4,"nm":"Vector","sr":1,"st":0,"op":121,"ip":0,"hd":false,"ddd":0,"bm":0,"hasMask":false,"ao":0,"ks":{"a":{"a":1,"k":[{"o":{"x":0,"y":0},"i":{"x":0.58,"y":1},"s":[28.2,10.58],"t":0},{"o":{"x":0,"y":0},"i":{"x":0.58,"y":1},"s":[28.2,10.58],"t":60},{"s":[28.2,10.58],"t":120}]},"s":{"a":1,"k":[{"o":{"x":0,"y":0},"i":{"x":0.58,"y":1},"s":[100,100],"t":0},{"o":{"x":0,"y":0},"i":{"x":0.58,"y":1},"s":[100,100],"t":60},{"s":[100,100],"t":120}]},"sk":{"a":0,"k":0},"p":{"a":1,"k":[{"o":{"x":0,"y":0},"i":{"x":0.58,"y":1},"s":[46.6,84.69],"t":0},{"o":{"x":0,"y":0},"i":{"x":0.58,"y":1},"s":[46.6,84.69],"t":60},{"s":[46.6,84.69],"t":120}]},"r":{"a":1,"k":[{"o":{"x":0,"y":0},"i":{"x":0.58,"y":1},"s":[0],"t":0},{"o":{"x":0,"y":0},"i":{"x":0.58,"y":1},"s":[0],"t":60},{"s":[0],"t":120}]},"sa":{"a":0,"k":0},"o":{"a":1,"k":[{"o":{"x":0,"y":0},"i":{"x":0.58,"y":1},"s":[100],"t":0},{"o":{"x":0,"y":0},"i":{"x":0.58,"y":1},"s":[100],"t":60},{"s":[100],"t":120}]}},"shapes":[{"ty":"sh","bm":0,"hd":false,"nm":"","d":1,"ks":{"a":1,"k":[{"o":{"x":0,"y":0},"i":{"x":0.58,"y":1},"s":[{"c":true,"i":[[0,0],[0,0],[0,0],[0,0],[0,0]],"o":[[0,0],[0,0],[0,0],[0,0],[0,0]],"v":[[56.4,9.95],[1.57,21.16],[0,12.93],[53.52,0],[56.4,9.95]]}],"t":0},{"o":{"x":0,"y":0},"i":{"x":0.58,"y":1},"s":[{"c":true,"i":[[0,0],[0,0],[0,0],[0,0],[0,0]],"o":[[0,0],[0,0],[0,0],[0,0],[0,0]],"v":[[56.4,9.95],[1.57,21.16],[0,12.93],[53.52,0],[56.4,9.95]]}],"t":60},{"s":[{"c":true,"i":[[0,0],[0,0],[0,0],[0,0],[0,0]],"o":[[0,0],[0,0],[0,0],[0,0],[0,0]],"v":[[56.4,9.95],[1.57,21.16],[0,12.93],[53.52,0],[56.4,9.95]]}],"t":120}]}},{"ty":"fl","bm":0,"hd":false,"nm":"","c":{"a":1,"k":[{"o":{"x":0,"y":0},"i":{"x":0.58,"y":1},"s":[0.1608,0.2589,0.2745],"t":0},{"o":{"x":0,"y":0},"i":{"x":0.58,"y":1},"s":[0.1608,0.2589,0.2745],"t":60},{"s":[0.1608,0.2589,0.2745],"t":120}]},"r":1,"o":{"a":1,"k":[{"o":{"x":0,"y":0},"i":{"x":0.58,"y":1},"s":[100],"t":0},{"o":{"x":0,"y":0},"i":{"x":0.58,"y":1},"s":[100],"t":60},{"s":[100],"t":120}]}}],"ind":6,"parent":3},{"ty":4,"nm":"Vector","sr":1,"st":0,"op":121,"ip":0,"hd":false,"ddd":0,"bm":0,"hasMask":false,"ao":0,"ks":{"a":{"a":1,"k":[{"o":{"x":0,"y":0},"i":{"x":0.58,"y":1},"s":[68.55,10.12],"t":0},{"o":{"x":0,"y":0},"i":{"x":0.58,"y":1},"s":[68.55,10.12],"t":60},{"s":[68.55,10.12],"t":120}]},"s":{"a":1,"k":[{"o":{"x":0,"y":0},"i":{"x":0.58,"y":1},"s":[100,100],"t":0},{"o":{"x":0,"y":0},"i":{"x":0.58,"y":1},"s":[100,100],"t":60},{"s":[100,100],"t":120}]},"sk":{"a":0,"k":0},"p":{"a":1,"k":[{"o":{"x":0,"y":0},"i":{"x":0.58,"y":1},"s":[68.55,91.13],"t":0},{"o":{"x":0,"y":0},"i":{"x":0.58,"y":1},"s":[68.55,91.13],"t":60},{"s":[68.55,91.13],"t":120}]},"r":{"a":1,"k":[{"o":{"x":0,"y":0},"i":{"x":0.58,"y":1},"s":[0],"t":0},{"o":{"x":0,"y":0},"i":{"x":0.58,"y":1},"s":[0],"t":60},{"s":[0],"t":120}]},"sa":{"a":0,"k":0},"o":{"a":1,"k":[{"o":{"x":0,"y":0},"i":{"x":0.58,"y":1},"s":[100],"t":0},{"o":{"x":0,"y":0},"i":{"x":0.58,"y":1},"s":[100],"t":60},{"s":[100],"t":120}]}},"shapes":[{"ty":"sh","bm":0,"hd":false,"nm":"","d":1,"ks":{"a":1,"k":[{"o":{"x":0,"y":0},"i":{"x":0.58,"y":1},"s":[{"c":true,"i":[[0,0],[4.58,0],[0,0],[0,2.3],[-0.61,0.75],[-0.94,0],[0,0],[0,1.01],[0.82,0],[0,0],[0,2.3],[-0.61,0.75],[-0.94,0],[0,0],[0,-5.61],[0,0]],"o":[[0,5.59],[0,0],[-1.87,0],[0,-1.14],[0.61,-0.75],[0,0],[0.82,0],[0,-1.01],[0,0],[-1.87,0],[0,-1.14],[0.61,-0.75],[0,0],[4.58,0],[0,0],[0,0]],"v":[[137.1,10.12],[128.81,20.24],[3.43,20.24],[0.02,16.09],[1.01,13.15],[3.41,11.95],[118.72,11.95],[120.2,10.12],[118.72,8.3],[3.41,8.3],[0,4.14],[0.99,1.21],[3.39,0],[128.77,0],[137.07,10.14],[137.1,10.12]]}],"t":0},{"o":{"x":0,"y":0},"i":{"x":0.58,"y":1},"s":[{"c":true,"i":[[0,0],[4.58,0],[0,0],[0,2.3],[-0.61,0.75],[-0.94,0],[0,0],[0,1.01],[0.82,0],[0,0],[0,2.3],[-0.61,0.75],[-0.94,0],[0,0],[0,-5.61],[0,0]],"o":[[0,5.59],[0,0],[-1.87,0],[0,-1.14],[0.61,-0.75],[0,0],[0.82,0],[0,-1.01],[0,0],[-1.87,0],[0,-1.14],[0.61,-0.75],[0,0],[4.58,0],[0,0],[0,0]],"v":[[137.1,10.12],[128.81,20.24],[3.43,20.24],[0.02,16.09],[1.01,13.15],[3.41,11.95],[118.72,11.95],[120.2,10.12],[118.72,8.3],[3.41,8.3],[0,4.14],[0.99,1.21],[3.39,0],[128.77,0],[137.07,10.14],[137.1,10.12]]}],"t":60},{"s":[{"c":true,"i":[[0,0],[4.58,0],[0,0],[0,2.3],[-0.61,0.75],[-0.94,0],[0,0],[0,1.01],[0.82,0],[0,0],[0,2.3],[-0.61,0.75],[-0.94,0],[0,0],[0,-5.61],[0,0]],"o":[[0,5.59],[0,0],[-1.87,0],[0,-1.14],[0.61,-0.75],[0,0],[0.82,0],[0,-1.01],[0,0],[-1.87,0],[0,-1.14],[0.61,-0.75],[0,0],[4.58,0],[0,0],[0,0]],"v":[[137.1,10.12],[128.81,20.24],[3.43,20.24],[0.02,16.09],[1.01,13.15],[3.41,11.95],[118.72,11.95],[120.2,10.12],[118.72,8.3],[3.41,8.3],[0,4.14],[0.99,1.21],[3.39,0],[128.77,0],[137.07,10.14],[137.1,10.12]]}],"t":120}]}},{"ty":"fl","bm":0,"hd":false,"nm":"","c":{"a":1,"k":[{"o":{"x":0,"y":0},"i":{"x":0.58,"y":1},"s":[0.8706,0.4667,0.4353],"t":0},{"o":{"x":0,"y":0},"i":{"x":0.58,"y":1},"s":[0.8706,0.4667,0.4353],"t":60},{"s":[0.8706,0.4667,0.4353],"t":120}]},"r":1,"o":{"a":1,"k":[{"o":{"x":0,"y":0},"i":{"x":0.58,"y":1},"s":[100],"t":0},{"o":{"x":0,"y":0},"i":{"x":0.58,"y":1},"s":[100],"t":60},{"s":[100],"t":120}]}}],"ind":7,"parent":2},{"ty":4,"nm":"Vector","sr":1,"st":0,"op":121,"ip":0,"hd":false,"ddd":0,"bm":0,"hasMask":false,"ao":0,"ks":{"a":{"a":1,"k":[{"o":{"x":0,"y":0},"i":{"x":0.58,"y":1},"s":[68.55,10.12],"t":0},{"o":{"x":0,"y":0},"i":{"x":0.58,"y":1},"s":[68.55,10.12],"t":60},{"s":[68.55,10.12],"t":120}]},"s":{"a":1,"k":[{"o":{"x":0,"y":0},"i":{"x":0.58,"y":1},"s":[100,100],"t":0},{"o":{"x":0,"y":0},"i":{"x":0.58,"y":1},"s":[100,100],"t":60},{"s":[100,100],"t":120}]},"sk":{"a":0,"k":0},"p":{"a":1,"k":[{"o":{"x":0,"y":0},"i":{"x":0.58,"y":1},"s":[68.55,70.87],"t":0},{"o":{"x":0,"y":0},"i":{"x":0.58,"y":1},"s":[68.55,70.87],"t":60},{"s":[68.55,70.87],"t":120}]},"r":{"a":1,"k":[{"o":{"x":0,"y":0},"i":{"x":0.58,"y":1},"s":[0],"t":0},{"o":{"x":0,"y":0},"i":{"x":0.58,"y":1},"s":[0],"t":60},{"s":[0],"t":120}]},"sa":{"a":0,"k":0},"o":{"a":1,"k":[{"o":{"x":0,"y":0},"i":{"x":0.58,"y":1},"s":[100],"t":0},{"o":{"x":0,"y":0},"i":{"x":0.58,"y":1},"s":[100],"t":60},{"s":[100],"t":120}]}},"shapes":[{"ty":"sh","bm":0,"hd":false,"nm":"","d":1,"ks":{"a":1,"k":[{"o":{"x":0,"y":0},"i":{"x":0.58,"y":1},"s":[{"c":true,"i":[[0,0],[4.58,0],[0,0],[0,2.3],[-0.61,0.75],[-0.94,0],[0,0],[0,1.01],[0.82,0],[0,0],[0,2.3],[-0.61,0.75],[-0.94,0],[0,0],[0,-5.61],[0,0]],"o":[[0,5.59],[0,0],[-1.87,0],[0,-1.14],[0.61,-0.75],[0,0],[0.82,0],[0,-1.01],[0,0],[-1.87,0],[0,-1.14],[0.61,-0.75],[0,0],[4.58,0],[0,0],[0,0]],"v":[[137.1,10.12],[128.81,20.24],[3.43,20.24],[0.02,16.09],[1.01,13.15],[3.41,11.95],[118.72,11.95],[120.2,10.12],[118.72,8.3],[3.41,8.3],[0,4.14],[0.99,1.21],[3.39,0],[128.77,0],[137.07,10.14],[137.1,10.12]]}],"t":0},{"o":{"x":0,"y":0},"i":{"x":0.58,"y":1},"s":[{"c":true,"i":[[0,0],[4.58,0],[0,0],[0,2.3],[-0.61,0.75],[-0.94,0],[0,0],[0,1.01],[0.82,0],[0,0],[0,2.3],[-0.61,0.75],[-0.94,0],[0,0],[0,-5.61],[0,0]],"o":[[0,5.59],[0,0],[-1.87,0],[0,-1.14],[0.61,-0.75],[0,0],[0.82,0],[0,-1.01],[0,0],[-1.87,0],[0,-1.14],[0.61,-0.75],[0,0],[4.58,0],[0,0],[0,0]],"v":[[137.1,10.12],[128.81,20.24],[3.43,20.24],[0.02,16.09],[1.01,13.15],[3.41,11.95],[118.72,11.95],[120.2,10.12],[118.72,8.3],[3.41,8.3],[0,4.14],[0.99,1.21],[3.39,0],[128.77,0],[137.07,10.14],[137.1,10.12]]}],"t":60},{"s":[{"c":true,"i":[[0,0],[4.58,0],[0,0],[0,2.3],[-0.61,0.75],[-0.94,0],[0,0],[0,1.01],[0.82,0],[0,0],[0,2.3],[-0.61,0.75],[-0.94,0],[0,0],[0,-5.61],[0,0]],"o":[[0,5.59],[0,0],[-1.87,0],[0,-1.14],[0.61,-0.75],[0,0],[0.82,0],[0,-1.01],[0,0],[-1.87,0],[0,-1.14],[0.61,-0.75],[0,0],[4.58,0],[0,0],[0,0]],"v":[[137.1,10.12],[128.81,20.24],[3.43,20.24],[0.02,16.09],[1.01,13.15],[3.41,11.95],[118.72,11.95],[120.2,10.12],[118.72,8.3],[3.41,8.3],[0,4.14],[0.99,1.21],[3.39,0],[128.77,0],[137.07,10.14],[137.1,10.12]]}],"t":120}]}},{"ty":"fl","bm":0,"hd":false,"nm":"","c":{"a":1,"k":[{"o":{"x":0,"y":0},"i":{"x":0.58,"y":1},"s":[0.1608,0.2589,0.2745],"t":0},{"o":{"x":0,"y":0},"i":{"x":0.58,"y":1},"s":[0.1608,0.2589,0.2745],"t":60},{"s":[0.1608,0.2589,0.2745],"t":120}]},"r":1,"o":{"a":1,"k":[{"o":{"x":0,"y":0},"i":{"x":0.58,"y":1},"s":[100],"t":0},{"o":{"x":0,"y":0},"i":{"x":0.58,"y":1},"s":[100],"t":60},{"s":[100],"t":120}]}}],"ind":8,"parent":2},{"ty":4,"nm":"Vector","sr":1,"st":0,"op":121,"ip":0,"hd":false,"ddd":0,"bm":0,"hasMask":false,"ao":0,"ks":{"a":{"a":1,"k":[{"o":{"x":0,"y":0},"i":{"x":0.58,"y":1},"s":[58.21,1.82],"t":0},{"o":{"x":0,"y":0},"i":{"x":0.58,"y":1},"s":[58.21,1.82],"t":60},{"s":[58.21,1.82],"t":120}]},"s":{"a":1,"k":[{"o":{"x":0,"y":0},"i":{"x":0.58,"y":1},"s":[100,100],"t":0},{"o":{"x":0,"y":0},"i":{"x":0.58,"y":1},"s":[100,100],"t":60},{"s":[100,100],"t":120}]},"sk":{"a":0,"k":0},"p":{"a":1,"k":[{"o":{"x":0,"y":0},"i":{"x":0.58,"y":1},"s":[62.03,70.87],"t":0},{"o":{"x":0,"y":0},"i":{"x":0.58,"y":1},"s":[62.03,70.87],"t":60},{"s":[62.03,70.87],"t":120}]},"r":{"a":1,"k":[{"o":{"x":0,"y":0},"i":{"x":0.58,"y":1},"s":[0],"t":0},{"o":{"x":0,"y":0},"i":{"x":0.58,"y":1},"s":[0],"t":60},{"s":[0],"t":120}]},"sa":{"a":0,"k":0},"o":{"a":1,"k":[{"o":{"x":0,"y":0},"i":{"x":0.58,"y":1},"s":[100],"t":0},{"o":{"x":0,"y":0},"i":{"x":0.58,"y":1},"s":[100],"t":60},{"s":[100],"t":120}]}},"shapes":[{"ty":"sh","bm":0,"hd":false,"nm":"","d":1,"ks":{"a":1,"k":[{"o":{"x":0,"y":0},"i":{"x":0.58,"y":1},"s":[{"c":true,"i":[[0,0],[0.82,0],[0,0],[0,0],[0,0],[0,-1.01]],"o":[[0,1.02],[0,0],[0,0],[0,0],[0.82,0],[0,0]],"v":[[116.42,1.82],[114.94,3.65],[0,3.65],[0,0],[114.94,0],[116.42,1.82]]}],"t":0},{"o":{"x":0,"y":0},"i":{"x":0.58,"y":1},"s":[{"c":true,"i":[[0,0],[0.82,0],[0,0],[0,0],[0,0],[0,-1.01]],"o":[[0,1.02],[0,0],[0,0],[0,0],[0.82,0],[0,0]],"v":[[116.42,1.82],[114.94,3.65],[0,3.65],[0,0],[114.94,0],[116.42,1.82]]}],"t":60},{"s":[{"c":true,"i":[[0,0],[0.82,0],[0,0],[0,0],[0,0],[0,-1.01]],"o":[[0,1.02],[0,0],[0,0],[0,0],[0.82,0],[0,0]],"v":[[116.42,1.82],[114.94,3.65],[0,3.65],[0,0],[114.94,0],[116.42,1.82]]}],"t":120}]}},{"ty":"fl","bm":0,"hd":false,"nm":"","c":{"a":1,"k":[{"o":{"x":0,"y":0},"i":{"x":0.58,"y":1},"s":[0.9255,0.9255,0.9255],"t":0},{"o":{"x":0,"y":0},"i":{"x":0.58,"y":1},"s":[0.9255,0.9255,0.9255],"t":60},{"s":[0.9255,0.9255,0.9255],"t":120}]},"r":1,"o":{"a":1,"k":[{"o":{"x":0,"y":0},"i":{"x":0.58,"y":1},"s":[100],"t":0},{"o":{"x":0,"y":0},"i":{"x":0.58,"y":1},"s":[100],"t":60},{"s":[100],"t":120}]}}],"ind":9,"parent":2},{"ty":4,"nm":"Vector","sr":1,"st":0,"op":121,"ip":0,"hd":false,"ddd":0,"bm":0,"hasMask":false,"ao":0,"ks":{"a":{"a":1,"k":[{"o":{"x":0,"y":0},"i":{"x":0.58,"y":1},"s":[68.55,10.12],"t":0},{"o":{"x":0,"y":0},"i":{"x":0.58,"y":1},"s":[68.55,10.12],"t":60},{"s":[68.55,10.12],"t":120}]},"s":{"a":1,"k":[{"o":{"x":0,"y":0},"i":{"x":0.58,"y":1},"s":[100,100],"t":0},{"o":{"x":0,"y":0},"i":{"x":0.58,"y":1},"s":[100,100],"t":60},{"s":[100,100],"t":120}]},"sk":{"a":0,"k":0},"p":{"a":1,"k":[{"o":{"x":0,"y":0},"i":{"x":0.58,"y":1},"s":[68.55,50.63],"t":0},{"o":{"x":0,"y":0},"i":{"x":0.58,"y":1},"s":[68.55,50.63],"t":60},{"s":[68.55,50.63],"t":120}]},"r":{"a":1,"k":[{"o":{"x":0,"y":0},"i":{"x":0.58,"y":1},"s":[0],"t":0},{"o":{"x":0,"y":0},"i":{"x":0.58,"y":1},"s":[0],"t":60},{"s":[0],"t":120}]},"sa":{"a":0,"k":0},"o":{"a":1,"k":[{"o":{"x":0,"y":0},"i":{"x":0.58,"y":1},"s":[100],"t":0},{"o":{"x":0,"y":0},"i":{"x":0.58,"y":1},"s":[100],"t":60},{"s":[100],"t":120}]}},"shapes":[{"ty":"sh","bm":0,"hd":false,"nm":"","d":1,"ks":{"a":1,"k":[{"o":{"x":0,"y":0},"i":{"x":0.58,"y":1},"s":[{"c":true,"i":[[0,0],[4.58,0],[0,0],[0,2.3],[-0.61,0.75],[-0.94,0],[0,0],[0,1.01],[0.82,0],[0,0],[0,2.3],[-0.61,0.75],[-0.94,0],[0,0],[0,-5.61],[0,0]],"o":[[0,5.59],[0,0],[-1.87,0],[0,-1.14],[0.61,-0.75],[0,0],[0.82,0],[0,-1.01],[0,0],[-1.87,0],[0,-1.14],[0.61,-0.75],[0,0],[4.58,0],[0,0],[0,0]],"v":[[137.1,10.12],[128.81,20.24],[3.43,20.24],[0.02,16.09],[1.01,13.15],[3.41,11.95],[118.72,11.95],[120.2,10.12],[118.72,8.3],[3.41,8.3],[0,4.14],[0.99,1.21],[3.39,0],[128.77,0],[137.07,10.14],[137.1,10.12]]}],"t":0},{"o":{"x":0,"y":0},"i":{"x":0.58,"y":1},"s":[{"c":true,"i":[[0,0],[4.58,0],[0,0],[0,2.3],[-0.61,0.75],[-0.94,0],[0,0],[0,1.01],[0.82,0],[0,0],[0,2.3],[-0.61,0.75],[-0.94,0],[0,0],[0,-5.61],[0,0]],"o":[[0,5.59],[0,0],[-1.87,0],[0,-1.14],[0.61,-0.75],[0,0],[0.82,0],[0,-1.01],[0,0],[-1.87,0],[0,-1.14],[0.61,-0.75],[0,0],[4.58,0],[0,0],[0,0]],"v":[[137.1,10.12],[128.81,20.24],[3.43,20.24],[0.02,16.09],[1.01,13.15],[3.41,11.95],[118.72,11.95],[120.2,10.12],[118.72,8.3],[3.41,8.3],[0,4.14],[0.99,1.21],[3.39,0],[128.77,0],[137.07,10.14],[137.1,10.12]]}],"t":60},{"s":[{"c":true,"i":[[0,0],[4.58,0],[0,0],[0,2.3],[-0.61,0.75],[-0.94,0],[0,0],[0,1.01],[0.82,0],[0,0],[0,2.3],[-0.61,0.75],[-0.94,0],[0,0],[0,-5.61],[0,0]],"o":[[0,5.59],[0,0],[-1.87,0],[0,-1.14],[0.61,-0.75],[0,0],[0.82,0],[0,-1.01],[0,0],[-1.87,0],[0,-1.14],[0.61,-0.75],[0,0],[4.58,0],[0,0],[0,0]],"v":[[137.1,10.12],[128.81,20.24],[3.43,20.24],[0.02,16.09],[1.01,13.15],[3.41,11.95],[118.72,11.95],[120.2,10.12],[118.72,8.3],[3.41,8.3],[0,4.14],[0.99,1.21],[3.39,0],[128.77,0],[137.07,10.14],[137.1,10.12]]}],"t":120}]}},{"ty":"fl","bm":0,"hd":false,"nm":"","c":{"a":1,"k":[{"o":{"x":0,"y":0},"i":{"x":0.58,"y":1},"s":[1,0.9922,0.9961],"t":0},{"o":{"x":0,"y":0},"i":{"x":0.58,"y":1},"s":[1,0.9922,0.9961],"t":60},{"s":[1,0.9922,0.9961],"t":120}]},"r":1,"o":{"a":1,"k":[{"o":{"x":0,"y":0},"i":{"x":0.58,"y":1},"s":[100],"t":0},{"o":{"x":0,"y":0},"i":{"x":0.58,"y":1},"s":[100],"t":60},{"s":[100],"t":120}]}}],"ind":10,"parent":2},{"ty":4,"nm":"Vector","sr":1,"st":0,"op":121,"ip":0,"hd":false,"ddd":0,"bm":0,"hasMask":false,"ao":0,"ks":{"a":{"a":1,"k":[{"o":{"x":0,"y":0},"i":{"x":0.58,"y":1},"s":[58.21,1.82],"t":0},{"o":{"x":0,"y":0},"i":{"x":0.58,"y":1},"s":[58.21,1.82],"t":60},{"s":[58.21,1.82],"t":120}]},"s":{"a":1,"k":[{"o":{"x":0,"y":0},"i":{"x":0.58,"y":1},"s":[100,100],"t":0},{"o":{"x":0,"y":0},"i":{"x":0.58,"y":1},"s":[100,100],"t":60},{"s":[100,100],"t":120}]},"sk":{"a":0,"k":0},"p":{"a":1,"k":[{"o":{"x":0,"y":0},"i":{"x":0.58,"y":1},"s":[62.03,50.61],"t":0},{"o":{"x":0,"y":0},"i":{"x":0.58,"y":1},"s":[62.03,50.61],"t":60},{"s":[62.03,50.61],"t":120}]},"r":{"a":1,"k":[{"o":{"x":0,"y":0},"i":{"x":0.58,"y":1},"s":[0],"t":0},{"o":{"x":0,"y":0},"i":{"x":0.58,"y":1},"s":[0],"t":60},{"s":[0],"t":120}]},"sa":{"a":0,"k":0},"o":{"a":1,"k":[{"o":{"x":0,"y":0},"i":{"x":0.58,"y":1},"s":[100],"t":0},{"o":{"x":0,"y":0},"i":{"x":0.58,"y":1},"s":[100],"t":60},{"s":[100],"t":120}]}},"shapes":[{"ty":"sh","bm":0,"hd":false,"nm":"","d":1,"ks":{"a":1,"k":[{"o":{"x":0,"y":0},"i":{"x":0.58,"y":1},"s":[{"c":true,"i":[[0,0],[0.82,0],[0,0],[0,0],[0,0],[0,-1.01]],"o":[[0,1.02],[0,0],[0,0],[0,0],[0.82,0],[0,0]],"v":[[116.42,1.82],[114.94,3.65],[0,3.65],[0,0],[114.94,0],[116.42,1.82]]}],"t":0},{"o":{"x":0,"y":0},"i":{"x":0.58,"y":1},"s":[{"c":true,"i":[[0,0],[0.82,0],[0,0],[0,0],[0,0],[0,-1.01]],"o":[[0,1.02],[0,0],[0,0],[0,0],[0.82,0],[0,0]],"v":[[116.42,1.82],[114.94,3.65],[0,3.65],[0,0],[114.94,0],[116.42,1.82]]}],"t":60},{"s":[{"c":true,"i":[[0,0],[0.82,0],[0,0],[0,0],[0,0],[0,-1.01]],"o":[[0,1.02],[0,0],[0,0],[0,0],[0.82,0],[0,0]],"v":[[116.42,1.82],[114.94,3.65],[0,3.65],[0,0],[114.94,0],[116.42,1.82]]}],"t":120}]}},{"ty":"fl","bm":0,"hd":false,"nm":"","c":{"a":1,"k":[{"o":{"x":0,"y":0},"i":{"x":0.58,"y":1},"s":[0.9255,0.9255,0.9255],"t":0},{"o":{"x":0,"y":0},"i":{"x":0.58,"y":1},"s":[0.9255,0.9255,0.9255],"t":60},{"s":[0.9255,0.9255,0.9255],"t":120}]},"r":1,"o":{"a":1,"k":[{"o":{"x":0,"y":0},"i":{"x":0.58,"y":1},"s":[100],"t":0},{"o":{"x":0,"y":0},"i":{"x":0.58,"y":1},"s":[100],"t":60},{"s":[100],"t":120}]}}],"ind":11,"parent":2},{"ty":4,"nm":"Vector","sr":1,"st":0,"op":121,"ip":0,"hd":false,"ddd":0,"bm":0,"hasMask":false,"ao":0,"ks":{"a":{"a":1,"k":[{"o":{"x":0,"y":0},"i":{"x":0.58,"y":1},"s":[68.54,10.12],"t":0},{"o":{"x":0,"y":0},"i":{"x":0.58,"y":1},"s":[68.54,10.12],"t":60},{"s":[68.54,10.12],"t":120}]},"s":{"a":1,"k":[{"o":{"x":0,"y":0},"i":{"x":0.58,"y":1},"s":[100,100],"t":0},{"o":{"x":0,"y":0},"i":{"x":0.58,"y":1},"s":[100,100],"t":60},{"s":[100,100],"t":120}]},"sk":{"a":0,"k":0},"p":{"a":1,"k":[{"o":{"x":0,"y":0},"i":{"x":0.58,"y":1},"s":[68.57,30.37],"t":0},{"o":{"x":0,"y":0},"i":{"x":0.58,"y":1},"s":[68.57,30.37],"t":60},{"s":[68.57,30.37],"t":120}]},"r":{"a":1,"k":[{"o":{"x":0,"y":0},"i":{"x":0.58,"y":1},"s":[0],"t":0},{"o":{"x":0,"y":0},"i":{"x":0.58,"y":1},"s":[0],"t":60},{"s":[0],"t":120}]},"sa":{"a":0,"k":0},"o":{"a":1,"k":[{"o":{"x":0,"y":0},"i":{"x":0.58,"y":1},"s":[100],"t":0},{"o":{"x":0,"y":0},"i":{"x":0.58,"y":1},"s":[100],"t":60},{"s":[100],"t":120}]}},"shapes":[{"ty":"sh","bm":0,"hd":false,"nm":"","d":1,"ks":{"a":1,"k":[{"o":{"x":0,"y":0},"i":{"x":0.58,"y":1},"s":[{"c":true,"i":[[0,0],[4.58,0],[0,0],[0,2.3],[-0.61,0.75],[-0.92,0],[0,0],[0,1.01],[0.8,0],[0,0],[0,2.3],[-0.61,0.75],[-0.92,0],[0,0],[-0.02,-5.57]],"o":[[0,5.61],[0,0],[-1.87,0],[0,-1.14],[0.63,-0.75],[0,0],[0.82,0],[0,-1.01],[0,0],[-1.87,0],[0,-1.14],[0.63,-0.75],[0,0],[4.57,0],[0,0]],"v":[[137.07,10.1],[128.77,20.24],[3.39,20.24],[0,16.09],[0.99,13.15],[3.39,11.95],[118.72,11.95],[120.2,10.12],[118.72,8.3],[3.39,8.3],[0,4.14],[0.99,1.21],[3.39,0],[128.77,0],[137.07,10.1]]}],"t":0},{"o":{"x":0,"y":0},"i":{"x":0.58,"y":1},"s":[{"c":true,"i":[[0,0],[4.58,0],[0,0],[0,2.3],[-0.61,0.75],[-0.92,0],[0,0],[0,1.01],[0.8,0],[0,0],[0,2.3],[-0.61,0.75],[-0.92,0],[0,0],[-0.02,-5.57]],"o":[[0,5.61],[0,0],[-1.87,0],[0,-1.14],[0.63,-0.75],[0,0],[0.82,0],[0,-1.01],[0,0],[-1.87,0],[0,-1.14],[0.63,-0.75],[0,0],[4.57,0],[0,0]],"v":[[137.07,10.1],[128.77,20.24],[3.39,20.24],[0,16.09],[0.99,13.15],[3.39,11.95],[118.72,11.95],[120.2,10.12],[118.72,8.3],[3.39,8.3],[0,4.14],[0.99,1.21],[3.39,0],[128.77,0],[137.07,10.1]]}],"t":60},{"s":[{"c":true,"i":[[0,0],[4.58,0],[0,0],[0,2.3],[-0.61,0.75],[-0.92,0],[0,0],[0,1.01],[0.8,0],[0,0],[0,2.3],[-0.61,0.75],[-0.92,0],[0,0],[-0.02,-5.57]],"o":[[0,5.61],[0,0],[-1.87,0],[0,-1.14],[0.63,-0.75],[0,0],[0.82,0],[0,-1.01],[0,0],[-1.87,0],[0,-1.14],[0.63,-0.75],[0,0],[4.57,0],[0,0]],"v":[[137.07,10.1],[128.77,20.24],[3.39,20.24],[0,16.09],[0.99,13.15],[3.39,11.95],[118.72,11.95],[120.2,10.12],[118.72,8.3],[3.39,8.3],[0,4.14],[0.99,1.21],[3.39,0],[128.77,0],[137.07,10.1]]}],"t":120}]}},{"ty":"fl","bm":0,"hd":false,"nm":"","c":{"a":1,"k":[{"o":{"x":0,"y":0},"i":{"x":0.58,"y":1},"s":[0.2275,0.353,0.3844],"t":0},{"o":{"x":0,"y":0},"i":{"x":0.58,"y":1},"s":[0.2275,0.353,0.3844],"t":60},{"s":[0.2275,0.353,0.3844],"t":120}]},"r":1,"o":{"a":1,"k":[{"o":{"x":0,"y":0},"i":{"x":0.58,"y":1},"s":[100],"t":0},{"o":{"x":0,"y":0},"i":{"x":0.58,"y":1},"s":[100],"t":60},{"s":[100],"t":120}]}}],"ind":12,"parent":2},{"ty":4,"nm":"Vector","sr":1,"st":0,"op":121,"ip":0,"hd":false,"ddd":0,"bm":0,"hasMask":false,"ao":0,"ks":{"a":{"a":1,"k":[{"o":{"x":0,"y":0},"i":{"x":0.58,"y":1},"s":[58.21,1.82],"t":0},{"o":{"x":0,"y":0},"i":{"x":0.58,"y":1},"s":[58.21,1.82],"t":60},{"s":[58.21,1.82],"t":120}]},"s":{"a":1,"k":[{"o":{"x":0,"y":0},"i":{"x":0.58,"y":1},"s":[100,100],"t":0},{"o":{"x":0,"y":0},"i":{"x":0.58,"y":1},"s":[100,100],"t":60},{"s":[100,100],"t":120}]},"sk":{"a":0,"k":0},"p":{"a":1,"k":[{"o":{"x":0,"y":0},"i":{"x":0.58,"y":1},"s":[62.03,30.37],"t":0},{"o":{"x":0,"y":0},"i":{"x":0.58,"y":1},"s":[62.03,30.37],"t":60},{"s":[62.03,30.37],"t":120}]},"r":{"a":1,"k":[{"o":{"x":0,"y":0},"i":{"x":0.58,"y":1},"s":[0],"t":0},{"o":{"x":0,"y":0},"i":{"x":0.58,"y":1},"s":[0],"t":60},{"s":[0],"t":120}]},"sa":{"a":0,"k":0},"o":{"a":1,"k":[{"o":{"x":0,"y":0},"i":{"x":0.58,"y":1},"s":[100],"t":0},{"o":{"x":0,"y":0},"i":{"x":0.58,"y":1},"s":[100],"t":60},{"s":[100],"t":120}]}},"shapes":[{"ty":"sh","bm":0,"hd":false,"nm":"","d":1,"ks":{"a":1,"k":[{"o":{"x":0,"y":0},"i":{"x":0.58,"y":1},"s":[{"c":true,"i":[[0,0],[0.82,0],[0,0],[0,0],[0,0],[0,-1.01]],"o":[[0,1.02],[0,0],[0,0],[0,0],[0.82,0],[0,0]],"v":[[116.42,1.82],[114.94,3.65],[0,3.65],[0,0],[114.94,0],[116.42,1.82]]}],"t":0},{"o":{"x":0,"y":0},"i":{"x":0.58,"y":1},"s":[{"c":true,"i":[[0,0],[0.82,0],[0,0],[0,0],[0,0],[0,-1.01]],"o":[[0,1.02],[0,0],[0,0],[0,0],[0.82,0],[0,0]],"v":[[116.42,1.82],[114.94,3.65],[0,3.65],[0,0],[114.94,0],[116.42,1.82]]}],"t":60},{"s":[{"c":true,"i":[[0,0],[0.82,0],[0,0],[0,0],[0,0],[0,-1.01]],"o":[[0,1.02],[0,0],[0,0],[0,0],[0.82,0],[0,0]],"v":[[116.42,1.82],[114.94,3.65],[0,3.65],[0,0],[114.94,0],[116.42,1.82]]}],"t":120}]}},{"ty":"fl","bm":0,"hd":false,"nm":"","c":{"a":1,"k":[{"o":{"x":0,"y":0},"i":{"x":0.58,"y":1},"s":[0.9255,0.9255,0.9255],"t":0},{"o":{"x":0,"y":0},"i":{"x":0.58,"y":1},"s":[0.9255,0.9255,0.9255],"t":60},{"s":[0.9255,0.9255,0.9255],"t":120}]},"r":1,"o":{"a":1,"k":[{"o":{"x":0,"y":0},"i":{"x":0.58,"y":1},"s":[100],"t":0},{"o":{"x":0,"y":0},"i":{"x":0.58,"y":1},"s":[100],"t":60},{"s":[100],"t":120}]}}],"ind":13,"parent":2},{"ty":4,"nm":"Vector","sr":1,"st":0,"op":121,"ip":0,"hd":false,"ddd":0,"bm":0,"hasMask":false,"ao":0,"ks":{"a":{"a":1,"k":[{"o":{"x":0,"y":0},"i":{"x":0.58,"y":1},"s":[68.55,10.12],"t":0},{"o":{"x":0,"y":0},"i":{"x":0.58,"y":1},"s":[68.55,10.12],"t":60},{"s":[68.55,10.12],"t":120}]},"s":{"a":1,"k":[{"o":{"x":0,"y":0},"i":{"x":0.58,"y":1},"s":[100,100],"t":0},{"o":{"x":0,"y":0},"i":{"x":0.58,"y":1},"s":[100,100],"t":60},{"s":[100,100],"t":120}]},"sk":{"a":0,"k":0},"p":{"a":1,"k":[{"o":{"x":0,"y":0},"i":{"x":0.58,"y":1},"s":[68.55,10.12],"t":0},{"o":{"x":0,"y":0},"i":{"x":0.58,"y":1},"s":[68.55,10.12],"t":60},{"s":[68.55,10.12],"t":120}]},"r":{"a":1,"k":[{"o":{"x":0,"y":0},"i":{"x":0.58,"y":1},"s":[0],"t":0},{"o":{"x":0,"y":0},"i":{"x":0.58,"y":1},"s":[0],"t":60},{"s":[0],"t":120}]},"sa":{"a":0,"k":0},"o":{"a":1,"k":[{"o":{"x":0,"y":0},"i":{"x":0.58,"y":1},"s":[100],"t":0},{"o":{"x":0,"y":0},"i":{"x":0.58,"y":1},"s":[100],"t":60},{"s":[100],"t":120}]}},"shapes":[{"ty":"sh","bm":0,"hd":false,"nm":"","d":1,"ks":{"a":1,"k":[{"o":{"x":0,"y":0},"i":{"x":0.58,"y":1},"s":[{"c":true,"i":[[0,0],[4.58,0],[0,0],[0,2.3],[-0.61,0.75],[-0.94,0],[0,0],[0,1.01],[0.82,0],[0,0],[0,2.3],[-0.61,0.75],[-0.94,0],[0,0],[0,-5.61],[0,0]],"o":[[0,5.59],[0,0],[-1.87,0],[0,-1.14],[0.61,-0.75],[0,0],[0.82,0],[0,-1.01],[0,0],[-1.87,0],[0,-1.14],[0.61,-0.75],[0,0],[4.58,0],[0,0],[0,0]],"v":[[137.1,10.12],[128.81,20.24],[3.43,20.24],[0.02,16.09],[1.01,13.15],[3.41,11.95],[118.72,11.95],[120.2,10.12],[118.72,8.3],[3.41,8.3],[0,4.14],[0.99,1.21],[3.39,0],[128.77,0],[137.07,10.14],[137.1,10.12]]}],"t":0},{"o":{"x":0,"y":0},"i":{"x":0.58,"y":1},"s":[{"c":true,"i":[[0,0],[4.58,0],[0,0],[0,2.3],[-0.61,0.75],[-0.94,0],[0,0],[0,1.01],[0.82,0],[0,0],[0,2.3],[-0.61,0.75],[-0.94,0],[0,0],[0,-5.61],[0,0]],"o":[[0,5.59],[0,0],[-1.87,0],[0,-1.14],[0.61,-0.75],[0,0],[0.82,0],[0,-1.01],[0,0],[-1.87,0],[0,-1.14],[0.61,-0.75],[0,0],[4.58,0],[0,0],[0,0]],"v":[[137.1,10.12],[128.81,20.24],[3.43,20.24],[0.02,16.09],[1.01,13.15],[3.41,11.95],[118.72,11.95],[120.2,10.12],[118.72,8.3],[3.41,8.3],[0,4.14],[0.99,1.21],[3.39,0],[128.77,0],[137.07,10.14],[137.1,10.12]]}],"t":60},{"s":[{"c":true,"i":[[0,0],[4.58,0],[0,0],[0,2.3],[-0.61,0.75],[-0.94,0],[0,0],[0,1.01],[0.82,0],[0,0],[0,2.3],[-0.61,0.75],[-0.94,0],[0,0],[0,-5.61],[0,0]],"o":[[0,5.59],[0,0],[-1.87,0],[0,-1.14],[0.61,-0.75],[0,0],[0.82,0],[0,-1.01],[0,0],[-1.87,0],[0,-1.14],[0.61,-0.75],[0,0],[4.58,0],[0,0],[0,0]],"v":[[137.1,10.12],[128.81,20.24],[3.43,20.24],[0.02,16.09],[1.01,13.15],[3.41,11.95],[118.72,11.95],[120.2,10.12],[118.72,8.3],[3.41,8.3],[0,4.14],[0.99,1.21],[3.39,0],[128.77,0],[137.07,10.14],[137.1,10.12]]}],"t":120}]}},{"ty":"fl","bm":0,"hd":false,"nm":"","c":{"a":1,"k":[{"o":{"x":0,"y":0},"i":{"x":0.58,"y":1},"s":[0.7647,0.3765,0.3451],"t":0},{"o":{"x":0,"y":0},"i":{"x":0.58,"y":1},"s":[0.7647,0.3765,0.3451],"t":60},{"s":[0.7647,0.3765,0.3451],"t":120}]},"r":1,"o":{"a":1,"k":[{"o":{"x":0,"y":0},"i":{"x":0.58,"y":1},"s":[100],"t":0},{"o":{"x":0,"y":0},"i":{"x":0.58,"y":1},"s":[100],"t":60},{"s":[100],"t":120}]}}],"ind":14,"parent":2},{"ty":4,"nm":"Vector","sr":1,"st":0,"op":121,"ip":0,"hd":false,"ddd":0,"bm":0,"hasMask":false,"ao":0,"ks":{"a":{"a":1,"k":[{"o":{"x":0,"y":0},"i":{"x":0.58,"y":1},"s":[58.21,1.82],"t":0},{"o":{"x":0,"y":0},"i":{"x":0.58,"y":1},"s":[58.21,1.82],"t":60},{"s":[58.21,1.82],"t":120}]},"s":{"a":1,"k":[{"o":{"x":0,"y":0},"i":{"x":0.58,"y":1},"s":[100,100],"t":0},{"o":{"x":0,"y":0},"i":{"x":0.58,"y":1},"s":[100,100],"t":60},{"s":[100,100],"t":120}]},"sk":{"a":0,"k":0},"p":{"a":1,"k":[{"o":{"x":0,"y":0},"i":{"x":0.58,"y":1},"s":[62.03,10.1],"t":0},{"o":{"x":0,"y":0},"i":{"x":0.58,"y":1},"s":[62.03,10.1],"t":60},{"s":[62.03,10.1],"t":120}]},"r":{"a":1,"k":[{"o":{"x":0,"y":0},"i":{"x":0.58,"y":1},"s":[0],"t":0},{"o":{"x":0,"y":0},"i":{"x":0.58,"y":1},"s":[0],"t":60},{"s":[0],"t":120}]},"sa":{"a":0,"k":0},"o":{"a":1,"k":[{"o":{"x":0,"y":0},"i":{"x":0.58,"y":1},"s":[100],"t":0},{"o":{"x":0,"y":0},"i":{"x":0.58,"y":1},"s":[100],"t":60},{"s":[100],"t":120}]}},"shapes":[{"ty":"sh","bm":0,"hd":false,"nm":"","d":1,"ks":{"a":1,"k":[{"o":{"x":0,"y":0},"i":{"x":0.58,"y":1},"s":[{"c":true,"i":[[0,0],[0.82,0],[0,0],[0,0],[0,0],[0,-1.01]],"o":[[0,1.02],[0,0],[0,0],[0,0],[0.82,0],[0,0]],"v":[[116.42,1.82],[114.94,3.65],[0,3.65],[0,0],[114.94,0],[116.42,1.82]]}],"t":0},{"o":{"x":0,"y":0},"i":{"x":0.58,"y":1},"s":[{"c":true,"i":[[0,0],[0.82,0],[0,0],[0,0],[0,0],[0,-1.01]],"o":[[0,1.02],[0,0],[0,0],[0,0],[0.82,0],[0,0]],"v":[[116.42,1.82],[114.94,3.65],[0,3.65],[0,0],[114.94,0],[116.42,1.82]]}],"t":60},{"s":[{"c":true,"i":[[0,0],[0.82,0],[0,0],[0,0],[0,0],[0,-1.01]],"o":[[0,1.02],[0,0],[0,0],[0,0],[0.82,0],[0,0]],"v":[[116.42,1.82],[114.94,3.65],[0,3.65],[0,0],[114.94,0],[116.42,1.82]]}],"t":120}]}},{"ty":"fl","bm":0,"hd":false,"nm":"","c":{"a":1,"k":[{"o":{"x":0,"y":0},"i":{"x":0.58,"y":1},"s":[0.9255,0.9255,0.9255],"t":0},{"o":{"x":0,"y":0},"i":{"x":0.58,"y":1},"s":[0.9255,0.9255,0.9255],"t":60},{"s":[0.9255,0.9255,0.9255],"t":120}]},"r":1,"o":{"a":1,"k":[{"o":{"x":0,"y":0},"i":{"x":0.58,"y":1},"s":[100],"t":0},{"o":{"x":0,"y":0},"i":{"x":0.58,"y":1},"s":[100],"t":60},{"s":[100],"t":120}]}}],"ind":15,"parent":2},{"ty":4,"nm":"Group","sr":1,"st":0,"op":121,"ip":0,"hd":false,"ddd":0,"bm":0,"hasMask":false,"ao":0,"ks":{"a":{"a":1,"k":[{"o":{"x":0,"y":0},"i":{"x":0.58,"y":1},"s":[86.3,106.58],"t":0},{"o":{"x":0,"y":0},"i":{"x":0.58,"y":1},"s":[86.3,131.58],"t":60},{"s":[86.3,106.58],"t":120}]},"s":{"a":1,"k":[{"o":{"x":0,"y":0},"i":{"x":0.58,"y":1},"s":[100,100],"t":0},{"o":{"x":0,"y":0},"i":{"x":0.58,"y":1},"s":[100,100],"t":60},{"s":[100,100],"t":120}]},"sk":{"a":0,"k":0},"p":{"a":1,"k":[{"o":{"x":0,"y":0},"i":{"x":0.58,"y":1},"s":[86.3,106.58],"t":0},{"o":{"x":0,"y":0},"i":{"x":0.58,"y":1},"s":[86.3,131.58],"t":60},{"s":[86.3,106.58],"t":120}]},"r":{"a":1,"k":[{"o":{"x":0,"y":0},"i":{"x":0.58,"y":1},"s":[0],"t":0},{"o":{"x":0,"y":0},"i":{"x":0.58,"y":1},"s":[0],"t":60},{"s":[0],"t":120}]},"sa":{"a":0,"k":0},"o":{"a":1,"k":[{"o":{"x":0,"y":0},"i":{"x":0.58,"y":1},"s":[100],"t":0},{"o":{"x":0,"y":0},"i":{"x":0.58,"y":1},"s":[100],"t":60},{"s":[100],"t":120}]}},"shapes":[],"ind":16,"parent":1},{"ty":4,"nm":"Vector","sr":1,"st":0,"op":121,"ip":0,"hd":false,"ddd":0,"bm":0,"hasMask":false,"ao":0,"ks":{"a":{"a":1,"k":[{"o":{"x":0,"y":0},"i":{"x":0.58,"y":1},"s":[1.74,51.76],"t":0},{"o":{"x":0,"y":0},"i":{"x":0.58,"y":1},"s":[1.74,51.76],"t":60},{"s":[1.74,51.76],"t":120}]},"s":{"a":1,"k":[{"o":{"x":0,"y":0},"i":{"x":0.58,"y":1},"s":[100,100],"t":0},{"o":{"x":0,"y":0},"i":{"x":0.58,"y":1},"s":[100,100],"t":60},{"s":[100,100],"t":120}]},"sk":{"a":0,"k":0},"p":{"a":1,"k":[{"o":{"x":0,"y":0},"i":{"x":0.58,"y":1},"s":[102.24,136.31],"t":0},{"o":{"x":0,"y":0},"i":{"x":0.58,"y":1},"s":[102.24,186.31],"t":60},{"s":[102.24,136.31],"t":120}]},"r":{"a":1,"k":[{"o":{"x":0,"y":0},"i":{"x":0.58,"y":1},"s":[0],"t":0},{"o":{"x":0,"y":0},"i":{"x":0.58,"y":1},"s":[0],"t":60},{"s":[0],"t":120}]},"sa":{"a":0,"k":0},"o":{"a":1,"k":[{"o":{"x":0,"y":0},"i":{"x":0.58,"y":1},"s":[100],"t":0},{"o":{"x":0,"y":0},"i":{"x":0.58,"y":1},"s":[100],"t":60},{"s":[100],"t":120}]}},"shapes":[{"ty":"sh","bm":0,"hd":false,"nm":"","d":1,"ks":{"a":1,"k":[{"o":{"x":0,"y":0},"i":{"x":0.58,"y":1},"s":[{"c":false,"i":[[0,0],[0,0]],"o":[[0,0],[0,0]],"v":[[0,103.52],[3.48,0]]}],"t":0},{"o":{"x":0,"y":0},"i":{"x":0.58,"y":1},"s":[{"c":false,"i":[[0,0],[0,0]],"o":[[0,0],[0,0]],"v":[[0,103.52],[3.48,0]]}],"t":60},{"s":[{"c":false,"i":[[0,0],[0,0]],"o":[[0,0],[0,0]],"v":[[0,103.52],[3.48,0]]}],"t":120}]}},{"ty":"st","bm":0,"hd":false,"nm":"","lc":2,"lj":1,"ml":10,"o":{"a":1,"k":[{"o":{"x":0,"y":0},"i":{"x":0.58,"y":1},"s":[100],"t":0},{"o":{"x":0,"y":0},"i":{"x":0.58,"y":1},"s":[100],"t":60},{"s":[100],"t":120}]},"w":{"a":1,"k":[{"o":{"x":0,"y":0},"i":{"x":0.58,"y":1},"s":[3],"t":0},{"o":{"x":0,"y":0},"i":{"x":0.58,"y":1},"s":[3],"t":60},{"s":[3],"t":120}]},"c":{"a":1,"k":[{"o":{"x":0,"y":0},"i":{"x":0.58,"y":1},"s":[0.1608,0.2589,0.2745],"t":0},{"o":{"x":0,"y":0},"i":{"x":0.58,"y":1},"s":[0.1608,0.2589,0.2745],"t":60},{"s":[0.1608,0.2589,0.2745],"t":120}]}}],"ind":17,"parent":16},{"ty":4,"nm":"Vector","sr":1,"st":0,"op":121,"ip":0,"hd":false,"ddd":0,"bm":0,"hasMask":false,"ao":0,"ks":{"a":{"a":1,"k":[{"o":{"x":0,"y":0},"i":{"x":0.58,"y":1},"s":[3.44,51.76],"t":0},{"o":{"x":0,"y":0},"i":{"x":0.58,"y":1},"s":[3.44,51.76],"t":60},{"s":[3.44,51.76],"t":120}]},"s":{"a":1,"k":[{"o":{"x":0,"y":0},"i":{"x":0.58,"y":1},"s":[100,100],"t":0},{"o":{"x":0,"y":0},"i":{"x":0.58,"y":1},"s":[100,100],"t":60},{"s":[100,100],"t":120}]},"sk":{"a":0,"k":0},"p":{"a":1,"k":[{"o":{"x":0,"y":0},"i":{"x":0.58,"y":1},"s":[117.58,136.31],"t":0},{"o":{"x":0,"y":0},"i":{"x":0.58,"y":1},"s":[117.58,186.31],"t":60},{"s":[117.58,136.31],"t":120}]},"r":{"a":1,"k":[{"o":{"x":0,"y":0},"i":{"x":0.58,"y":1},"s":[0],"t":0},{"o":{"x":0,"y":0},"i":{"x":0.58,"y":1},"s":[0],"t":60},{"s":[0],"t":120}]},"sa":{"a":0,"k":0},"o":{"a":1,"k":[{"o":{"x":0,"y":0},"i":{"x":0.58,"y":1},"s":[100],"t":0},{"o":{"x":0,"y":0},"i":{"x":0.58,"y":1},"s":[100],"t":60},{"s":[100],"t":120}]}},"shapes":[{"ty":"sh","bm":0,"hd":false,"nm":"","d":1,"ks":{"a":1,"k":[{"o":{"x":0,"y":0},"i":{"x":0.58,"y":1},"s":[{"c":false,"i":[[0,0],[0,0]],"o":[[0,0],[0,0]],"v":[[0,103.52],[6.88,0]]}],"t":0},{"o":{"x":0,"y":0},"i":{"x":0.58,"y":1},"s":[{"c":false,"i":[[0,0],[0,0]],"o":[[0,0],[0,0]],"v":[[0,103.52],[6.88,0]]}],"t":60},{"s":[{"c":false,"i":[[0,0],[0,0]],"o":[[0,0],[0,0]],"v":[[0,103.52],[6.88,0]]}],"t":120}]}},{"ty":"st","bm":0,"hd":false,"nm":"","lc":2,"lj":1,"ml":10,"o":{"a":1,"k":[{"o":{"x":0,"y":0},"i":{"x":0.58,"y":1},"s":[100],"t":0},{"o":{"x":0,"y":0},"i":{"x":0.58,"y":1},"s":[100],"t":60},{"s":[100],"t":120}]},"w":{"a":1,"k":[{"o":{"x":0,"y":0},"i":{"x":0.58,"y":1},"s":[3],"t":0},{"o":{"x":0,"y":0},"i":{"x":0.58,"y":1},"s":[3],"t":60},{"s":[3],"t":120}]},"c":{"a":1,"k":[{"o":{"x":0,"y":0},"i":{"x":0.58,"y":1},"s":[0.1608,0.2589,0.2745],"t":0},{"o":{"x":0,"y":0},"i":{"x":0.58,"y":1},"s":[0.1608,0.2589,0.2745],"t":60},{"s":[0.1608,0.2589,0.2745],"t":120}]}}],"ind":18,"parent":16},{"ty":4,"nm":"Vector","sr":1,"st":0,"op":121,"ip":0,"hd":false,"ddd":0,"bm":0,"hasMask":false,"ao":0,"ks":{"a":{"a":1,"k":[{"o":{"x":0,"y":0},"i":{"x":0.58,"y":1},"s":[3.44,51.76],"t":0},{"o":{"x":0,"y":0},"i":{"x":0.58,"y":1},"s":[3.44,51.76],"t":60},{"s":[3.44,51.76],"t":120}]},"s":{"a":1,"k":[{"o":{"x":0,"y":0},"i":{"x":0.58,"y":1},"s":[100,100],"t":0},{"o":{"x":0,"y":0},"i":{"x":0.58,"y":1},"s":[100,100],"t":60},{"s":[100,100],"t":120}]},"sk":{"a":0,"k":0},"p":{"a":1,"k":[{"o":{"x":0,"y":0},"i":{"x":0.58,"y":1},"s":[134.62,136.31],"t":0},{"o":{"x":0,"y":0},"i":{"x":0.58,"y":1},"s":[134.62,186.31],"t":60},{"s":[134.62,136.31],"t":120}]},"r":{"a":1,"k":[{"o":{"x":0,"y":0},"i":{"x":0.58,"y":1},"s":[0],"t":0},{"o":{"x":0,"y":0},"i":{"x":0.58,"y":1},"s":[0],"t":60},{"s":[0],"t":120}]},"sa":{"a":0,"k":0},"o":{"a":1,"k":[{"o":{"x":0,"y":0},"i":{"x":0.58,"y":1},"s":[100],"t":0},{"o":{"x":0,"y":0},"i":{"x":0.58,"y":1},"s":[100],"t":60},{"s":[100],"t":120}]}},"shapes":[{"ty":"sh","bm":0,"hd":false,"nm":"","d":1,"ks":{"a":1,"k":[{"o":{"x":0,"y":0},"i":{"x":0.58,"y":1},"s":[{"c":false,"i":[[0,0],[0,0]],"o":[[0,0],[0,0]],"v":[[0,103.52],[6.88,0]]}],"t":0},{"o":{"x":0,"y":0},"i":{"x":0.58,"y":1},"s":[{"c":false,"i":[[0,0],[0,0]],"o":[[0,0],[0,0]],"v":[[0,103.52],[6.88,0]]}],"t":60},{"s":[{"c":false,"i":[[0,0],[0,0]],"o":[[0,0],[0,0]],"v":[[0,103.52],[6.88,0]]}],"t":120}]}},{"ty":"st","bm":0,"hd":false,"nm":"","lc":2,"lj":1,"ml":10,"o":{"a":1,"k":[{"o":{"x":0,"y":0},"i":{"x":0.58,"y":1},"s":[100],"t":0},{"o":{"x":0,"y":0},"i":{"x":0.58,"y":1},"s":[100],"t":60},{"s":[100],"t":120}]},"w":{"a":1,"k":[{"o":{"x":0,"y":0},"i":{"x":0.58,"y":1},"s":[3],"t":0},{"o":{"x":0,"y":0},"i":{"x":0.58,"y":1},"s":[3],"t":60},{"s":[3],"t":120}]},"c":{"a":1,"k":[{"o":{"x":0,"y":0},"i":{"x":0.58,"y":1},"s":[0.1608,0.2589,0.2745],"t":0},{"o":{"x":0,"y":0},"i":{"x":0.58,"y":1},"s":[0.1608,0.2589,0.2745],"t":60},{"s":[0.1608,0.2589,0.2745],"t":120}]}}],"ind":19,"parent":16},{"ty":4,"nm":"Vector","sr":1,"st":0,"op":121,"ip":0,"hd":false,"ddd":0,"bm":0,"hasMask":false,"ao":0,"ks":{"a":{"a":1,"k":[{"o":{"x":0,"y":0},"i":{"x":0.58,"y":1},"s":[0.14,51.77],"t":0},{"o":{"x":0,"y":0},"i":{"x":0.58,"y":1},"s":[0.14,51.77],"t":60},{"s":[0.14,51.77],"t":120}]},"s":{"a":1,"k":[{"o":{"x":0,"y":0},"i":{"x":0.58,"y":1},"s":[100,100],"t":0},{"o":{"x":0,"y":0},"i":{"x":0.58,"y":1},"s":[100,100],"t":60},{"s":[100,100],"t":120}]},"sk":{"a":0,"k":0},"p":{"a":1,"k":[{"o":{"x":0,"y":0},"i":{"x":0.58,"y":1},"s":[86.93,136.58],"t":0},{"o":{"x":0,"y":0},"i":{"x":0.58,"y":1},"s":[86.93,186.58],"t":60},{"s":[86.93,136.58],"t":120}]},"r":{"a":1,"k":[{"o":{"x":0,"y":0},"i":{"x":0.58,"y":1},"s":[0],"t":0},{"o":{"x":0,"y":0},"i":{"x":0.58,"y":1},"s":[0],"t":60},{"s":[0],"t":120}]},"sa":{"a":0,"k":0},"o":{"a":1,"k":[{"o":{"x":0,"y":0},"i":{"x":0.58,"y":1},"s":[100],"t":0},{"o":{"x":0,"y":0},"i":{"x":0.58,"y":1},"s":[100],"t":60},{"s":[100],"t":120}]}},"shapes":[{"ty":"sh","bm":0,"hd":false,"nm":"","d":1,"ks":{"a":1,"k":[{"o":{"x":0,"y":0},"i":{"x":0.58,"y":1},"s":[{"c":false,"i":[[0,0],[0,0]],"o":[[0,0],[0,0]],"v":[[0,0],[0.29,103.54]]}],"t":0},{"o":{"x":0,"y":0},"i":{"x":0.58,"y":1},"s":[{"c":false,"i":[[0,0],[0,0]],"o":[[0,0],[0,0]],"v":[[0,0],[0.29,103.54]]}],"t":60},{"s":[{"c":false,"i":[[0,0],[0,0]],"o":[[0,0],[0,0]],"v":[[0,0],[0.29,103.54]]}],"t":120}]}},{"ty":"st","bm":0,"hd":false,"nm":"","lc":2,"lj":1,"ml":10,"o":{"a":1,"k":[{"o":{"x":0,"y":0},"i":{"x":0.58,"y":1},"s":[100],"t":0},{"o":{"x":0,"y":0},"i":{"x":0.58,"y":1},"s":[100],"t":60},{"s":[100],"t":120}]},"w":{"a":1,"k":[{"o":{"x":0,"y":0},"i":{"x":0.58,"y":1},"s":[3],"t":0},{"o":{"x":0,"y":0},"i":{"x":0.58,"y":1},"s":[3],"t":60},{"s":[3],"t":120}]},"c":{"a":1,"k":[{"o":{"x":0,"y":0},"i":{"x":0.58,"y":1},"s":[0.1608,0.2589,0.2745],"t":0},{"o":{"x":0,"y":0},"i":{"x":0.58,"y":1},"s":[0.1608,0.2589,0.2745],"t":60},{"s":[0.1608,0.2589,0.2745],"t":120}]}}],"ind":20,"parent":16},{"ty":4,"nm":"Vector","sr":1,"st":0,"op":121,"ip":0,"hd":false,"ddd":0,"bm":0,"hasMask":false,"ao":0,"ks":{"a":{"a":1,"k":[{"o":{"x":0,"y":0},"i":{"x":0.58,"y":1},"s":[1.74,51.77],"t":0},{"o":{"x":0,"y":0},"i":{"x":0.58,"y":1},"s":[1.74,51.77],"t":60},{"s":[1.74,51.77],"t":120}]},"s":{"a":1,"k":[{"o":{"x":0,"y":0},"i":{"x":0.58,"y":1},"s":[100,100],"t":0},{"o":{"x":0,"y":0},"i":{"x":0.58,"y":1},"s":[100,100],"t":60},{"s":[100,100],"t":120}]},"sk":{"a":0,"k":0},"p":{"a":1,"k":[{"o":{"x":0,"y":0},"i":{"x":0.58,"y":1},"s":[71.48,136.58],"t":0},{"o":{"x":0,"y":0},"i":{"x":0.58,"y":1},"s":[71.48,186.58],"t":60},{"s":[71.48,136.58],"t":120}]},"r":{"a":1,"k":[{"o":{"x":0,"y":0},"i":{"x":0.58,"y":1},"s":[0],"t":0},{"o":{"x":0,"y":0},"i":{"x":0.58,"y":1},"s":[0],"t":60},{"s":[0],"t":120}]},"sa":{"a":0,"k":0},"o":{"a":1,"k":[{"o":{"x":0,"y":0},"i":{"x":0.58,"y":1},"s":[100],"t":0},{"o":{"x":0,"y":0},"i":{"x":0.58,"y":1},"s":[100],"t":60},{"s":[100],"t":120}]}},"shapes":[{"ty":"sh","bm":0,"hd":false,"nm":"","d":1,"ks":{"a":1,"k":[{"o":{"x":0,"y":0},"i":{"x":0.58,"y":1},"s":[{"c":false,"i":[[0,0],[0,0]],"o":[[0,0],[0,0]],"v":[[0,0],[3.48,103.54]]}],"t":0},{"o":{"x":0,"y":0},"i":{"x":0.58,"y":1},"s":[{"c":false,"i":[[0,0],[0,0]],"o":[[0,0],[0,0]],"v":[[0,0],[3.48,103.54]]}],"t":60},{"s":[{"c":false,"i":[[0,0],[0,0]],"o":[[0,0],[0,0]],"v":[[0,0],[3.48,103.54]]}],"t":120}]}},{"ty":"st","bm":0,"hd":false,"nm":"","lc":2,"lj":1,"ml":10,"o":{"a":1,"k":[{"o":{"x":0,"y":0},"i":{"x":0.58,"y":1},"s":[100],"t":0},{"o":{"x":0,"y":0},"i":{"x":0.58,"y":1},"s":[100],"t":60},{"s":[100],"t":120}]},"w":{"a":1,"k":[{"o":{"x":0,"y":0},"i":{"x":0.58,"y":1},"s":[3],"t":0},{"o":{"x":0,"y":0},"i":{"x":0.58,"y":1},"s":[3],"t":60},{"s":[3],"t":120}]},"c":{"a":1,"k":[{"o":{"x":0,"y":0},"i":{"x":0.58,"y":1},"s":[0.1608,0.2589,0.2745],"t":0},{"o":{"x":0,"y":0},"i":{"x":0.58,"y":1},"s":[0.1608,0.2589,0.2745],"t":60},{"s":[0.1608,0.2589,0.2745],"t":120}]}}],"ind":21,"parent":16},{"ty":4,"nm":"Vector","sr":1,"st":0,"op":121,"ip":0,"hd":false,"ddd":0,"bm":0,"hasMask":false,"ao":0,"ks":{"a":{"a":1,"k":[{"o":{"x":0,"y":0},"i":{"x":0.58,"y":1},"s":[3.44,51.77],"t":0},{"o":{"x":0,"y":0},"i":{"x":0.58,"y":1},"s":[3.44,51.77],"t":60},{"s":[3.44,51.77],"t":120}]},"s":{"a":1,"k":[{"o":{"x":0,"y":0},"i":{"x":0.58,"y":1},"s":[100,100],"t":0},{"o":{"x":0,"y":0},"i":{"x":0.58,"y":1},"s":[100,100],"t":60},{"s":[100,100],"t":120}]},"sk":{"a":0,"k":0},"p":{"a":1,"k":[{"o":{"x":0,"y":0},"i":{"x":0.58,"y":1},"s":[56.15,136.58],"t":0},{"o":{"x":0,"y":0},"i":{"x":0.58,"y":1},"s":[56.15,186.58],"t":60},{"s":[56.15,136.58],"t":120}]},"r":{"a":1,"k":[{"o":{"x":0,"y":0},"i":{"x":0.58,"y":1},"s":[0],"t":0},{"o":{"x":0,"y":0},"i":{"x":0.58,"y":1},"s":[0],"t":60},{"s":[0],"t":120}]},"sa":{"a":0,"k":0},"o":{"a":1,"k":[{"o":{"x":0,"y":0},"i":{"x":0.58,"y":1},"s":[100],"t":0},{"o":{"x":0,"y":0},"i":{"x":0.58,"y":1},"s":[100],"t":60},{"s":[100],"t":120}]}},"shapes":[{"ty":"sh","bm":0,"hd":false,"nm":"","d":1,"ks":{"a":1,"k":[{"o":{"x":0,"y":0},"i":{"x":0.58,"y":1},"s":[{"c":false,"i":[[0,0],[0,0]],"o":[[0,0],[0,0]],"v":[[0,0],[6.88,103.54]]}],"t":0},{"o":{"x":0,"y":0},"i":{"x":0.58,"y":1},"s":[{"c":false,"i":[[0,0],[0,0]],"o":[[0,0],[0,0]],"v":[[0,0],[6.88,103.54]]}],"t":60},{"s":[{"c":false,"i":[[0,0],[0,0]],"o":[[0,0],[0,0]],"v":[[0,0],[6.88,103.54]]}],"t":120}]}},{"ty":"st","bm":0,"hd":false,"nm":"","lc":2,"lj":1,"ml":10,"o":{"a":1,"k":[{"o":{"x":0,"y":0},"i":{"x":0.58,"y":1},"s":[100],"t":0},{"o":{"x":0,"y":0},"i":{"x":0.58,"y":1},"s":[100],"t":60},{"s":[100],"t":120}]},"w":{"a":1,"k":[{"o":{"x":0,"y":0},"i":{"x":0.58,"y":1},"s":[3],"t":0},{"o":{"x":0,"y":0},"i":{"x":0.58,"y":1},"s":[3],"t":60},{"s":[3],"t":120}]},"c":{"a":1,"k":[{"o":{"x":0,"y":0},"i":{"x":0.58,"y":1},"s":[0.1608,0.2589,0.2745],"t":0},{"o":{"x":0,"y":0},"i":{"x":0.58,"y":1},"s":[0.1608,0.2589,0.2745],"t":60},{"s":[0.1608,0.2589,0.2745],"t":120}]}}],"ind":22,"parent":16},{"ty":4,"nm":"Vector","sr":1,"st":0,"op":121,"ip":0,"hd":false,"ddd":0,"bm":0,"hasMask":false,"ao":0,"ks":{"a":{"a":1,"k":[{"o":{"x":0,"y":0},"i":{"x":0.58,"y":1},"s":[3.44,51.77],"t":0},{"o":{"x":0,"y":0},"i":{"x":0.58,"y":1},"s":[3.44,51.77],"t":60},{"s":[3.44,51.77],"t":120}]},"s":{"a":1,"k":[{"o":{"x":0,"y":0},"i":{"x":0.58,"y":1},"s":[100,100],"t":0},{"o":{"x":0,"y":0},"i":{"x":0.58,"y":1},"s":[100,100],"t":60},{"s":[100,100],"t":120}]},"sk":{"a":0,"k":0},"p":{"a":1,"k":[{"o":{"x":0,"y":0},"i":{"x":0.58,"y":1},"s":[39.11,136.58],"t":0},{"o":{"x":0,"y":0},"i":{"x":0.58,"y":1},"s":[39.11,186.58],"t":60},{"s":[39.11,136.58],"t":120}]},"r":{"a":1,"k":[{"o":{"x":0,"y":0},"i":{"x":0.58,"y":1},"s":[0],"t":0},{"o":{"x":0,"y":0},"i":{"x":0.58,"y":1},"s":[0],"t":60},{"s":[0],"t":120}]},"sa":{"a":0,"k":0},"o":{"a":1,"k":[{"o":{"x":0,"y":0},"i":{"x":0.58,"y":1},"s":[100],"t":0},{"o":{"x":0,"y":0},"i":{"x":0.58,"y":1},"s":[100],"t":60},{"s":[100],"t":120}]}},"shapes":[{"ty":"sh","bm":0,"hd":false,"nm":"","d":1,"ks":{"a":1,"k":[{"o":{"x":0,"y":0},"i":{"x":0.58,"y":1},"s":[{"c":false,"i":[[0,0],[0,0]],"o":[[0,0],[0,0]],"v":[[0,0],[6.88,103.54]]}],"t":0},{"o":{"x":0,"y":0},"i":{"x":0.58,"y":1},"s":[{"c":false,"i":[[0,0],[0,0]],"o":[[0,0],[0,0]],"v":[[0,0],[6.88,103.54]]}],"t":60},{"s":[{"c":false,"i":[[0,0],[0,0]],"o":[[0,0],[0,0]],"v":[[0,0],[6.88,103.54]]}],"t":120}]}},{"ty":"st","bm":0,"hd":false,"nm":"","lc":2,"lj":1,"ml":10,"o":{"a":1,"k":[{"o":{"x":0,"y":0},"i":{"x":0.58,"y":1},"s":[100],"t":0},{"o":{"x":0,"y":0},"i":{"x":0.58,"y":1},"s":[100],"t":60},{"s":[100],"t":120}]},"w":{"a":1,"k":[{"o":{"x":0,"y":0},"i":{"x":0.58,"y":1},"s":[3],"t":0},{"o":{"x":0,"y":0},"i":{"x":0.58,"y":1},"s":[3],"t":60},{"s":[3],"t":120}]},"c":{"a":1,"k":[{"o":{"x":0,"y":0},"i":{"x":0.58,"y":1},"s":[0.1608,0.2589,0.2745],"t":0},{"o":{"x":0,"y":0},"i":{"x":0.58,"y":1},"s":[0.1608,0.2589,0.2745],"t":60},{"s":[0.1608,0.2589,0.2745],"t":120}]}}],"ind":23,"parent":16},{"ty":4,"nm":"Vector","sr":1,"st":0,"op":121,"ip":0,"hd":false,"ddd":0,"bm":0,"hasMask":false,"ao":0,"ks":{"a":{"a":1,"k":[{"o":{"x":0,"y":0},"i":{"x":0.58,"y":1},"s":[86.3,14.58],"t":0},{"o":{"x":0,"y":0},"i":{"x":0.58,"y":1},"s":[86.3,14.58],"t":60},{"s":[86.3,14.58],"t":120}]},"s":{"a":1,"k":[{"o":{"x":0,"y":0},"i":{"x":0.58,"y":1},"s":[100,100],"t":0},{"o":{"x":0,"y":0},"i":{"x":0.58,"y":1},"s":[100,100],"t":60},{"s":[100,100],"t":120}]},"sk":{"a":0,"k":0},"p":{"a":1,"k":[{"o":{"x":0,"y":0},"i":{"x":0.58,"y":1},"s":[86.3,50.99],"t":0},{"o":{"x":0,"y":0},"i":{"x":0.58,"y":1},"s":[86.3,100.99],"t":60},{"s":[86.3,50.99],"t":120}]},"r":{"a":1,"k":[{"o":{"x":0,"y":0},"i":{"x":0.58,"y":1},"s":[0],"t":0},{"o":{"x":0,"y":0},"i":{"x":0.58,"y":1},"s":[0],"t":60},{"s":[0],"t":120}]},"sa":{"a":0,"k":0},"o":{"a":1,"k":[{"o":{"x":0,"y":0},"i":{"x":0.58,"y":1},"s":[100],"t":0},{"o":{"x":0,"y":0},"i":{"x":0.58,"y":1},"s":[100],"t":60},{"s":[100],"t":120}]}},"shapes":[{"ty":"sh","bm":0,"hd":false,"nm":"","d":1,"ks":{"a":1,"k":[{"o":{"x":0,"y":0},"i":{"x":0.58,"y":1},"s":[{"c":true,"i":[[0,0],[0,0],[0,0],[9.41,0],[0,0],[0,9.41],[0,0]],"o":[[0,0],[0,0],[0,9.41],[0,0],[-9.41,0],[0,0],[0,0]],"v":[[0,0],[172.6,0],[172.6,12.12],[155.56,29.16],[17.04,29.16],[0,12.12],[0,0]]}],"t":0},{"o":{"x":0,"y":0},"i":{"x":0.58,"y":1},"s":[{"c":true,"i":[[0,0],[0,0],[0,0],[9.41,0],[0,0],[0,9.41],[0,0]],"o":[[0,0],[0,0],[0,9.41],[0,0],[-9.41,0],[0,0],[0,0]],"v":[[0,0],[172.6,0],[172.6,12.12],[155.56,29.16],[17.04,29.16],[0,12.12],[0,0]]}],"t":60},{"s":[{"c":true,"i":[[0,0],[0,0],[0,0],[9.41,0],[0,0],[0,9.41],[0,0]],"o":[[0,0],[0,0],[0,9.41],[0,0],[-9.41,0],[0,0],[0,0]],"v":[[0,0],[172.6,0],[172.6,12.12],[155.56,29.16],[17.04,29.16],[0,12.12],[0,0]]}],"t":120}]}},{"ty":"fl","bm":0,"hd":false,"nm":"","c":{"a":1,"k":[{"o":{"x":0,"y":0},"i":{"x":0.58,"y":1},"s":[0.2353,0.2353,0.2314],"t":0},{"o":{"x":0,"y":0},"i":{"x":0.58,"y":1},"s":[0.2353,0.2353,0.2314],"t":60},{"s":[0.2353,0.2353,0.2314],"t":120}]},"r":1,"o":{"a":1,"k":[{"o":{"x":0,"y":0},"i":{"x":0.58,"y":1},"s":[100],"t":0},{"o":{"x":0,"y":0},"i":{"x":0.58,"y":1},"s":[100],"t":60},{"s":[100],"t":120}]}}],"ind":24,"parent":16},{"ty":4,"nm":"Vector","sr":1,"st":0,"op":121,"ip":0,"hd":false,"ddd":0,"bm":0,"hasMask":false,"ao":0,"ks":{"a":{"a":1,"k":[{"o":{"x":0,"y":0},"i":{"x":0.58,"y":1},"s":[69.95,76.84],"t":0},{"o":{"x":0,"y":0},"i":{"x":0.58,"y":1},"s":[69.95,76.84],"t":60},{"s":[69.95,76.84],"t":120}]},"s":{"a":1,"k":[{"o":{"x":0,"y":0},"i":{"x":0.58,"y":1},"s":[100,100],"t":0},{"o":{"x":0,"y":0},"i":{"x":0.58,"y":1},"s":[100,100],"t":60},{"s":[100,100],"t":120}]},"sk":{"a":0,"k":0},"p":{"a":1,"k":[{"o":{"x":0,"y":0},"i":{"x":0.58,"y":1},"s":[86.89,136.31],"t":0},{"o":{"x":0,"y":0},"i":{"x":0.58,"y":1},"s":[86.89,186.31],"t":60},{"s":[86.89,136.31],"t":120}]},"r":{"a":1,"k":[{"o":{"x":0,"y":0},"i":{"x":0.58,"y":1},"s":[0],"t":0},{"o":{"x":0,"y":0},"i":{"x":0.58,"y":1},"s":[0],"t":60},{"s":[0],"t":120}]},"sa":{"a":0,"k":0},"o":{"a":1,"k":[{"o":{"x":0,"y":0},"i":{"x":0.58,"y":1},"s":[100],"t":0},{"o":{"x":0,"y":0},"i":{"x":0.58,"y":1},"s":[100],"t":60},{"s":[100],"t":120}]}},"shapes":[{"ty":"sh","bm":0,"hd":false,"nm":"","d":1,"ks":{"a":1,"k":[{"o":{"x":0,"y":0},"i":{"x":0.58,"y":1},"s":[{"c":true,"i":[[0,0],[0,0],[0.36,5.37],[0,0],[0,0],[0,0],[5.38,0],[0,0]],"o":[[0,0],[-5.38,0],[0,0],[0,0],[0,0],[-0.36,5.37],[0,0],[0,0]],"v":[[120.12,153.68],[19.8,153.68],[9.59,144.14],[0,0],[139.9,0],[130.31,144.14],[120.1,153.68],[120.12,153.68]]}],"t":0},{"o":{"x":0,"y":0},"i":{"x":0.58,"y":1},"s":[{"c":true,"i":[[0,0],[0,0],[0.36,5.37],[0,0],[0,0],[0,0],[5.38,0],[0,0]],"o":[[0,0],[-5.38,0],[0,0],[0,0],[0,0],[-0.36,5.37],[0,0],[0,0]],"v":[[120.12,153.68],[19.8,153.68],[9.59,144.14],[0,0],[139.9,0],[130.31,144.14],[120.1,153.68],[120.12,153.68]]}],"t":60},{"s":[{"c":true,"i":[[0,0],[0,0],[0.36,5.37],[0,0],[0,0],[0,0],[5.38,0],[0,0]],"o":[[0,0],[-5.38,0],[0,0],[0,0],[0,0],[-0.36,5.37],[0,0],[0,0]],"v":[[120.12,153.68],[19.8,153.68],[9.59,144.14],[0,0],[139.9,0],[130.31,144.14],[120.1,153.68],[120.12,153.68]]}],"t":120}]}},{"ty":"fl","bm":0,"hd":false,"nm":"","c":{"a":1,"k":[{"o":{"x":0,"y":0},"i":{"x":0.58,"y":1},"s":[0.3255,0.4745,0.4942],"t":0},{"o":{"x":0,"y":0},"i":{"x":0.58,"y":1},"s":[0.3255,0.4745,0.4942],"t":60},{"s":[0.3255,0.4745,0.4942],"t":120}]},"r":1,"o":{"a":1,"k":[{"o":{"x":0,"y":0},"i":{"x":0.58,"y":1},"s":[100],"t":0},{"o":{"x":0,"y":0},"i":{"x":0.58,"y":1},"s":[100],"t":60},{"s":[100],"t":120}]}}],"ind":25,"parent":16},{"ty":4,"nm":"Vector","sr":1,"st":0,"op":121,"ip":0,"hd":false,"ddd":0,"bm":0,"hasMask":false,"ao":0,"ks":{"a":{"a":1,"k":[{"o":{"x":0,"y":0},"i":{"x":0.58,"y":1},"s":[77.22,14.58],"t":0},{"o":{"x":0,"y":0},"i":{"x":0.58,"y":1},"s":[77.22,14.58],"t":60},{"s":[77.22,14.58],"t":120}]},"s":{"a":1,"k":[{"o":{"x":0,"y":0},"i":{"x":0.58,"y":1},"s":[100,100],"t":0},{"o":{"x":0,"y":0},"i":{"x":0.58,"y":1},"s":[100,100],"t":60},{"s":[100,100],"t":120}]},"sk":{"a":0,"k":0},"p":{"a":1,"k":[{"o":{"x":0,"y":0},"i":{"x":0.58,"y":1},"s":[86.3,25.41],"t":0},{"o":{"x":0,"y":0},"i":{"x":0.58,"y":1},"s":[86.3,25.42],"t":60},{"s":[86.3,25.41],"t":120}]},"r":{"a":1,"k":[{"o":{"x":0,"y":0},"i":{"x":0.58,"y":1},"s":[0],"t":0},{"o":{"x":0,"y":0},"i":{"x":0.58,"y":1},"s":[0],"t":60},{"s":[0],"t":120}]},"sa":{"a":0,"k":0},"o":{"a":1,"k":[{"o":{"x":0,"y":0},"i":{"x":0.58,"y":1},"s":[100],"t":0},{"o":{"x":0,"y":0},"i":{"x":0.58,"y":1},"s":[100],"t":60},{"s":[100],"t":120}]}},"shapes":[{"ty":"sh","bm":0,"hd":false,"nm":"","d":1,"ks":{"a":1,"k":[{"o":{"x":0,"y":0},"i":{"x":0.58,"y":1},"s":[{"c":true,"i":[[0,0],[0,0],[0,-8.89],[0,0],[0,0],[0,0],[-8.89,0]],"o":[[0,0],[8.89,0],[0,0],[0,0],[0,0],[0,-8.89],[0,0]],"v":[[16.12,0],[138.31,0],[154.43,16.12],[154.43,29.16],[0,29.16],[0,16.12],[16.12,0]]}],"t":0},{"o":{"x":0,"y":0},"i":{"x":0.58,"y":1},"s":[{"c":true,"i":[[0,0],[0,0],[0,-8.89],[0,0],[0,0],[0,0],[-8.89,0]],"o":[[0,0],[8.89,0],[0,0],[0,0],[0,0],[0,-8.89],[0,0]],"v":[[16.12,0],[138.31,0],[154.43,16.12],[154.43,29.16],[0,29.16],[0,16.12],[16.12,0]]}],"t":60},{"s":[{"c":true,"i":[[0,0],[0,0],[0,-8.89],[0,0],[0,0],[0,0],[-8.89,0]],"o":[[0,0],[8.89,0],[0,0],[0,0],[0,0],[0,-8.89],[0,0]],"v":[[16.12,0],[138.31,0],[154.43,16.12],[154.43,29.16],[0,29.16],[0,16.12],[16.12,0]]}],"t":120}]}},{"ty":"fl","bm":0,"hd":false,"nm":"","c":{"a":1,"k":[{"o":{"x":0,"y":0},"i":{"x":0.58,"y":1},"s":[0.3255,0.4745,0.4942],"t":0},{"o":{"x":0,"y":0},"i":{"x":0.58,"y":1},"s":[0.3255,0.4745,0.4942],"t":60},{"s":[0.3255,0.4745,0.4942],"t":120}]},"r":1,"o":{"a":1,"k":[{"o":{"x":0,"y":0},"i":{"x":0.58,"y":1},"s":[100],"t":0},{"o":{"x":0,"y":0},"i":{"x":0.58,"y":1},"s":[100],"t":60},{"s":[100],"t":120}]}}],"ind":26,"parent":16},{"ty":4,"nm":"Vector","sr":1,"st":0,"op":121,"ip":0,"hd":false,"ddd":0,"bm":0,"hasMask":false,"ao":0,"ks":{"a":{"a":1,"k":[{"o":{"x":0,"y":0},"i":{"x":0.58,"y":1},"s":[43.89,8.33],"t":0},{"o":{"x":0,"y":0},"i":{"x":0.58,"y":1},"s":[43.89,8.33],"t":60},{"s":[43.89,8.33],"t":120}]},"s":{"a":1,"k":[{"o":{"x":0,"y":0},"i":{"x":0.58,"y":1},"s":[100,100],"t":0},{"o":{"x":0,"y":0},"i":{"x":0.58,"y":1},"s":[100,100],"t":60},{"s":[100,100],"t":120}]},"sk":{"a":0,"k":0},"p":{"a":1,"k":[{"o":{"x":0,"y":0},"i":{"x":0.58,"y":1},"s":[87.08,8.33],"t":0},{"o":{"x":0,"y":0},"i":{"x":0.58,"y":1},"s":[87.08,8.33],"t":60},{"s":[87.08,8.33],"t":120}]},"r":{"a":1,"k":[{"o":{"x":0,"y":0},"i":{"x":0.58,"y":1},"s":[0],"t":0},{"o":{"x":0,"y":0},"i":{"x":0.58,"y":1},"s":[0],"t":60},{"s":[0],"t":120}]},"sa":{"a":0,"k":0},"o":{"a":1,"k":[{"o":{"x":0,"y":0},"i":{"x":0.58,"y":1},"s":[100],"t":0},{"o":{"x":0,"y":0},"i":{"x":0.58,"y":1},"s":[100],"t":60},{"s":[100],"t":120}]}},"shapes":[{"ty":"sh","bm":0,"hd":false,"nm":"","d":1,"ks":{"a":1,"k":[{"o":{"x":0,"y":0},"i":{"x":0.58,"y":1},"s":[{"c":false,"i":[[0,0],[-9.2,0],[0,0],[0,-9.2]],"o":[[0,-9.2],[0,0],[9.2,0],[0,0]],"v":[[0,16.67],[16.67,0],[71.11,0],[87.77,16.67]]}],"t":0},{"o":{"x":0,"y":0},"i":{"x":0.58,"y":1},"s":[{"c":false,"i":[[0,0],[-9.2,0],[0,0],[0,-9.2]],"o":[[0,-9.2],[0,0],[9.2,0],[0,0]],"v":[[0,16.67],[16.67,0],[71.11,0],[87.77,16.67]]}],"t":60},{"s":[{"c":false,"i":[[0,0],[-9.2,0],[0,0],[0,-9.2]],"o":[[0,-9.2],[0,0],[9.2,0],[0,0]],"v":[[0,16.67],[16.67,0],[71.11,0],[87.77,16.67]]}],"t":120}]}},{"ty":"st","bm":0,"hd":false,"nm":"","lc":1,"lj":1,"ml":10,"o":{"a":1,"k":[{"o":{"x":0,"y":0},"i":{"x":0.58,"y":1},"s":[100],"t":0},{"o":{"x":0,"y":0},"i":{"x":0.58,"y":1},"s":[100],"t":60},{"s":[100],"t":120}]},"w":{"a":1,"k":[{"o":{"x":0,"y":0},"i":{"x":0.58,"y":1},"s":[3],"t":0},{"o":{"x":0,"y":0},"i":{"x":0.58,"y":1},"s":[3],"t":60},{"s":[3],"t":120}]},"c":{"a":1,"k":[{"o":{"x":0,"y":0},"i":{"x":0.58,"y":1},"s":[0.2353,0.2353,0.2314],"t":0},{"o":{"x":0,"y":0},"i":{"x":0.58,"y":1},"s":[0.2353,0.2353,0.2314],"t":60},{"s":[0.2353,0.2353,0.2314],"t":120}]}}],"ind":27,"parent":16},{"ty":4,"nm":"Vector","sr":1,"st":0,"op":121,"ip":0,"hd":false,"ddd":0,"bm":0,"hasMask":false,"ao":0,"ks":{"a":{"a":1,"k":[{"o":{"x":0,"y":0},"i":{"x":0.58,"y":1},"s":[49.3,12.97],"t":0},{"o":{"x":0,"y":0},"i":{"x":0.58,"y":1},"s":[49.3,12.97],"t":60},{"s":[49.3,12.97],"t":120}]},"s":{"a":1,"k":[{"o":{"x":0,"y":0},"i":{"x":0.58,"y":1},"s":[100,100],"t":0},{"o":{"x":0,"y":0},"i":{"x":0.58,"y":1},"s":[100,100],"t":60},{"s":[100,100],"t":120}]},"sk":{"a":0,"k":0},"p":{"a":1,"k":[{"o":{"x":0,"y":0},"i":{"x":0.58,"y":1},"s":[92.17,41.34],"t":0},{"o":{"x":0,"y":0},"i":{"x":0.58,"y":1},"s":[92.17,91.34],"t":60},{"s":[92.17,41.34],"t":120}]},"r":{"a":1,"k":[{"o":{"x":0,"y":0},"i":{"x":0.58,"y":1},"s":[0],"t":0},{"o":{"x":0,"y":0},"i":{"x":0.58,"y":1},"s":[0],"t":60},{"s":[0],"t":120}]},"sa":{"a":0,"k":0},"o":{"a":1,"k":[{"o":{"x":0,"y":0},"i":{"x":0.58,"y":1},"s":[100],"t":0},{"o":{"x":0,"y":0},"i":{"x":0.58,"y":1},"s":[100],"t":60},{"s":[100],"t":120}]}},"shapes":[{"ty":"sh","bm":0,"hd":false,"nm":"","d":1,"ks":{"a":1,"k":[{"o":{"x":0,"y":0},"i":{"x":0.58,"y":1},"s":[{"c":true,"i":[[0,0],[0,0],[-10.89,6.05],[-6.1,0],[-5.86,-8.33]],"o":[[0,0],[5.09,-3.94],[8.11,-4.53],[27.95,0],[0,0]],"v":[[98.59,25.93],[0,25.93],[26.67,8.01],[49.11,0],[98.59,25.93]]}],"t":0},{"o":{"x":0,"y":0},"i":{"x":0.58,"y":1},"s":[{"c":true,"i":[[0,0],[0,0],[-10.89,6.05],[-6.1,0],[-5.86,-8.33]],"o":[[0,0],[5.09,-3.94],[8.11,-4.53],[27.95,0],[0,0]],"v":[[98.59,25.93],[0,25.93],[26.67,8.01],[49.11,0],[98.59,25.93]]}],"t":60},{"s":[{"c":true,"i":[[0,0],[0,0],[-10.89,6.05],[-6.1,0],[-5.86,-8.33]],"o":[[0,0],[5.09,-3.94],[8.11,-4.53],[27.95,0],[0,0]],"v":[[98.59,25.93],[0,25.93],[26.67,8.01],[49.11,0],[98.59,25.93]]}],"t":120}]}},{"ty":"fl","bm":0,"hd":false,"nm":"","c":{"a":1,"k":[{"o":{"x":0,"y":0},"i":{"x":0.58,"y":1},"s":[0.6471,0.6432,0.6432],"t":0},{"o":{"x":0,"y":0},"i":{"x":0.58,"y":1},"s":[0.6471,0.6432,0.6432],"t":60},{"s":[0.6471,0.6432,0.6432],"t":120}]},"r":1,"o":{"a":1,"k":[{"o":{"x":0,"y":0},"i":{"x":0.58,"y":1},"s":[100],"t":0},{"o":{"x":0,"y":0},"i":{"x":0.58,"y":1},"s":[100],"t":60},{"s":[100],"t":120}]}}],"ind":28,"parent":16},{"ty":4,"nm":"Vector","sr":1,"st":0,"op":121,"ip":0,"hd":false,"ddd":0,"bm":0,"hasMask":false,"ao":0,"ks":{"a":{"a":1,"k":[{"o":{"x":0,"y":0},"i":{"x":0.58,"y":1},"s":[58.85,20.29],"t":0},{"o":{"x":0,"y":0},"i":{"x":0.58,"y":1},"s":[58.85,20.29],"t":60},{"s":[58.85,20.29],"t":120}]},"s":{"a":1,"k":[{"o":{"x":0,"y":0},"i":{"x":0.58,"y":1},"s":[100,100],"t":0},{"o":{"x":0,"y":0},"i":{"x":0.58,"y":1},"s":[100,100],"t":60},{"s":[100,100],"t":120}]},"sk":{"a":0,"k":0},"p":{"a":1,"k":[{"o":{"x":0,"y":0},"i":{"x":0.58,"y":1},"s":[92.81,34.01],"t":0},{"o":{"x":0,"y":0},"i":{"x":0.58,"y":1},"s":[92.81,84.01],"t":60},{"s":[92.81,34.01],"t":120}]},"r":{"a":1,"k":[{"o":{"x":0,"y":0},"i":{"x":0.58,"y":1},"s":[0],"t":0},{"o":{"x":0,"y":0},"i":{"x":0.58,"y":1},"s":[0],"t":60},{"s":[0],"t":120}]},"sa":{"a":0,"k":0},"o":{"a":1,"k":[{"o":{"x":0,"y":0},"i":{"x":0.58,"y":1},"s":[100],"t":0},{"o":{"x":0,"y":0},"i":{"x":0.58,"y":1},"s":[100],"t":60},{"s":[100],"t":120}]}},"shapes":[{"ty":"sh","bm":0,"hd":false,"nm":"","d":1,"ks":{"a":1,"k":[{"o":{"x":0,"y":0},"i":{"x":0.58,"y":1},"s":[{"c":true,"i":[[0,0],[0,0],[0,0],[0,0],[0,0]],"o":[[0,0],[0,0],[0,0],[0,0],[0,0]],"v":[[117.7,40.59],[0,40.59],[29.8,20.06],[58.92,0],[117.7,40.59]]}],"t":0},{"o":{"x":0,"y":0},"i":{"x":0.58,"y":1},"s":[{"c":true,"i":[[0,0],[0,0],[0,0],[0,0],[0,0]],"o":[[0,0],[0,0],[0,0],[0,0],[0,0]],"v":[[117.7,40.59],[0,40.59],[29.8,20.06],[58.92,0],[117.7,40.59]]}],"t":60},{"s":[{"c":true,"i":[[0,0],[0,0],[0,0],[0,0],[0,0]],"o":[[0,0],[0,0],[0,0],[0,0],[0,0]],"v":[[117.7,40.59],[0,40.59],[29.8,20.06],[58.92,0],[117.7,40.59]]}],"t":120}]}},{"ty":"fl","bm":0,"hd":false,"nm":"","c":{"a":1,"k":[{"o":{"x":0,"y":0},"i":{"x":0.58,"y":1},"s":[0.9255,0.9255,0.9255],"t":0},{"o":{"x":0,"y":0},"i":{"x":0.58,"y":1},"s":[0.9255,0.9255,0.9255],"t":60},{"s":[0.9255,0.9255,0.9255],"t":120}]},"r":1,"o":{"a":1,"k":[{"o":{"x":0,"y":0},"i":{"x":0.58,"y":1},"s":[100],"t":0},{"o":{"x":0,"y":0},"i":{"x":0.58,"y":1},"s":[100],"t":60},{"s":[100],"t":120}]}}],"ind":29,"parent":16},{"ty":4,"nm":"Vector","sr":1,"st":0,"op":121,"ip":0,"hd":false,"ddd":0,"bm":0,"hasMask":false,"ao":0,"ks":{"a":{"a":1,"k":[{"o":{"x":0,"y":0},"i":{"x":0.58,"y":1},"s":[20.85,17.7],"t":0},{"o":{"x":0,"y":0},"i":{"x":0.58,"y":1},"s":[20.85,17.7],"t":60},{"s":[20.85,17.7],"t":120}]},"s":{"a":1,"k":[{"o":{"x":0,"y":0},"i":{"x":0.58,"y":1},"s":[100,100],"t":0},{"o":{"x":0,"y":0},"i":{"x":0.58,"y":1},"s":[100,100],"t":60},{"s":[100,100],"t":120}]},"sk":{"a":0,"k":0},"p":{"a":1,"k":[{"o":{"x":0,"y":0},"i":{"x":0.58,"y":1},"s":[42.92,36.61],"t":0},{"o":{"x":0,"y":0},"i":{"x":0.58,"y":1},"s":[42.92,86.61],"t":60},{"s":[42.92,36.61],"t":120}]},"r":{"a":1,"k":[{"o":{"x":0,"y":0},"i":{"x":0.58,"y":1},"s":[0],"t":0},{"o":{"x":0,"y":0},"i":{"x":0.58,"y":1},"s":[0],"t":60},{"s":[0],"t":120}]},"sa":{"a":0,"k":0},"o":{"a":1,"k":[{"o":{"x":0,"y":0},"i":{"x":0.58,"y":1},"s":[100],"t":0},{"o":{"x":0,"y":0},"i":{"x":0.58,"y":1},"s":[100],"t":60},{"s":[100],"t":120}]}},"shapes":[{"ty":"sh","bm":0,"hd":false,"nm":"","d":1,"ks":{"a":1,"k":[{"o":{"x":0,"y":0},"i":{"x":0.58,"y":1},"s":[{"c":true,"i":[[0,0],[0,0],[0,0],[0,0],[0,0]],"o":[[0,0],[0,0],[0,0],[0,0],[0,0]],"v":[[41.7,14.86],[11.89,35.39],[0,35.39],[8.55,0],[41.7,14.86]]}],"t":0},{"o":{"x":0,"y":0},"i":{"x":0.58,"y":1},"s":[{"c":true,"i":[[0,0],[0,0],[0,0],[0,0],[0,0]],"o":[[0,0],[0,0],[0,0],[0,0],[0,0]],"v":[[41.7,14.86],[11.89,35.39],[0,35.39],[8.55,0],[41.7,14.86]]}],"t":60},{"s":[{"c":true,"i":[[0,0],[0,0],[0,0],[0,0],[0,0]],"o":[[0,0],[0,0],[0,0],[0,0],[0,0]],"v":[[41.7,14.86],[11.89,35.39],[0,35.39],[8.55,0],[41.7,14.86]]}],"t":120}]}},{"ty":"fl","bm":0,"hd":false,"nm":"","c":{"a":1,"k":[{"o":{"x":0,"y":0},"i":{"x":0.58,"y":1},"s":[0.6471,0.6432,0.6432],"t":0},{"o":{"x":0,"y":0},"i":{"x":0.58,"y":1},"s":[0.6471,0.6432,0.6432],"t":60},{"s":[0.6471,0.6432,0.6432],"t":120}]},"r":1,"o":{"a":1,"k":[{"o":{"x":0,"y":0},"i":{"x":0.58,"y":1},"s":[100],"t":0},{"o":{"x":0,"y":0},"i":{"x":0.58,"y":1},"s":[100],"t":60},{"s":[100],"t":120}]}}],"ind":30,"parent":16}],"v":"5.7.0","fr":60,"op":120,"ip":0,"assets":[]}